"Identificador URL";Nome;Categorias;"Nome da variação 1";"Valor da variação 1";"Nome da variação 2";"Valor da variação 2";"Nome da variação 3";"Valor da variação 3";Preço;"Preço promocional";"Peso (kg)";"Altura (cm)";"Largura (cm)";"Comprimento (cm)";"Estoque (720x | O máximo em arco e flecha.)";"Estoque (Depósito)";SKU;"Código de barras";"Exibir na loja";"Frete gratis";Descrição;Tags;"Título para SEO";"Descrição para SEO";Marca;"Produto Físico";"MPN (Cód. Exclusivo Modelo Fabricante)";Sexo;"Faixa etária";Custo
astralv2;"Riser ILF Astral V2";"Arcos > Arcos recurvos > Punhos";Cor;Azul;Orientação;"Canhoto (LH)";;;1,150.00;;1.31;7.00;21.00;90.00;0;ND;CORASTRIS2;6426037738725;SIM;NÃO;;"arco, Core, ILF, iniciante, riser";"Riser Astral V2 25"" para Arco Recurvo";"Riser ILF Astral V2 25"": um arco ideal para iniciantes e intermediários, acessível e confiável. Perfeito para arqueiros se iniciando no esporte e para clubes. Garanta o seu e evolua no tiro com arco!";Core;SIM;CO-R10-R-BLK;Unissex;;
astralv2;;;Cor;Azul;Orientação;"Destro (RH)";;;1,150.00;;1.31;7.00;21.00;90.00;2;ND;CORASTRIS2;6426037738725;;;;;;;;;CO-R10-R-BLK;Unissex;;
astralv2;;;Cor;Branco;Orientação;"Canhoto (LH)";;;1,150.00;;1.31;7.00;21.00;90.00;2;ND;CORASTRIS2;6426037738725;;;;;;;;;CO-R10-R-BLK;Unissex;;
astralv2;;;Cor;Branco;Orientação;"Destro (RH)";;;1,150.00;;1.31;7.00;21.00;90.00;1;ND;CORASTRIS2;6426037738725;;;;;;;;;CO-R10-R-BLK;Unissex;;
astralv2;;;Cor;Preto;Orientação;"Canhoto (LH)";;;1,150.00;;1.31;7.00;21.00;90.00;0;ND;CORASTRIS2;6426037738725;;;;;;;;;CO-R10-R-BLK;Unissex;;
astralv2;;;Cor;Preto;Orientação;"Destro (RH)";;;1,150.00;;1.31;7.00;21.00;90.00;2;ND;CORASTRIS2;6426037738725;;;;;;;;;CO-R10-R-BLK;Unissex;;
astralv2;;;Cor;Roxo;Orientação;"Canhoto (LH)";;;1,150.00;;1.31;7.00;21.00;90.00;2;ND;CORASTRIS2;6426037738725;;;;;;;;;CO-R10-R-BLK;Unissex;;
astralv2;;;Cor;Roxo;Orientação;"Destro (RH)";;;1,150.00;;1.31;7.00;21.00;90.00;2;ND;CORASTRIS2;6426037738725;;;;;;;;;CO-R10-R-BLK;Unissex;;
astralv2;;;Cor;Vermelho;Orientação;"Canhoto (LH)";;;1,150.00;;1.31;7.00;21.00;90.00;0;ND;CORASTRIS2;6426037738725;;;;;;;;;CO-R10-R-BLK;Unissex;;
astralv2;;;Cor;Vermelho;Orientação;"Destro (RH)";;;1,150.00;;1.31;7.00;21.00;90.00;2;ND;CORASTRIS2;6426037738725;;;;;;;;;CO-R10-R-BLK;Unissex;;
astralv2;;;Cor;"Azul claro";Orientação;"Canhoto (LH)";;;1,150.00;;1.31;7.00;21.00;90.00;2;ND;CORASTRIS2;6426037738725;;;;;;;;;CO-R10-R-BLK;Unissex;;
astralv2;;;Cor;"Azul claro";Orientação;"Destro (RH)";;;1,150.00;;1.31;7.00;21.00;90.00;2;ND;CORASTRIS2;6426037738725;;;;;;;;;CO-R10-R-BLK;Unissex;;
astralv2;;;Cor;Bege;Orientação;"Canhoto (LH)";;;1,150.00;;1.31;7.00;21.00;90.00;2;ND;CORASTRIS2;6426037738725;;;;;;;;;CO-R10-R-BLK;Unissex;;
astralv2;;;Cor;Bege;Orientação;"Destro (RH)";;;1,150.00;;1.31;7.00;21.00;90.00;1;ND;CORASTRIS2;6426037738725;;;;;;;;;CO-R10-R-BLK;Unissex;;
astralv2;;;Cor;Cinza;Orientação;"Canhoto (LH)";;;1,150.00;;1.31;7.00;21.00;90.00;0;ND;CORASTRIS2;6426037738725;;;;;;;;;CO-R10-R-BLK;Unissex;;
astralv2;;;Cor;Cinza;Orientação;"Destro (RH)";;;1,150.00;;1.31;7.00;21.00;90.00;2;ND;CORASTRIS2;6426037738725;;;;;;;;;CO-R10-R-BLK;Unissex;;
astralv2;;;Cor;Marrom;Orientação;"Canhoto (LH)";;;1,150.00;;1.31;7.00;21.00;90.00;2;ND;CORASTRIS2;6426037738725;;;;;;;;;CO-R10-R-BLK;Unissex;;
astralv2;;;Cor;Marrom;Orientação;"Destro (RH)";;;1,150.00;;1.31;7.00;21.00;90.00;2;ND;CORASTRIS2;6426037738725;;;;;;;;;CO-R10-R-BLK;Unissex;;
astralv2;;;Cor;Verde;Orientação;"Canhoto (LH)";;;1,150.00;;1.31;7.00;21.00;90.00;1;ND;CORASTRIS2;6426037738725;;;;;;;;;CO-R10-R-BLK;Unissex;;
astralv2;;;Cor;Verde;Orientação;"Destro (RH)";;;1,150.00;;1.31;7.00;21.00;90.00;0;ND;CORASTRIS2;6426037738725;;;;;;;;;CO-R10-R-BLK;Unissex;;
astralv2;;;Cor;Rosa;Orientação;"Canhoto (LH)";;;1,150.00;;1.31;7.00;21.00;90.00;1;ND;CORASTRIS2;6426037738725;;;;;;;;;CO-R10-R-BLK;Unissex;;
astralv2;;;Cor;Rosa;Orientação;"Destro (RH)";;;1,150.00;;1.31;7.00;21.00;90.00;1;ND;CORASTRIS2;6426037738725;;;;;;;;;CO-R10-R-BLK;Unissex;;
astralv2;;;Cor;"Verde escuro";Orientação;"Canhoto (LH)";;;1,150.00;;1.31;7.00;21.00;90.00;0;ND;CORASTRIS2;6426037738725;;;;;;;;;CO-R10-R-BLK;Unissex;;
astralv2;;;Cor;"Verde escuro";Orientação;"Destro (RH)";;;1,150.00;;1.31;7.00;21.00;90.00;2;ND;CORASTRIS2;6426037738725;;;;;;;;;CO-R10-R-BLK;Unissex;;
bone-720x-brinde-m5ukr;"Boné 720x - Brinde";;;;;;;;0.00;;0.15;12.00;18.00;20.00;170;ND;;;NÃO;NÃO;;;;;;SIM;;;;
viseira-720x-brinde-qsdbn;"Viseira 720x - Brinde";;;;;;;;0.00;;0.07;7.00;25.00;20.00;;ND;;;NÃO;NÃO;;;;;;SIM;;;;
bone-720x;"Boné 720x";"Roupas e acessórios > Bonés";;;;;;;66.00;;0.15;10.00;18.00;20.00;376;ND;;;SIM;NÃO;;"720x, bone, vestuario";"Boné 720x esportivo com bordado exclusivo";"Boné 720x estruturado, confortável e estiloso. Ideal para treinos, provas ou dia a dia. Garanta já o seu!";720x;SIM;;;;
viseira-720x;"Viseira 720x";"Roupas e acessórios > Bonés";;;;;;;60.00;;0.08;8.00;25.00;20.00;190;ND;;;SIM;NÃO;;"720x, acessorios, viseira";"Viseira 720x";"Viseira 720x leve e estilosa, protege do sol com ajuste fácil. Ideal para treinos, competições e para o dia a dia. Garanta já a sua!";720x;SIM;;;;
sanlida-hero-10-ii-37-laminas-brancas-por-encomenda;"Sanlida HERO 10 II 37"" Lâminas Brancas - Por encomenda";"Arcos > Arcos composto > Hero X10, Marcas > Sanlida";Potência;"40 - 50#";Cor;Azul;"Tamanho da CAM";P;7,000.00;;3.00;9.00;33.00;116.00;0;ND;;;NÃO;NÃO;;"Arco Composto, arco e flecha, tiro com arco";"Arco Composto Sanlida HERO 10 II - Precisão e estabilidade";"O arco composto Sanlida HERO 10 II oferece precisão, resistência e conforto para a sua prática. Um arco de alto desempenho a um excelente custo benefício. Garanta o seu!";Sanlida;SIM;;;;
sanlida-hero-10-ii-37-laminas-brancas-por-encomenda;;;Potência;"40 - 50#";Cor;Azul;"Tamanho da CAM";M;7,000.00;;3.00;9.00;33.00;116.00;0;ND;;;;;;;;;;;;;;
sanlida-hero-10-ii-37-laminas-brancas-por-encomenda;;;Potência;"40 - 50#";Cor;Azul;"Tamanho da CAM";G;7,000.00;;3.00;9.00;33.00;116.00;0;ND;;;;;;;;;;;;;;
sanlida-hero-10-ii-37-laminas-brancas-por-encomenda;;;Potência;"40 - 50#";Cor;"Azul Claro";"Tamanho da CAM";P;7,000.00;;3.00;9.00;33.00;116.00;0;ND;;;;;;;;;;;;;;
sanlida-hero-10-ii-37-laminas-brancas-por-encomenda;;;Potência;"40 - 50#";Cor;"Azul Claro";"Tamanho da CAM";M;7,000.00;;3.00;9.00;33.00;116.00;0;ND;;;;;;;;;;;;;;
sanlida-hero-10-ii-37-laminas-brancas-por-encomenda;;;Potência;"40 - 50#";Cor;"Azul Claro";"Tamanho da CAM";G;7,000.00;;3.00;9.00;33.00;116.00;0;ND;;;;;;;;;;;;;;
sanlida-hero-10-ii-37-laminas-brancas-por-encomenda;;;Potência;"40 - 50#";Cor;Vermelho;"Tamanho da CAM";P;7,000.00;;3.00;9.00;33.00;116.00;0;ND;;;;;;;;;;;;;;
sanlida-hero-10-ii-37-laminas-brancas-por-encomenda;;;Potência;"40 - 50#";Cor;Vermelho;"Tamanho da CAM";M;7,000.00;;3.00;9.00;33.00;116.00;0;ND;;;;;;;;;;;;;;
sanlida-hero-10-ii-37-laminas-brancas-por-encomenda;;;Potência;"40 - 50#";Cor;Vermelho;"Tamanho da CAM";G;7,000.00;;3.00;9.00;33.00;116.00;0;ND;;;;;;;;;;;;;;
sanlida-hero-10-ii-37-laminas-brancas-por-encomenda;;;Potência;"40 - 50#";Cor;Verde;"Tamanho da CAM";P;7,000.00;;3.00;9.00;33.00;116.00;0;ND;;;;;;;;;;;;;;
sanlida-hero-10-ii-37-laminas-brancas-por-encomenda;;;Potência;"40 - 50#";Cor;Verde;"Tamanho da CAM";M;7,000.00;;3.00;9.00;33.00;116.00;0;ND;;;;;;;;;;;;;;
sanlida-hero-10-ii-37-laminas-brancas-por-encomenda;;;Potência;"40 - 50#";Cor;Verde;"Tamanho da CAM";G;7,000.00;;3.00;9.00;33.00;116.00;0;ND;;;;;;;;;;;;;;
sanlida-hero-10-ii-37-laminas-brancas-por-encomenda;;;Potência;"40 - 50#";Cor;Pink;"Tamanho da CAM";P;7,000.00;;3.00;9.00;33.00;116.00;0;ND;;;;;;;;;;;;;;
sanlida-hero-10-ii-37-laminas-brancas-por-encomenda;;;Potência;"40 - 50#";Cor;Pink;"Tamanho da CAM";M;7,000.00;;3.00;9.00;33.00;116.00;0;ND;;;;;;;;;;;;;;
sanlida-hero-10-ii-37-laminas-brancas-por-encomenda;;;Potência;"40 - 50#";Cor;Pink;"Tamanho da CAM";G;7,000.00;;3.00;9.00;33.00;116.00;0;ND;;;;;;;;;;;;;;
sanlida-hero-10-ii-37-laminas-brancas-por-encomenda;;;Potência;"40 - 50#";Cor;Prata;"Tamanho da CAM";P;7,000.00;;3.00;9.00;33.00;116.00;0;ND;;;;;;;;;;;;;;
sanlida-hero-10-ii-37-laminas-brancas-por-encomenda;;;Potência;"40 - 50#";Cor;Prata;"Tamanho da CAM";M;7,000.00;;3.00;9.00;33.00;116.00;;ND;;;;;;;;;;;;;;
sanlida-hero-10-ii-37-laminas-brancas-por-encomenda;;;Potência;"40 - 50#";Cor;Prata;"Tamanho da CAM";G;7,000.00;;3.00;9.00;33.00;116.00;;ND;;;;;;;;;;;;;;
sanlida-hero-10-ii-37-laminas-brancas-por-encomenda;;;Potência;"40 - 50#";Cor;Preto;"Tamanho da CAM";P;7,000.00;;3.00;9.00;33.00;116.00;;ND;;;;;;;;;;;;;;
sanlida-hero-10-ii-37-laminas-brancas-por-encomenda;;;Potência;"40 - 50#";Cor;Preto;"Tamanho da CAM";M;7,000.00;;3.00;9.00;33.00;116.00;;ND;;;;;;;;;;;;;;
sanlida-hero-10-ii-37-laminas-brancas-por-encomenda;;;Potência;"40 - 50#";Cor;Preto;"Tamanho da CAM";G;7,000.00;;3.00;9.00;33.00;116.00;;ND;;;;;;;;;;;;;;
sanlida-hero-10-ii-37-laminas-brancas-por-encomenda;;;Potência;"40 - 50#";Cor;Roxo;"Tamanho da CAM";P;7,000.00;;3.00;9.00;33.00;116.00;;ND;;;;;;;;;;;;;;
sanlida-hero-10-ii-37-laminas-brancas-por-encomenda;;;Potência;"40 - 50#";Cor;Roxo;"Tamanho da CAM";M;7,000.00;;3.00;9.00;33.00;116.00;;ND;;;;;;;;;;;;;;
sanlida-hero-10-ii-37-laminas-brancas-por-encomenda;;;Potência;"40 - 50#";Cor;Roxo;"Tamanho da CAM";G;7,000.00;;3.00;9.00;33.00;116.00;;ND;;;;;;;;;;;;;;
sanlida-hero-10-ii-37-laminas-brancas-por-encomenda;;;Potência;"50 - 60#";Cor;Azul;"Tamanho da CAM";P;7,000.00;;3.00;9.00;33.00;116.00;;ND;;;;;;;;;;;;;;
sanlida-hero-10-ii-37-laminas-brancas-por-encomenda;;;Potência;"50 - 60#";Cor;Azul;"Tamanho da CAM";M;7,000.00;;3.00;9.00;33.00;116.00;;ND;;;;;;;;;;;;;;
sanlida-hero-10-ii-37-laminas-brancas-por-encomenda;;;Potência;"50 - 60#";Cor;Azul;"Tamanho da CAM";G;7,000.00;;3.00;9.00;33.00;116.00;;ND;;;;;;;;;;;;;;
sanlida-hero-10-ii-37-laminas-brancas-por-encomenda;;;Potência;"50 - 60#";Cor;"Azul Claro";"Tamanho da CAM";P;7,000.00;;3.00;9.00;33.00;116.00;;ND;;;;;;;;;;;;;;
sanlida-hero-10-ii-37-laminas-brancas-por-encomenda;;;Potência;"50 - 60#";Cor;"Azul Claro";"Tamanho da CAM";M;7,000.00;;3.00;9.00;33.00;116.00;;ND;;;;;;;;;;;;;;
sanlida-hero-10-ii-37-laminas-brancas-por-encomenda;;;Potência;"50 - 60#";Cor;"Azul Claro";"Tamanho da CAM";G;7,000.00;;3.00;9.00;33.00;116.00;;ND;;;;;;;;;;;;;;
sanlida-hero-10-ii-37-laminas-brancas-por-encomenda;;;Potência;"50 - 60#";Cor;Vermelho;"Tamanho da CAM";P;7,000.00;;3.00;9.00;33.00;116.00;;ND;;;;;;;;;;;;;;
sanlida-hero-10-ii-37-laminas-brancas-por-encomenda;;;Potência;"50 - 60#";Cor;Vermelho;"Tamanho da CAM";M;7,000.00;;3.00;9.00;33.00;116.00;1;ND;;;;;;;;;;;;;;
sanlida-hero-10-ii-37-laminas-brancas-por-encomenda;;;Potência;"50 - 60#";Cor;Vermelho;"Tamanho da CAM";G;7,000.00;;3.00;9.00;33.00;116.00;;ND;;;;;;;;;;;;;;
sanlida-hero-10-ii-37-laminas-brancas-por-encomenda;;;Potência;"50 - 60#";Cor;Verde;"Tamanho da CAM";P;7,000.00;;3.00;9.00;33.00;116.00;;ND;;;;;;;;;;;;;;
sanlida-hero-10-ii-37-laminas-brancas-por-encomenda;;;Potência;"50 - 60#";Cor;Verde;"Tamanho da CAM";M;7,000.00;;3.00;9.00;33.00;116.00;;ND;;;;;;;;;;;;;;
sanlida-hero-10-ii-37-laminas-brancas-por-encomenda;;;Potência;"50 - 60#";Cor;Verde;"Tamanho da CAM";G;7,000.00;;3.00;9.00;33.00;116.00;;ND;;;;;;;;;;;;;;
sanlida-hero-10-ii-37-laminas-brancas-por-encomenda;;;Potência;"50 - 60#";Cor;Pink;"Tamanho da CAM";P;7,000.00;;3.00;9.00;33.00;116.00;;ND;;;;;;;;;;;;;;
sanlida-hero-10-ii-37-laminas-brancas-por-encomenda;;;Potência;"50 - 60#";Cor;Pink;"Tamanho da CAM";M;7,000.00;;3.00;9.00;33.00;116.00;;ND;;;;;;;;;;;;;;
sanlida-hero-10-ii-37-laminas-brancas-por-encomenda;;;Potência;"50 - 60#";Cor;Pink;"Tamanho da CAM";G;7,000.00;;3.00;9.00;33.00;116.00;;ND;;;;;;;;;;;;;;
sanlida-hero-10-ii-37-laminas-brancas-por-encomenda;;;Potência;"50 - 60#";Cor;Prata;"Tamanho da CAM";P;7,000.00;;3.00;9.00;33.00;116.00;;ND;;;;;;;;;;;;;;
sanlida-hero-10-ii-37-laminas-brancas-por-encomenda;;;Potência;"50 - 60#";Cor;Prata;"Tamanho da CAM";M;7,000.00;;3.00;9.00;33.00;116.00;;ND;;;;;;;;;;;;;;
sanlida-hero-10-ii-37-laminas-brancas-por-encomenda;;;Potência;"50 - 60#";Cor;Prata;"Tamanho da CAM";G;7,000.00;;3.00;9.00;33.00;116.00;;ND;;;;;;;;;;;;;;
sanlida-hero-10-ii-37-laminas-brancas-por-encomenda;;;Potência;"50 - 60#";Cor;Preto;"Tamanho da CAM";P;7,000.00;;3.00;9.00;33.00;116.00;;ND;;;;;;;;;;;;;;
sanlida-hero-10-ii-37-laminas-brancas-por-encomenda;;;Potência;"50 - 60#";Cor;Preto;"Tamanho da CAM";M;7,000.00;;3.00;9.00;33.00;116.00;;ND;;;;;;;;;;;;;;
sanlida-hero-10-ii-37-laminas-brancas-por-encomenda;;;Potência;"50 - 60#";Cor;Preto;"Tamanho da CAM";G;7,000.00;;3.00;9.00;33.00;116.00;;ND;;;;;;;;;;;;;;
sanlida-hero-10-ii-37-laminas-brancas-por-encomenda;;;Potência;"50 - 60#";Cor;Roxo;"Tamanho da CAM";P;7,000.00;;3.00;9.00;33.00;116.00;;ND;;;;;;;;;;;;;;
sanlida-hero-10-ii-37-laminas-brancas-por-encomenda;;;Potência;"50 - 60#";Cor;Roxo;"Tamanho da CAM";M;7,000.00;;3.00;9.00;33.00;116.00;;ND;;;;;;;;;;;;;;
sanlida-hero-10-ii-37-laminas-brancas-por-encomenda;;;Potência;"50 - 60#";Cor;Roxo;"Tamanho da CAM";G;7,000.00;;3.00;9.00;33.00;116.00;;ND;;;;;;;;;;;;;;
sanlida-hero-10-ii-40-laminas-brancas;"Sanlida HERO 10 II 40"" Lâminas Brancas";"Arcos > Arcos composto";Potência;"40 - 50#";Cor;Azul;"Tamanho da CAM";P;7,000.00;;3.00;9.00;33.00;116.00;;ND;;;NÃO;NÃO;;"Arco Composto, arco e flecha, tiro com arco";"Arco Composto Sanlida HERO 10 II 40"" Branco - Precisão e Conforto";"O arco composto Sanlida HERO 10 II oferece alta precisão, conforto e resistência com suas lâminas de fibra Gordon. Ideal para atletas de alto rendimento. Garanta já o seu!";Sanlida;SIM;;;;
sanlida-hero-10-ii-40-laminas-brancas;;;Potência;"40 - 50#";Cor;Azul;"Tamanho da CAM";M;7,000.00;;3.00;9.00;33.00;116.00;;ND;;;;;;;;;;;;;;
sanlida-hero-10-ii-40-laminas-brancas;;;Potência;"40 - 50#";Cor;Azul;"Tamanho da CAM";G;7,000.00;;3.00;9.00;33.00;116.00;;ND;;;;;;;;;;;;;;
sanlida-hero-10-ii-40-laminas-brancas;;;Potência;"40 - 50#";Cor;"Azul Claro";"Tamanho da CAM";P;7,000.00;;3.00;9.00;33.00;116.00;;ND;;;;;;;;;;;;;;
sanlida-hero-10-ii-40-laminas-brancas;;;Potência;"40 - 50#";Cor;"Azul Claro";"Tamanho da CAM";M;7,000.00;;3.00;9.00;33.00;116.00;;ND;;;;;;;;;;;;;;
sanlida-hero-10-ii-40-laminas-brancas;;;Potência;"40 - 50#";Cor;"Azul Claro";"Tamanho da CAM";G;7,000.00;;3.00;9.00;33.00;116.00;;ND;;;;;;;;;;;;;;
sanlida-hero-10-ii-40-laminas-brancas;;;Potência;"40 - 50#";Cor;Vermelho;"Tamanho da CAM";P;7,000.00;;3.00;9.00;33.00;116.00;;ND;;;;;;;;;;;;;;
sanlida-hero-10-ii-40-laminas-brancas;;;Potência;"40 - 50#";Cor;Vermelho;"Tamanho da CAM";M;7,000.00;;3.00;9.00;33.00;116.00;;ND;;;;;;;;;;;;;;
sanlida-hero-10-ii-40-laminas-brancas;;;Potência;"40 - 50#";Cor;Vermelho;"Tamanho da CAM";G;7,000.00;;3.00;9.00;33.00;116.00;;ND;;;;;;;;;;;;;;
sanlida-hero-10-ii-40-laminas-brancas;;;Potência;"40 - 50#";Cor;Verde;"Tamanho da CAM";P;7,000.00;;3.00;9.00;33.00;116.00;;ND;;;;;;;;;;;;;;
sanlida-hero-10-ii-40-laminas-brancas;;;Potência;"40 - 50#";Cor;Verde;"Tamanho da CAM";M;7,000.00;;3.00;9.00;33.00;116.00;;ND;;;;;;;;;;;;;;
sanlida-hero-10-ii-40-laminas-brancas;;;Potência;"40 - 50#";Cor;Verde;"Tamanho da CAM";G;7,000.00;;3.00;9.00;33.00;116.00;;ND;;;;;;;;;;;;;;
sanlida-hero-10-ii-40-laminas-brancas;;;Potência;"40 - 50#";Cor;Pink;"Tamanho da CAM";P;7,000.00;;3.00;9.00;33.00;116.00;;ND;;;;;;;;;;;;;;
sanlida-hero-10-ii-40-laminas-brancas;;;Potência;"40 - 50#";Cor;Pink;"Tamanho da CAM";M;7,000.00;;3.00;9.00;33.00;116.00;;ND;;;;;;;;;;;;;;
sanlida-hero-10-ii-40-laminas-brancas;;;Potência;"40 - 50#";Cor;Pink;"Tamanho da CAM";G;7,000.00;;3.00;9.00;33.00;116.00;;ND;;;;;;;;;;;;;;
sanlida-hero-10-ii-40-laminas-brancas;;;Potência;"40 - 50#";Cor;Prata;"Tamanho da CAM";P;7,000.00;;3.00;9.00;33.00;116.00;;ND;;;;;;;;;;;;;;
sanlida-hero-10-ii-40-laminas-brancas;;;Potência;"40 - 50#";Cor;Prata;"Tamanho da CAM";M;7,000.00;;3.00;9.00;33.00;116.00;;ND;;;;;;;;;;;;;;
sanlida-hero-10-ii-40-laminas-brancas;;;Potência;"40 - 50#";Cor;Prata;"Tamanho da CAM";G;7,000.00;;3.00;9.00;33.00;116.00;;ND;;;;;;;;;;;;;;
sanlida-hero-10-ii-40-laminas-brancas;;;Potência;"40 - 50#";Cor;Preto;"Tamanho da CAM";P;7,000.00;;3.00;9.00;33.00;116.00;;ND;;;;;;;;;;;;;;
sanlida-hero-10-ii-40-laminas-brancas;;;Potência;"40 - 50#";Cor;Preto;"Tamanho da CAM";M;7,000.00;;3.00;9.00;33.00;116.00;;ND;;;;;;;;;;;;;;
sanlida-hero-10-ii-40-laminas-brancas;;;Potência;"40 - 50#";Cor;Preto;"Tamanho da CAM";G;7,000.00;;3.00;9.00;33.00;116.00;;ND;;;;;;;;;;;;;;
sanlida-hero-10-ii-40-laminas-brancas;;;Potência;"40 - 50#";Cor;Roxo;"Tamanho da CAM";P;7,000.00;;3.00;9.00;33.00;116.00;;ND;;;;;;;;;;;;;;
sanlida-hero-10-ii-40-laminas-brancas;;;Potência;"40 - 50#";Cor;Roxo;"Tamanho da CAM";M;7,000.00;;3.00;9.00;33.00;116.00;;ND;;;;;;;;;;;;;;
sanlida-hero-10-ii-40-laminas-brancas;;;Potência;"40 - 50#";Cor;Roxo;"Tamanho da CAM";G;7,000.00;;3.00;9.00;33.00;116.00;;ND;;;;;;;;;;;;;;
sanlida-hero-10-ii-40-laminas-brancas;;;Potência;"50 - 60#";Cor;Azul;"Tamanho da CAM";P;7,000.00;;3.00;9.00;33.00;116.00;;ND;;;;;;;;;;;;;;
sanlida-hero-10-ii-40-laminas-brancas;;;Potência;"50 - 60#";Cor;Azul;"Tamanho da CAM";M;7,000.00;;3.00;9.00;33.00;116.00;;ND;;;;;;;;;;;;;;
sanlida-hero-10-ii-40-laminas-brancas;;;Potência;"50 - 60#";Cor;Azul;"Tamanho da CAM";G;7,000.00;;3.00;9.00;33.00;116.00;;ND;;;;;;;;;;;;;;
sanlida-hero-10-ii-40-laminas-brancas;;;Potência;"50 - 60#";Cor;"Azul Claro";"Tamanho da CAM";P;7,000.00;;3.00;9.00;33.00;116.00;;ND;;;;;;;;;;;;;;
sanlida-hero-10-ii-40-laminas-brancas;;;Potência;"50 - 60#";Cor;"Azul Claro";"Tamanho da CAM";M;7,000.00;;3.00;9.00;33.00;116.00;;ND;;;;;;;;;;;;;;
sanlida-hero-10-ii-40-laminas-brancas;;;Potência;"50 - 60#";Cor;"Azul Claro";"Tamanho da CAM";G;7,000.00;;3.00;9.00;33.00;116.00;;ND;;;;;;;;;;;;;;
sanlida-hero-10-ii-40-laminas-brancas;;;Potência;"50 - 60#";Cor;Vermelho;"Tamanho da CAM";P;7,000.00;;3.00;9.00;33.00;116.00;;ND;;;;;;;;;;;;;;
sanlida-hero-10-ii-40-laminas-brancas;;;Potência;"50 - 60#";Cor;Vermelho;"Tamanho da CAM";M;7,000.00;;3.00;9.00;33.00;116.00;;ND;;;;;;;;;;;;;;
sanlida-hero-10-ii-40-laminas-brancas;;;Potência;"50 - 60#";Cor;Vermelho;"Tamanho da CAM";G;7,000.00;;3.00;9.00;33.00;116.00;;ND;;;;;;;;;;;;;;
sanlida-hero-10-ii-40-laminas-brancas;;;Potência;"50 - 60#";Cor;Verde;"Tamanho da CAM";P;7,000.00;;3.00;9.00;33.00;116.00;;ND;;;;;;;;;;;;;;
sanlida-hero-10-ii-40-laminas-brancas;;;Potência;"50 - 60#";Cor;Verde;"Tamanho da CAM";M;7,000.00;;3.00;9.00;33.00;116.00;;ND;;;;;;;;;;;;;;
sanlida-hero-10-ii-40-laminas-brancas;;;Potência;"50 - 60#";Cor;Verde;"Tamanho da CAM";G;7,000.00;;3.00;9.00;33.00;116.00;;ND;;;;;;;;;;;;;;
sanlida-hero-10-ii-40-laminas-brancas;;;Potência;"50 - 60#";Cor;Pink;"Tamanho da CAM";P;7,000.00;;3.00;9.00;33.00;116.00;;ND;;;;;;;;;;;;;;
sanlida-hero-10-ii-40-laminas-brancas;;;Potência;"50 - 60#";Cor;Pink;"Tamanho da CAM";M;7,000.00;;3.00;9.00;33.00;116.00;;ND;;;;;;;;;;;;;;
sanlida-hero-10-ii-40-laminas-brancas;;;Potência;"50 - 60#";Cor;Pink;"Tamanho da CAM";G;7,000.00;;3.00;9.00;33.00;116.00;;ND;;;;;;;;;;;;;;
sanlida-hero-10-ii-40-laminas-brancas;;;Potência;"50 - 60#";Cor;Prata;"Tamanho da CAM";P;7,000.00;;3.00;9.00;33.00;116.00;;ND;;;;;;;;;;;;;;
sanlida-hero-10-ii-40-laminas-brancas;;;Potência;"50 - 60#";Cor;Prata;"Tamanho da CAM";M;7,000.00;;3.00;9.00;33.00;116.00;;ND;;;;;;;;;;;;;;
sanlida-hero-10-ii-40-laminas-brancas;;;Potência;"50 - 60#";Cor;Prata;"Tamanho da CAM";G;7,000.00;;3.00;9.00;33.00;116.00;;ND;;;;;;;;;;;;;;
sanlida-hero-10-ii-40-laminas-brancas;;;Potência;"50 - 60#";Cor;Preto;"Tamanho da CAM";P;7,000.00;;3.00;9.00;33.00;116.00;;ND;;;;;;;;;;;;;;
sanlida-hero-10-ii-40-laminas-brancas;;;Potência;"50 - 60#";Cor;Preto;"Tamanho da CAM";M;7,000.00;;3.00;9.00;33.00;116.00;;ND;;;;;;;;;;;;;;
sanlida-hero-10-ii-40-laminas-brancas;;;Potência;"50 - 60#";Cor;Preto;"Tamanho da CAM";G;7,000.00;;3.00;9.00;33.00;116.00;;ND;;;;;;;;;;;;;;
sanlida-hero-10-ii-40-laminas-brancas;;;Potência;"50 - 60#";Cor;Roxo;"Tamanho da CAM";P;7,000.00;;3.00;9.00;33.00;116.00;;ND;;;;;;;;;;;;;;
sanlida-hero-10-ii-40-laminas-brancas;;;Potência;"50 - 60#";Cor;Roxo;"Tamanho da CAM";M;7,000.00;;3.00;9.00;33.00;116.00;;ND;;;;;;;;;;;;;;
sanlida-hero-10-ii-40-laminas-brancas;;;Potência;"50 - 60#";Cor;Roxo;"Tamanho da CAM";G;7,000.00;;3.00;9.00;33.00;116.00;;ND;;;;;;;;;;;;;;
sanlida-hero-10-ii-40-laminas-pretas;"Sanlida HERO 10 II 40"" Lâminas Pretas";"Arcos > Arcos composto > Hero X10";Potência;"40 - 50#";Cor;Azul;"Tamanho da CAM";P;7,000.00;;3.00;9.00;33.00;116.00;;ND;;;NÃO;NÃO;;"Arco Composto, arco e flecha, tiro com arco";;;Sanlida;SIM;;;;
sanlida-hero-10-ii-40-laminas-pretas;;;Potência;"40 - 50#";Cor;Azul;"Tamanho da CAM";M;7,000.00;;3.00;9.00;33.00;116.00;;ND;;;;;;;;;;;;;;
sanlida-hero-10-ii-40-laminas-pretas;;;Potência;"40 - 50#";Cor;Azul;"Tamanho da CAM";G;7,000.00;;3.00;9.00;33.00;116.00;;ND;;;;;;;;;;;;;;
sanlida-hero-10-ii-40-laminas-pretas;;;Potência;"40 - 50#";Cor;"Azul Claro";"Tamanho da CAM";P;7,000.00;;3.00;9.00;33.00;116.00;;ND;;;;;;;;;;;;;;
sanlida-hero-10-ii-40-laminas-pretas;;;Potência;"40 - 50#";Cor;"Azul Claro";"Tamanho da CAM";M;7,000.00;;3.00;9.00;33.00;116.00;;ND;;;;;;;;;;;;;;
sanlida-hero-10-ii-40-laminas-pretas;;;Potência;"40 - 50#";Cor;"Azul Claro";"Tamanho da CAM";G;7,000.00;;3.00;9.00;33.00;116.00;;ND;;;;;;;;;;;;;;
sanlida-hero-10-ii-40-laminas-pretas;;;Potência;"40 - 50#";Cor;Vermelho;"Tamanho da CAM";P;7,000.00;;3.00;9.00;33.00;116.00;;ND;;;;;;;;;;;;;;
sanlida-hero-10-ii-40-laminas-pretas;;;Potência;"40 - 50#";Cor;Vermelho;"Tamanho da CAM";M;7,000.00;;3.00;9.00;33.00;116.00;;ND;;;;;;;;;;;;;;
sanlida-hero-10-ii-40-laminas-pretas;;;Potência;"40 - 50#";Cor;Vermelho;"Tamanho da CAM";G;7,000.00;;3.00;9.00;33.00;116.00;;ND;;;;;;;;;;;;;;
sanlida-hero-10-ii-40-laminas-pretas;;;Potência;"40 - 50#";Cor;Verde;"Tamanho da CAM";P;7,000.00;;3.00;9.00;33.00;116.00;;ND;;;;;;;;;;;;;;
sanlida-hero-10-ii-40-laminas-pretas;;;Potência;"40 - 50#";Cor;Verde;"Tamanho da CAM";M;7,000.00;;3.00;9.00;33.00;116.00;;ND;;;;;;;;;;;;;;
sanlida-hero-10-ii-40-laminas-pretas;;;Potência;"40 - 50#";Cor;Verde;"Tamanho da CAM";G;7,000.00;;3.00;9.00;33.00;116.00;;ND;;;;;;;;;;;;;;
sanlida-hero-10-ii-40-laminas-pretas;;;Potência;"40 - 50#";Cor;Pink;"Tamanho da CAM";P;7,000.00;;3.00;9.00;33.00;116.00;;ND;;;;;;;;;;;;;;
sanlida-hero-10-ii-40-laminas-pretas;;;Potência;"40 - 50#";Cor;Pink;"Tamanho da CAM";M;7,000.00;;3.00;9.00;33.00;116.00;;ND;;;;;;;;;;;;;;
sanlida-hero-10-ii-40-laminas-pretas;;;Potência;"40 - 50#";Cor;Pink;"Tamanho da CAM";G;7,000.00;;3.00;9.00;33.00;116.00;;ND;;;;;;;;;;;;;;
sanlida-hero-10-ii-40-laminas-pretas;;;Potência;"40 - 50#";Cor;Prata;"Tamanho da CAM";P;7,000.00;;3.00;9.00;33.00;116.00;;ND;;;;;;;;;;;;;;
sanlida-hero-10-ii-40-laminas-pretas;;;Potência;"40 - 50#";Cor;Prata;"Tamanho da CAM";M;7,000.00;;3.00;9.00;33.00;116.00;;ND;;;;;;;;;;;;;;
sanlida-hero-10-ii-40-laminas-pretas;;;Potência;"40 - 50#";Cor;Prata;"Tamanho da CAM";G;7,000.00;;3.00;9.00;33.00;116.00;;ND;;;;;;;;;;;;;;
sanlida-hero-10-ii-40-laminas-pretas;;;Potência;"40 - 50#";Cor;Preto;"Tamanho da CAM";P;7,000.00;;3.00;9.00;33.00;116.00;;ND;;;;;;;;;;;;;;
sanlida-hero-10-ii-40-laminas-pretas;;;Potência;"40 - 50#";Cor;Preto;"Tamanho da CAM";M;7,000.00;;3.00;9.00;33.00;116.00;;ND;;;;;;;;;;;;;;
sanlida-hero-10-ii-40-laminas-pretas;;;Potência;"40 - 50#";Cor;Preto;"Tamanho da CAM";G;7,000.00;;3.00;9.00;33.00;116.00;;ND;;;;;;;;;;;;;;
sanlida-hero-10-ii-40-laminas-pretas;;;Potência;"40 - 50#";Cor;Roxo;"Tamanho da CAM";P;7,000.00;;3.00;9.00;33.00;116.00;;ND;;;;;;;;;;;;;;
sanlida-hero-10-ii-40-laminas-pretas;;;Potência;"40 - 50#";Cor;Roxo;"Tamanho da CAM";M;7,000.00;;3.00;9.00;33.00;116.00;;ND;;;;;;;;;;;;;;
sanlida-hero-10-ii-40-laminas-pretas;;;Potência;"40 - 50#";Cor;Roxo;"Tamanho da CAM";G;7,000.00;;3.00;9.00;33.00;116.00;;ND;;;;;;;;;;;;;;
sanlida-hero-10-ii-40-laminas-pretas;;;Potência;"50 - 60#";Cor;Azul;"Tamanho da CAM";P;7,000.00;;3.00;9.00;33.00;116.00;;ND;;;;;;;;;;;;;;
sanlida-hero-10-ii-40-laminas-pretas;;;Potência;"50 - 60#";Cor;Azul;"Tamanho da CAM";M;7,000.00;;3.00;9.00;33.00;116.00;;ND;;;;;;;;;;;;;;
sanlida-hero-10-ii-40-laminas-pretas;;;Potência;"50 - 60#";Cor;Azul;"Tamanho da CAM";G;7,000.00;;3.00;9.00;33.00;116.00;;ND;;;;;;;;;;;;;;
sanlida-hero-10-ii-40-laminas-pretas;;;Potência;"50 - 60#";Cor;"Azul Claro";"Tamanho da CAM";P;7,000.00;;3.00;9.00;33.00;116.00;;ND;;;;;;;;;;;;;;
sanlida-hero-10-ii-40-laminas-pretas;;;Potência;"50 - 60#";Cor;"Azul Claro";"Tamanho da CAM";M;7,000.00;;3.00;9.00;33.00;116.00;;ND;;;;;;;;;;;;;;
sanlida-hero-10-ii-40-laminas-pretas;;;Potência;"50 - 60#";Cor;"Azul Claro";"Tamanho da CAM";G;7,000.00;;3.00;9.00;33.00;116.00;;ND;;;;;;;;;;;;;;
sanlida-hero-10-ii-40-laminas-pretas;;;Potência;"50 - 60#";Cor;Vermelho;"Tamanho da CAM";P;7,000.00;;3.00;9.00;33.00;116.00;;ND;;;;;;;;;;;;;;
sanlida-hero-10-ii-40-laminas-pretas;;;Potência;"50 - 60#";Cor;Vermelho;"Tamanho da CAM";M;7,000.00;;3.00;9.00;33.00;116.00;;ND;;;;;;;;;;;;;;
sanlida-hero-10-ii-40-laminas-pretas;;;Potência;"50 - 60#";Cor;Vermelho;"Tamanho da CAM";G;7,000.00;;3.00;9.00;33.00;116.00;;ND;;;;;;;;;;;;;;
sanlida-hero-10-ii-40-laminas-pretas;;;Potência;"50 - 60#";Cor;Verde;"Tamanho da CAM";P;7,000.00;;3.00;9.00;33.00;116.00;;ND;;;;;;;;;;;;;;
sanlida-hero-10-ii-40-laminas-pretas;;;Potência;"50 - 60#";Cor;Verde;"Tamanho da CAM";M;7,000.00;;3.00;9.00;33.00;116.00;;ND;;;;;;;;;;;;;;
sanlida-hero-10-ii-40-laminas-pretas;;;Potência;"50 - 60#";Cor;Verde;"Tamanho da CAM";G;7,000.00;;3.00;9.00;33.00;116.00;;ND;;;;;;;;;;;;;;
sanlida-hero-10-ii-40-laminas-pretas;;;Potência;"50 - 60#";Cor;Pink;"Tamanho da CAM";P;7,000.00;;3.00;9.00;33.00;116.00;;ND;;;;;;;;;;;;;;
sanlida-hero-10-ii-40-laminas-pretas;;;Potência;"50 - 60#";Cor;Pink;"Tamanho da CAM";M;7,000.00;;3.00;9.00;33.00;116.00;;ND;;;;;;;;;;;;;;
sanlida-hero-10-ii-40-laminas-pretas;;;Potência;"50 - 60#";Cor;Pink;"Tamanho da CAM";G;7,000.00;;3.00;9.00;33.00;116.00;;ND;;;;;;;;;;;;;;
sanlida-hero-10-ii-40-laminas-pretas;;;Potência;"50 - 60#";Cor;Prata;"Tamanho da CAM";P;7,000.00;;3.00;9.00;33.00;116.00;;ND;;;;;;;;;;;;;;
sanlida-hero-10-ii-40-laminas-pretas;;;Potência;"50 - 60#";Cor;Prata;"Tamanho da CAM";M;7,000.00;;3.00;9.00;33.00;116.00;;ND;;;;;;;;;;;;;;
sanlida-hero-10-ii-40-laminas-pretas;;;Potência;"50 - 60#";Cor;Prata;"Tamanho da CAM";G;7,000.00;;3.00;9.00;33.00;116.00;;ND;;;;;;;;;;;;;;
sanlida-hero-10-ii-40-laminas-pretas;;;Potência;"50 - 60#";Cor;Preto;"Tamanho da CAM";P;7,000.00;;3.00;9.00;33.00;116.00;;ND;;;;;;;;;;;;;;
sanlida-hero-10-ii-40-laminas-pretas;;;Potência;"50 - 60#";Cor;Preto;"Tamanho da CAM";M;7,000.00;;3.00;9.00;33.00;116.00;;ND;;;;;;;;;;;;;;
sanlida-hero-10-ii-40-laminas-pretas;;;Potência;"50 - 60#";Cor;Preto;"Tamanho da CAM";G;7,000.00;;3.00;9.00;33.00;116.00;;ND;;;;;;;;;;;;;;
sanlida-hero-10-ii-40-laminas-pretas;;;Potência;"50 - 60#";Cor;Roxo;"Tamanho da CAM";P;7,000.00;;3.00;9.00;33.00;116.00;;ND;;;;;;;;;;;;;;
sanlida-hero-10-ii-40-laminas-pretas;;;Potência;"50 - 60#";Cor;Roxo;"Tamanho da CAM";M;7,000.00;;3.00;9.00;33.00;116.00;;ND;;;;;;;;;;;;;;
sanlida-hero-10-ii-40-laminas-pretas;;;Potência;"50 - 60#";Cor;Roxo;"Tamanho da CAM";G;7,000.00;;3.00;9.00;33.00;116.00;;ND;;;;;;;;;;;;;;
hero_10_ii_37_preto;"Sanlida HERO 10 II 37"" Lâminas Pretas";"Arcos > Arcos composto > Hero X10";Potência;"40 - 50#";Cor;Azul;"Tamanho da CAM";P;7,000.00;;3.00;9.00;33.00;116.00;;ND;;;NÃO;NÃO;;"Arco Composto, arco e flecha, tiro com arco";"Arco Composto Sanlida HERO 10 II - Precisão e Estabilidade";"Conheça o arco composto Sanlida HERO 10 II, um arco profissional e de alto rendimento com um ótimo custo benefício! Alta precisão, estabilidade e resistência, com riser de alumínio e lâminas em fibra Gordon. Garanta já o seu!";Sanlida;SIM;;;;
hero_10_ii_37_preto;;;Potência;"40 - 50#";Cor;Azul;"Tamanho da CAM";M;7,000.00;;3.00;9.00;33.00;116.00;;ND;;;;;;;;;;;;;;
hero_10_ii_37_preto;;;Potência;"40 - 50#";Cor;Azul;"Tamanho da CAM";G;7,000.00;;3.00;9.00;33.00;116.00;;ND;;;;;;;;;;;;;;
hero_10_ii_37_preto;;;Potência;"40 - 50#";Cor;"Azul Claro";"Tamanho da CAM";P;7,000.00;;3.00;9.00;33.00;116.00;;ND;;;;;;;;;;;;;;
hero_10_ii_37_preto;;;Potência;"40 - 50#";Cor;"Azul Claro";"Tamanho da CAM";M;7,000.00;;3.00;9.00;33.00;116.00;;ND;;;;;;;;;;;;;;
hero_10_ii_37_preto;;;Potência;"40 - 50#";Cor;"Azul Claro";"Tamanho da CAM";G;7,000.00;;3.00;9.00;33.00;116.00;;ND;;;;;;;;;;;;;;
hero_10_ii_37_preto;;;Potência;"40 - 50#";Cor;Vermelho;"Tamanho da CAM";P;7,000.00;;3.00;9.00;33.00;116.00;;ND;;;;;;;;;;;;;;
hero_10_ii_37_preto;;;Potência;"40 - 50#";Cor;Vermelho;"Tamanho da CAM";M;7,000.00;;3.00;9.00;33.00;116.00;;ND;;;;;;;;;;;;;;
hero_10_ii_37_preto;;;Potência;"40 - 50#";Cor;Vermelho;"Tamanho da CAM";G;7,000.00;;3.00;9.00;33.00;116.00;;ND;;;;;;;;;;;;;;
hero_10_ii_37_preto;;;Potência;"40 - 50#";Cor;Verde;"Tamanho da CAM";P;7,000.00;;3.00;9.00;33.00;116.00;;ND;;;;;;;;;;;;;;
hero_10_ii_37_preto;;;Potência;"40 - 50#";Cor;Verde;"Tamanho da CAM";M;7,000.00;;3.00;9.00;33.00;116.00;;ND;;;;;;;;;;;;;;
hero_10_ii_37_preto;;;Potência;"40 - 50#";Cor;Verde;"Tamanho da CAM";G;7,000.00;;3.00;9.00;33.00;116.00;;ND;;;;;;;;;;;;;;
hero_10_ii_37_preto;;;Potência;"40 - 50#";Cor;Pink;"Tamanho da CAM";P;7,000.00;;3.00;9.00;33.00;116.00;;ND;;;;;;;;;;;;;;
hero_10_ii_37_preto;;;Potência;"40 - 50#";Cor;Pink;"Tamanho da CAM";M;7,000.00;;3.00;9.00;33.00;116.00;;ND;;;;;;;;;;;;;;
hero_10_ii_37_preto;;;Potência;"40 - 50#";Cor;Pink;"Tamanho da CAM";G;7,000.00;;3.00;9.00;33.00;116.00;;ND;;;;;;;;;;;;;;
hero_10_ii_37_preto;;;Potência;"40 - 50#";Cor;Prata;"Tamanho da CAM";P;7,000.00;;3.00;9.00;33.00;116.00;;ND;;;;;;;;;;;;;;
hero_10_ii_37_preto;;;Potência;"40 - 50#";Cor;Prata;"Tamanho da CAM";M;7,000.00;;3.00;9.00;33.00;116.00;;ND;;;;;;;;;;;;;;
hero_10_ii_37_preto;;;Potência;"40 - 50#";Cor;Prata;"Tamanho da CAM";G;7,000.00;;3.00;9.00;33.00;116.00;;ND;;;;;;;;;;;;;;
hero_10_ii_37_preto;;;Potência;"40 - 50#";Cor;Preto;"Tamanho da CAM";P;7,000.00;;3.00;9.00;33.00;116.00;;ND;;;;;;;;;;;;;;
hero_10_ii_37_preto;;;Potência;"40 - 50#";Cor;Preto;"Tamanho da CAM";M;7,000.00;;3.00;9.00;33.00;116.00;;ND;;;;;;;;;;;;;;
hero_10_ii_37_preto;;;Potência;"40 - 50#";Cor;Preto;"Tamanho da CAM";G;7,000.00;;3.00;9.00;33.00;116.00;;ND;;;;;;;;;;;;;;
hero_10_ii_37_preto;;;Potência;"40 - 50#";Cor;Roxo;"Tamanho da CAM";P;7,000.00;;3.00;9.00;33.00;116.00;;ND;;;;;;;;;;;;;;
hero_10_ii_37_preto;;;Potência;"40 - 50#";Cor;Roxo;"Tamanho da CAM";M;7,000.00;;3.00;9.00;33.00;116.00;;ND;;;;;;;;;;;;;;
hero_10_ii_37_preto;;;Potência;"40 - 50#";Cor;Roxo;"Tamanho da CAM";G;7,000.00;;3.00;9.00;33.00;116.00;;ND;;;;;;;;;;;;;;
hero_10_ii_37_preto;;;Potência;"50 - 60#";Cor;Azul;"Tamanho da CAM";P;7,000.00;;3.00;9.00;33.00;116.00;;ND;;;;;;;;;;;;;;
hero_10_ii_37_preto;;;Potência;"50 - 60#";Cor;Azul;"Tamanho da CAM";M;7,000.00;;3.00;9.00;33.00;116.00;;ND;;;;;;;;;;;;;;
hero_10_ii_37_preto;;;Potência;"50 - 60#";Cor;Azul;"Tamanho da CAM";G;7,000.00;;3.00;9.00;33.00;116.00;;ND;;;;;;;;;;;;;;
hero_10_ii_37_preto;;;Potência;"50 - 60#";Cor;"Azul Claro";"Tamanho da CAM";P;7,000.00;;3.00;9.00;33.00;116.00;;ND;;;;;;;;;;;;;;
hero_10_ii_37_preto;;;Potência;"50 - 60#";Cor;"Azul Claro";"Tamanho da CAM";M;7,000.00;;3.00;9.00;33.00;116.00;;ND;;;;;;;;;;;;;;
hero_10_ii_37_preto;;;Potência;"50 - 60#";Cor;"Azul Claro";"Tamanho da CAM";G;7,000.00;;3.00;9.00;33.00;116.00;;ND;;;;;;;;;;;;;;
hero_10_ii_37_preto;;;Potência;"50 - 60#";Cor;Vermelho;"Tamanho da CAM";P;7,000.00;;3.00;9.00;33.00;116.00;;ND;;;;;;;;;;;;;;
hero_10_ii_37_preto;;;Potência;"50 - 60#";Cor;Vermelho;"Tamanho da CAM";M;7,000.00;;3.00;9.00;33.00;116.00;;ND;;;;;;;;;;;;;;
hero_10_ii_37_preto;;;Potência;"50 - 60#";Cor;Vermelho;"Tamanho da CAM";G;7,000.00;;3.00;9.00;33.00;116.00;;ND;;;;;;;;;;;;;;
hero_10_ii_37_preto;;;Potência;"50 - 60#";Cor;Verde;"Tamanho da CAM";P;7,000.00;;3.00;9.00;33.00;116.00;;ND;;;;;;;;;;;;;;
hero_10_ii_37_preto;;;Potência;"50 - 60#";Cor;Verde;"Tamanho da CAM";M;7,000.00;;3.00;9.00;33.00;116.00;;ND;;;;;;;;;;;;;;
hero_10_ii_37_preto;;;Potência;"50 - 60#";Cor;Verde;"Tamanho da CAM";G;7,000.00;;3.00;9.00;33.00;116.00;;ND;;;;;;;;;;;;;;
hero_10_ii_37_preto;;;Potência;"50 - 60#";Cor;Pink;"Tamanho da CAM";P;7,000.00;;3.00;9.00;33.00;116.00;;ND;;;;;;;;;;;;;;
hero_10_ii_37_preto;;;Potência;"50 - 60#";Cor;Pink;"Tamanho da CAM";M;7,000.00;;3.00;9.00;33.00;116.00;;ND;;;;;;;;;;;;;;
hero_10_ii_37_preto;;;Potência;"50 - 60#";Cor;Pink;"Tamanho da CAM";G;7,000.00;;3.00;9.00;33.00;116.00;;ND;;;;;;;;;;;;;;
hero_10_ii_37_preto;;;Potência;"50 - 60#";Cor;Prata;"Tamanho da CAM";P;7,000.00;;3.00;9.00;33.00;116.00;;ND;;;;;;;;;;;;;;
hero_10_ii_37_preto;;;Potência;"50 - 60#";Cor;Prata;"Tamanho da CAM";M;7,000.00;;3.00;9.00;33.00;116.00;;ND;;;;;;;;;;;;;;
hero_10_ii_37_preto;;;Potência;"50 - 60#";Cor;Prata;"Tamanho da CAM";G;7,000.00;;3.00;9.00;33.00;116.00;;ND;;;;;;;;;;;;;;
hero_10_ii_37_preto;;;Potência;"50 - 60#";Cor;Preto;"Tamanho da CAM";P;7,000.00;;3.00;9.00;33.00;116.00;;ND;;;;;;;;;;;;;;
hero_10_ii_37_preto;;;Potência;"50 - 60#";Cor;Preto;"Tamanho da CAM";M;7,000.00;;3.00;9.00;33.00;116.00;;ND;;;;;;;;;;;;;;
hero_10_ii_37_preto;;;Potência;"50 - 60#";Cor;Preto;"Tamanho da CAM";G;7,000.00;;3.00;9.00;33.00;116.00;;ND;;;;;;;;;;;;;;
hero_10_ii_37_preto;;;Potência;"50 - 60#";Cor;Roxo;"Tamanho da CAM";P;7,000.00;;3.00;9.00;33.00;116.00;;ND;;;;;;;;;;;;;;
hero_10_ii_37_preto;;;Potência;"50 - 60#";Cor;Roxo;"Tamanho da CAM";M;7,000.00;;3.00;9.00;33.00;116.00;;ND;;;;;;;;;;;;;;
hero_10_ii_37_preto;;;Potência;"50 - 60#";Cor;Roxo;"Tamanho da CAM";G;7,000.00;;3.00;9.00;33.00;116.00;;ND;;;;;;;;;;;;;;
case-composto-powr-dlx;"Case de Composto Avalon POWR DLX";"Ferramentas e acessórios > Transporte e proteção > Cases, Marcas > Avalon";Cor;Cinza;;;;;3,600.00;;10.90;28.00;43.00;125.00;0;ND;CASAVAPOWBC;6426003771749;SIM;NÃO;;"Case, Mala";"Case Avalon POWR DLX: Proteção e Transporte Premium";"Descubra o Case Avalon POWR DLX, robusto e elegante. Transporte seu arco com segurança e estilo. Compre agora e equipe-se para o sucesso!";Avalon;SIM;A082273;Unissex;;
case-composto-powr-dlx;;;Cor;Oliva;;;;;3,600.00;;10.90;28.00;43.00;125.00;0;ND;CASAVAPOWBC;6426003771749;;;;;;;;;A082273;Unissex;;0.00
case-composto-tec-trolley-120;"Case de Composto Avalon Tec Trolley - 120cm";"Ferramentas e acessórios > Transporte e proteção > Cases, Marcas > Avalon";;;;;;;2,400.00;;10.00;28.00;43.00;125.00;0;ND;CASAVATEC120;6426015441425;SIM;NÃO;;"Case, Mala";"Case de Composto Avalon Tec Trolley";"Carregue seu arco com praticidade e segurança com o Case de Composto Avalon Tec Trolley, resistente, impermeável e com cadeado. Perfeito para viagens e para o dia a dia. Garanta já!";Avalon;SIM;A082255;Unissex;;
case-composto-tec-trolley-113;"Case de Composto Avalon Tec Trolley - 113cm";"Ferramentas e acessórios > Transporte e proteção > Cases, Marcas > Avalon";;;;;;;2,300.00;;9.60;28.00;43.00;120.00;0;ND;CASAVATEC113;6426011526584;SIM;NÃO;;"Case, Mala";"Case de Composto Avalon Tec Trolley 113cm";"Carregue seu arco composto com segurança e praticidade com o Case Avalon Tec Trolley. Estrutura reforçada, impermeável, rodas e cadeado TSA. Garanta já!";Avalon;SIM;A082254;Unissex;;
case-recurvo-avalon-tec;"Case de Recurvo Avalon Tec Trolley";"Ferramentas e acessórios > Transporte e proteção > Cases, Marcas > Avalon, Acessórios > Transporte e proteção";;;;;;;0.00;;0.00;0.00;0.00;0.00;;ND;CASAVATECPRE;6426003940947;NÃO;NÃO;;"Case, Mala";"Case de Recurvo Avalon Tec Trolley: Proteção e Praticidade";"Leve seus arcos para onde quiser com segurança e praticidade com o Case de Recurvo Avalon Tec Trolley: estrutura reforçada, rodas grandes, espaço para dois arcos e cadeado TSA. Garanta já o seu!";Avalon;SIM;A070903;Unissex;;
case-recurvo-avalon-pwrdlx;"Case de Recurvo Avalon Powr Deluxe";"Ferramentas e acessórios > Transporte e proteção > Cases, Marcas > Avalon";Cor;Cinza;;;;;2,730.00;;8.50;28.00;43.00;99.00;3;ND;CASAVADELBC;6426030351358;SIM;NÃO;;"Case, Mala";"Case Recurvo Avalon Powr Deluxe: Transporte e Proteção";"Leve seus arcos com segurança e praticidade com o Case Avalon Powr Deluxe. Espaço para dois arcos, rodas grandes e cadeado TSA. Ideal para viagens e uso diário. Compre agora!";Avalon;SIM;A070288;Unissex;;
case-recurvo-avalon-pwrdlx;;;Cor;Oliva;;;;;0.00;;8.50;28.00;43.00;99.00;3;ND;CASAVADELBC;6426030351358;;;;;;;;;A070288;Unissex;;
case-recurvo-avalon-powr;"Case de Recurvo Avalon Powr";"Ferramentas e acessórios > Transporte e proteção > Cases, Marcas > Avalon";Cor;Azul;;;;;2,550.00;;8.50;28.00;43.00;99.00;1;ND;CASAVAPOWAV;6426014249237;SIM;NÃO;;"Case, Mala";"Case de Recurvo Avalon Powr: Proteção e Mobilidade";"Proteja seus arcos com o Case Avalon Powr. Espaçoso, uma lada de transporte resistente e ideal para viagens. Compre agora e carregue seus equipamentos com segurança!";Avalon;SIM;A082439;Unissex;;
case-recurvo-avalon-powr;;;Cor;Vermelho;;;;;2,550.00;;8.50;28.00;43.00;99.00;2;ND;CASAVAPOWAV;6426014249237;;;;;;;;;A082439;Unissex;;
laminainiciante;"Lâmina de Arco Recurvo Iniciante";"Arcos > Arcos iniciantes > Lâminas";Tamanho;"66""";Potência;14#;;;520.00;;0.54;6.00;15.00;66.00;;ND;LAMSANINIMAD;;SIM;NÃO;;"arco de madeira, arco iniciante, Arco recuvo, Laminas";"Lâmina para Arco Recurvo Iniciante";"Experimente a Lâmina de Arco Recurvo Iniciante da Sanlida, feita com materiais premium para maior velocidade e estabilidade. Comece sua jornada no tiro com arco!";Sanlida;SIM;;;;
laminainiciante;;;Tamanho;"66""";Potência;16#;;;520.00;;0.54;6.00;15.00;66.00;;ND;LAMSANINIMAD;;;;;;;;;;;;;
laminainiciante;;;Tamanho;"66""";Potência;18#;;;520.00;;0.54;6.00;15.00;66.00;;ND;LAMSANINIMAD;;;;;;;;;;;;;
laminainiciante;;;Tamanho;"66""";Potência;20#;;;520.00;;0.54;6.00;15.00;66.00;;ND;LAMSANINIMAD;;;;;;;;;;;;;
laminainiciante;;;Tamanho;"66""";Potência;22#;;;520.00;;0.54;6.00;15.00;66.00;;ND;LAMSANINIMAD;;;;;;;;;;;;;
laminainiciante;;;Tamanho;"66""";Potência;24#;;;520.00;;0.54;6.00;15.00;66.00;;ND;LAMSANINIMAD;;;;;;;;;;;;;
laminainiciante;;;Tamanho;"66""";Potência;26#;;;520.00;;0.54;6.00;15.00;66.00;;ND;LAMSANINIMAD;;;;;;;;;;;;;
laminainiciante;;;Tamanho;"66""";Potência;28#;;;520.00;;0.54;6.00;15.00;66.00;;ND;LAMSANINIMAD;;;;;;;;;;;;;
laminainiciante;;;Tamanho;"66""";Potência;30#;;;520.00;;0.54;6.00;15.00;66.00;;ND;LAMSANINIMAD;;;;;;;;;;;;;
laminainiciante;;;Tamanho;"66""";Potência;32#;;;520.00;;0.54;6.00;15.00;66.00;;ND;LAMSANINIMAD;;;;;;;;;;;;;
laminainiciante;;;Tamanho;"68""";Potência;14#;;;520.00;;0.54;6.00;15.00;66.00;;ND;LAMSANINIMAD;;;;;;;;;;;;;
laminainiciante;;;Tamanho;"68""";Potência;16#;;;520.00;;0.54;6.00;15.00;66.00;;ND;LAMSANINIMAD;;;;;;;;;;;;;
laminainiciante;;;Tamanho;"68""";Potência;18#;;;520.00;;0.54;6.00;15.00;66.00;;ND;LAMSANINIMAD;;;;;;;;;;;;;
laminainiciante;;;Tamanho;"68""";Potência;20#;;;520.00;;0.54;6.00;15.00;66.00;;ND;LAMSANINIMAD;;;;;;;;;;;;;
laminainiciante;;;Tamanho;"68""";Potência;22#;;;520.00;;0.54;6.00;15.00;66.00;;ND;LAMSANINIMAD;;;;;;;;;;;;;
laminainiciante;;;Tamanho;"68""";Potência;24#;;;520.00;;0.54;6.00;15.00;66.00;;ND;LAMSANINIMAD;;;;;;;;;;;;;
laminainiciante;;;Tamanho;"68""";Potência;26#;;;520.00;;0.54;6.00;15.00;66.00;;ND;LAMSANINIMAD;;;;;;;;;;;;;
laminainiciante;;;Tamanho;"68""";Potência;28#;;;520.00;;0.54;6.00;15.00;66.00;;ND;LAMSANINIMAD;;;;;;;;;;;;;
laminainiciante;;;Tamanho;"68""";Potência;30#;;;520.00;;0.54;6.00;15.00;66.00;;ND;LAMSANINIMAD;;;;;;;;;;;;;
laminainiciante;;;Tamanho;"68""";Potência;32#;;;520.00;;0.54;6.00;15.00;66.00;;ND;LAMSANINIMAD;;;;;;;;;;;;;
laminainiciante;;;Tamanho;"70""";Potência;14#;;;520.00;;0.54;6.00;15.00;66.00;;ND;LAMSANINIMAD;;;;;;;;;;;;;
laminainiciante;;;Tamanho;"70""";Potência;16#;;;520.00;;0.54;6.00;15.00;66.00;;ND;LAMSANINIMAD;;;;;;;;;;;;;
laminainiciante;;;Tamanho;"70""";Potência;18#;;;520.00;;0.54;6.00;15.00;66.00;;ND;LAMSANINIMAD;;;;;;;;;;;;;
laminainiciante;;;Tamanho;"70""";Potência;20#;;;520.00;;0.54;6.00;15.00;66.00;;ND;LAMSANINIMAD;;;;;;;;;;;;;
laminainiciante;;;Tamanho;"70""";Potência;22#;;;520.00;;0.54;6.00;15.00;66.00;;ND;LAMSANINIMAD;;;;;;;;;;;;;
laminainiciante;;;Tamanho;"70""";Potência;24#;;;520.00;;0.54;6.00;15.00;66.00;;ND;LAMSANINIMAD;;;;;;;;;;;;;
laminainiciante;;;Tamanho;"70""";Potência;26#;;;520.00;;0.54;6.00;15.00;66.00;;ND;LAMSANINIMAD;;;;;;;;;;;;;
laminainiciante;;;Tamanho;"70""";Potência;28#;;;520.00;;0.54;6.00;15.00;66.00;;ND;LAMSANINIMAD;;;;;;;;;;;;;
laminainiciante;;;Tamanho;"70""";Potência;30#;;;520.00;;0.54;6.00;15.00;66.00;;ND;LAMSANINIMAD;;;;;;;;;;;;;
laminainiciante;;;Tamanho;"70""";Potência;32#;;;520.00;;0.54;6.00;15.00;66.00;;ND;LAMSANINIMAD;;;;;;;;;;;;;
alvo-animal-jogo-completo-para-14-alvos-maple-leaf;"Alvo Animal - (Jogo Completo para 14 alvos) - Maple Leaf";"Alvos e anteparos > Faces de alvo";Numeração;Par;;;;;520.00;;1.20;6.00;16.00;86.00;1;ND;;;SIM;NÃO;;;;;"Maple Leaf";SIM;;;;
alvo-animal-jogo-completo-para-14-alvos-maple-leaf;;;Numeração;ìmpar;;;;;520.00;;1.20;6.00;16.00;86.00;5;ND;;;;;;;;;;;;;;
peso-barebow-540g-720x;"Peso Barebow 540g - 720x";"Partes de arco, Partes de arco > Arco recurvo > Pesos, Partes de arco > Estabilizadores > Pesos, Marcas > 720x";;;;;;;173.00;;0.54;4.50;5.60;5.60;0;ND;;;NÃO;NÃO;;Peso;;;;SIM;;;;
peso-barebow-610g-720x;"Peso Barebow 600g - 720x";"Partes de arco, Partes de arco > Arco recurvo > Pesos, Partes de arco > Estabilizadores > Pesos, Marcas > 720x";;;;;;;187.00;;0.63;4.50;5.60;5.60;1;ND;;;SIM;NÃO;;Peso;;;;SIM;;;;
peso-barebow-625g-720x;"Peso Barebow 625g - 720x";"Partes de arco, Partes de arco > Arco recurvo > Pesos, Partes de arco > Estabilizadores > Pesos, Marcas > 720x";;;;;;;190.00;;0.63;4.50;5.60;5.60;0;ND;;;NÃO;NÃO;;Peso;;;;SIM;;;;
peso-barebow-450g-720x;"Peso Barebow 450g - 720x";"Partes de arco, Partes de arco > Arco recurvo > Pesos, Partes de arco > Estabilizadores > Pesos, Marcas > 720x";;;;;;;153.00;;0.45;3.00;4.50;4.50;0;ND;;;SIM;NÃO;;Peso;;;720x;SIM;;;;
punhodemadeira;"Punho Iniciante Sanlida";"Arcos > Arcos iniciantes > Punhos";;;;;;;0.00;;0.00;0.00;0.00;0.00;0;ND;ARCSANPUNMAD;;NÃO;NÃO;;"arco, arco de madeira, arco e flecha, arco iniciante, Arco recuvo";"Punho Iniciante de Madeira Sanlida para Tiro com Arco";"Experimente o Punho Iniciante de Madeira da Sanlida, ideal para iniciantes no tiro com arco. Leve e fácil de usar! Adquira já o seu!";Sanlida;SIM;;Unissex;Adulto;
longbow;"Kit Arco Longbow - Arco Tradicional de Madeira";"Arcos > Arcos tradicionais > Longbow";Potência;"55 lb";;;;;2,020.00;;1.61;5.00;10.00;179.00;3;ND;A074517;;SIM;NÃO;;"arco de madeira, arco tradicional";"Arco Tradicional Long Bow";"Conheça o Kit Completo de Arco Long Bow, com tudo que você precisa para começar a atirar. Inclui arco, flechas e acessórios essenciais. Adquira já o seu!";Sanlida;SIM;200.614.002;Unissex;;
longbow;;;Potência;"40 lb";;;;;2,020.00;;1.61;5.00;10.00;179.00;2;ND;A074517;;;;;;;;;;200.614.002;Unissex;;
longbow;;;Potência;"35 lb";;;;;2,020.00;;1.61;5.00;10.00;179.00;2;ND;A074517;;;;;;;;;;200.614.002;Unissex;;
dedeira_x10;"Dedeira Sanlida X10";"Ferramentas e acessórios > Acessórios do arqueiro > Dedeira";Tamanho;P;Orientação;"Canhoto (LH)";;;959.00;;0.00;0.00;0.00;0.00;;ND;A055494;;NÃO;NÃO;;Dedeira;"Dedeira Sanlida X10 Dourada - Alto Desempenho";"Experimente a Dedeira Sanlida X10. Com ajuste personalizável e construção multicamadas, é ideal para quem busca conforto, procesão e durabilidade. Compre agora!";Sanlida;SIM;TBK-SA-202008001;;;
dedeira_x10;;;Tamanho;P;Orientação;"Destro (RH)";;;959.00;;0.00;0.00;0.00;0.00;;ND;A055494;;;;;;;;;;TBK-SA-202008001;;;
dedeira_x10;;;Tamanho;M;Orientação;"Canhoto (LH)";;;959.00;;0.00;0.00;0.00;0.00;;ND;A055494;;;;;;;;;;TBK-SA-202008001;;;
dedeira_x10;;;Tamanho;M;Orientação;"Destro (RH)";;;959.00;;0.00;0.00;0.00;0.00;;ND;A055494;;;;;;;;;;TBK-SA-202008001;;;
dedeira_x10;;;Tamanho;G;Orientação;"Canhoto (LH)";;;959.00;;0.00;0.00;0.00;0.00;;ND;A055494;;;;;;;;;;TBK-SA-202008001;;;
dedeira_x10;;;Tamanho;G;Orientação;"Destro (RH)";;;959.00;;0.00;0.00;0.00;0.00;;ND;A055494;;;;;;;;;;TBK-SA-202008001;;;
mira_dragon_x9;"Mira Sanlida Dragon X9 para Arco Composto - Caça e 3D";"Partes de arco > Arco composto > Mira, Partes de arco > Arco composto > Scope, Marcas > Sanlida";Orientação;"Destro (RH)";;;;;215.00;;0.20;5.00;12.50;8.50;8;ND;A080787;;SIM;NÃO;;"Mira, Scope";"Mira Sanlida Dragon X9 para Arco Composto - Alta Precisão";"Experimente a precisão da Mira Sanlida Dragon X9, feita em alumínio resistente. Ideal para caça e tiro 3D. Garanta já a sua!";Sanlida;SIM;205096001;;;
rest-drop-away-sanlida-dragon-10-para-arco-composto;"Rest Drop Away Sanlida Dragon 10 para Arco Composto";"Partes de arco > Arco composto > Rest, Marcas > Sanlida";Orientação;"Destro (RH)";;;;;860.00;;0.37;5.50;20.50;12.50;3;ND;A080788;;SIM;NÃO;;"Rest, Rest Composto";"Rest Drop Away Sanlida Dragon 10 para Arco Composto";"Descubra o Rest Drop Away Sanlida Dragon 10: precisão, durabilidade e praticidade. Potencialize seu desempenho no arco composto hoje mesmo!";Sanlida;SIM;205089001;;;
estabilizador_dragon10;"Estabilizador Sanlida Dragon 10 para Caça e 3D";"Partes de arco > Estabilizadores > Curto";;;;;;;413.00;;0.21;5.00;5.00;17.50;9;ND;A080790;;SIM;NÃO;;Estabilizador;"Estabilizador Sanlida Dragon 10 para Caça 3D";"Melhore sua precisão com o Estabilizador Sanlida Dragon 10. Estrutura leve, design avançado e absorção de vibrações. Adquira já o seu!";Sanlida;SIM;205.090.001;;;
truglo_veros;"Mira Truglo Veros Ultra-Bright para Caça e 3D";"Partes de arco > Arco composto > Mira, Partes de arco > Arco composto > Scope";Cor;Preto;;;;;1,500.00;;0.60;8.00;25.00;25.00;5;ND;A047756;;SIM;NÃO;;"Mira, Scope";"Mira Truglo Veros Ultra-Bright para Caça e 3D";"Descubra a Mira Truglo Veros Ultra-Bright: ajuste preciso, pinos duráveis e luz LED para máxima visibilidade. Melhore seu desempenho na caça! Compre agora!";Truglo;SIM;TG5105B;Unissex;;
tecx_maxx;"Rest para Composto Avalon Tec X Maxx";"Partes de arco > Arco composto > Rest, Marcas > Avalon";Cor;Preto;Orientação;"Destro (RH)";;;670.00;;0.29;5.00;12.50;9.50;0;ND;A051167;;SIM;NÃO;;"Rest, Rest Composto";"Rest para Composto Avalon Tec X Maxx - Ajustável e Preciso";"O Rest para Composto Avalon Tec X Maxx oferece ajustes fáceis e precisos, garantindo um alinhamento perfeito. Adquira já o seu e melhore sua performance!";Avalon;SIM;PSS-A-TP827-01;;;
tecx_maxx;;;Cor;Preto;Orientação;"Canhoto (LH)";;;670.00;;0.29;5.00;12.50;9.50;5;ND;A051167;;;;;;;;;;PSS-A-TP827-01;;;
beiter_string_tool;"Ferramenta de Corda Beiter";"Ferramentas e acessórios > Ferramentas de regulagem, Marcas > Beiter";;;;;;;126.00;;0.01;2.00;7.00;15.00;3;ND;A028001;;SIM;NÃO;;"Corda, ferramentas para arco, regulagem de arco";"Ferramenta de Cordas Beiter: Precisão e Versatilidade";"Descubra a Ferramenta de Cordas Beiter, ideal para contagem de fios, instalação do Peep-Sight e muito mais. Garanta precisão e facilidade na regulagem do seu arco!";Beiter;SIM;"WTN STRTL";Unissex;;
beiter_serving_shifter;"Ferramenta Beiter Serving Shifter";"Ferramentas e acessórios > Ferramentas de regulagem, Marcas > Beiter";;;;;;;103.00;;0.01;1.00;7.00;15.00;3;ND;A045753;;SIM;NÃO;;"ferramentas para arco, Maquina de serving";"Ferramenta para Ajuste de serving da Beiter";"Ajuste preciso e fácil do serving com a Beiter. Melhore a durabilidade da sua corda e a precisão do seu nocking point. Adquira já a sua!";Beiter;SIM;WTN-SERVINGSHIFTER;;;
separador_corda_beiter;"Separador de Corda e Cabo Beiter Distance Holder";"Ferramentas e acessórios > Ferramentas de regulagem";Cor;Laranja;;;;;215.00;;0.15;6.00;17.00;27.00;3;ND;A021771;;SIM;NÃO;;"ferramentas para arco, regulagem arco composto, regulagem de arco";"Separador de Corda Beiter para Arcos Compostos";"Otimize seu trabalho com o Separador de Corda Beiter. Compacto e fácil de usar, ideal para ajustes em arcos compostos. Adquira já o seu!";Beiter;SIM;"SGO BDH";;;
separador_corda_beiter;;;Cor;Preto;;;;;215.00;;0.15;6.00;17.00;27.00;4;ND;A021771;;;;;;;;;;"SGO BDH";;;
lube_tube_aae;"Silicone para Flechas AAE";"Ferramentas e acessórios > Acessórios do arqueiro > Puxador de flecha";;;;;;;230.00;;0.05;3.00;10.00;20.00;1;ND;A010342;;SIM;NÃO;;"puxador de flecha, silicone";"Silicone para Flechas AAE - Prático e Durável";"Descubra o Silicone para Flechas AAE: fácil aplicação, leve e reutilizável. Ideal para todos os tipos de flechas. Garanta o seu agora!";AAE;SIM;96881000529;Unissex;;
rest_shibuya;"Rest Magnético SHIBUYA ULTIMA";"Partes de arco > Arco recurvo > Rest, Marcas > Shibuya";Cor;Preto;;;;;503.00;;0.03;3.00;12.00;10.00;6;ND;A018703;;SIM;NÃO;;"Rest, rest magnetico";"Rest Magnético SHIBUYA ULTIMA: Durabilidade e Precisão";"Experimente o Rest Magnético SHIBUYA ULTIMA com ajuste duplo e usinagem CNC. Maximize sua performance. Compre agora e sinta a diferença!";Shibuya;SIM;PSK-SH-370141;Unissex;;
rest_shibuya;;;Cor;Prata;;;;;503.00;;0.03;3.00;12.00;10.00;0;ND;A065008;;;;;;;;;;370146;;;
royal_x8;"Kit de Arco Recurvo Tradicional de Madeira Royal X8 60""";"Arcos > Arcos tradicionais > Hunter Bow";Potência;"45 lb";Orientação;Destro;;;1,920.00;;2.00;6.00;17.00;146.00;0;ND;A074507;;SIM;NÃO;;"arco de madeira, arco tradicional, treino para arco";"Kit de Arco Tradicionaç de Madeira Royal X8";"Conheça o Kit de Arco Tradicional Royal X8, leve, potente, resistente e bonito. Adquira o seu!";Sanlida;SIM;6976176934323;Unissex;;
royal_x8;;;Potência;"40 lb";Orientação;Destro;;;1,920.00;;2.00;6.00;17.00;146.00;2;ND;A074507;;;;;;;;;;6976176934323;Unissex;;
royal_x8;;;Potência;"35 lb";Orientação;Destro;;;1,920.00;;2.00;6.00;17.00;146.00;0;ND;A074507;;;;;;;;;;6976176934323;Unissex;;
horse_bow;"Arco Freddie Archery Warrior Horse Bow 53""";"Arcos > Arcos tradicionais > Horse Bow";Potência;"40 lbs";;;;;2,400.00;;0.73;5.00;40.00;114.00;2;ND;A056216;;SIM;NÃO;;"arco tradicional, arquearia montada, horse bow";"Arco Freddie Archery Warrior 53"" - Para Arquearia Montada";"Conheça o arco tradicional Freddie Archery Warrior de 53"" leve, potente e bonito. Ideal para arqueiros de todos os níveis! Compre já!";Freddie;SIM;JDA-FA-WAR-5325;;;
horse_bow;;;Potência;"45 lbs";;;;;2,400.00;;0.73;5.00;40.00;114.00;0;ND;A056216;;;;;;;;;;JDA-FA-WAR-5325;;;
mira-recurvo-classic-first-preta;"Mira recurvo Classic First Preta";"Partes de arco > Arco recurvo > Miras, Marcas > Avalon";Orientação;"Destro (RH)";;;;;480.00;;0.34;5.00;22.00;34.00;0;ND;A026480;;SIM;NÃO;;Mira;"Mira Recurvo Classic First";"Descubra a Mira Recurvo Classic First, leve e ideal para iniciantes. Com ajuste rápido e disponível para destros e canhotos. Compre agora!";Avalon;SIM;VSD-A-QT268-11;Unissex;;
mira-recurvo-classic-first-preta;;;Orientação;"Canhoto (LH)";;;;;480.00;;0.34;5.00;22.00;34.00;1;ND;A026480;;;;;;;;;;VSD-A-QT268-11;Unissex;;
mantis_x8;"MANTIS X8";"Ferramentas e acessórios > Ferramentas de regulagem";;;;;;;1,600.00;;0.20;6.00;10.00;15.00;4;ND;A046481;;SIM;NÃO;;"regulagem de arco, treino para arco";"MANTIS X8: Análise de desempenho com Feedback em Tempo Real";"Transforme seu treino de arco com o Mantis X8! Análise de desempenho em tempo real para melhorar sua precisão. Compre agora e nunca erre novamente!";Mantis;SIM;MT-1008;Unissex;;
decut;"Empenador Decut Charge";"Ferramentas e acessórios > Ferramentas de regulagem";;;;;;;287.00;;0.80;8.00;18.00;28.00;0;ND;A071429;;SIM;NÃO;;"colar penas, decut, empenador";"Empenador Decut Charge: Precisão e Estabilidade";"Descubra o Empenador Decut Charge, ideal para colar penas com precisão. Ajuste rotativo e construção durável garantem estabilidade. Adquira já o seu!";Decut;SIM;VZS-DC-CHARGE-BLK;Unissex;;
penas_elite_ep40;"Pena AAE Elite EP40";"Flechas > Componentes de flechas > Penas, Flechas > Penas/ Vanes";Quantidade;"12 unidades";Cor;Azul;;;28.00;;0.05;1.00;8.00;8.00;;ND;A046488;;SIM;NÃO;;"pena de borracha, pena para flecha, penas";"Penas AAE Vane Elite EP40 - Diversas Cores e Tamanhos";"Descubra as Penas AAE Vane Elite EP40 em várias cores e opções de quantidades. ";Elite;SIM;VPE-1D-EPA40RD-100PK;Unissex;;
penas_elite_ep40;;;Quantidade;"12 unidades";Cor;Branco;;;28.00;;0.05;1.00;8.00;8.00;;ND;A046488;;;;;;;;;;;Unissex;;
penas_elite_ep40;;;Quantidade;"12 unidades";Cor;Laranja;;;28.00;;0.05;1.00;8.00;8.00;;ND;A046488;;;;;;;;;;;Unissex;;
penas_elite_ep40;;;Quantidade;"12 unidades";Cor;Pink;;;28.00;;0.05;1.00;8.00;8.00;;ND;A046488;;;;;;;;;;;Unissex;;
penas_elite_ep40;;;Quantidade;"12 unidades";Cor;Verde;;;28.00;;0.05;1.00;8.00;8.00;0;ND;A046488;;;;;;;;;;;Unissex;;
penas_elite_ep40;;;Quantidade;"12 unidades";Cor;Vermelho;;;28.00;;0.05;1.00;8.00;8.00;;ND;A046488;;;;;;;;;;;Unissex;;
penas_elite_ep40;;;Quantidade;"12 unidades";Cor;Preto;;;28.00;;0.05;1.00;8.00;8.00;;ND;A046488;;;;;;;;;;;Unissex;;
penas_elite_ep40;;;Quantidade;"12 unidades";Cor;Roxo;;;28.00;;0.05;1.00;8.00;8.00;;ND;A046488;;;;;;;;;;;Unissex;;
penas_elite_ep40;;;Quantidade;100;Cor;Azul;;;202.00;;0.05;1.00;8.00;8.00;;ND;A046488;;;;;;;;;;;Unissex;;
penas_elite_ep40;;;Quantidade;100;Cor;Branco;;;202.00;;0.05;1.00;8.00;8.00;;ND;A046488;;;;;;;;;;;Unissex;;
penas_elite_ep40;;;Quantidade;100;Cor;Laranja;;;202.00;;0.05;1.00;8.00;8.00;;ND;A046488;;;;;;;;;;;Unissex;;
penas_elite_ep40;;;Quantidade;100;Cor;Pink;;;202.00;;0.05;1.00;8.00;8.00;;ND;A046488;;;;;;;;;;;Unissex;;
penas_elite_ep40;;;Quantidade;100;Cor;Verde;;;202.00;;0.05;1.00;8.00;8.00;0;ND;A046488;;;;;;;;;;;Unissex;;
penas_elite_ep40;;;Quantidade;100;Cor;Vermelho;;;202.00;;0.05;1.00;8.00;8.00;;ND;A046488;;;;;;;;;;;Unissex;;
penas_elite_ep40;;;Quantidade;100;Cor;Preto;;;202.00;;0.05;1.00;8.00;8.00;;ND;A046488;;;;;;;;;;;Unissex;;
penas_elite_ep40;;;Quantidade;100;Cor;Roxo;;;202.00;;0.05;1.00;8.00;8.00;;ND;A046488;;;;;;;;;;;Unissex;;
suporte_composto_tec-x;"Suporte para Arco Composto TEC-X Ajustável com Proteção para Lâminas - Cinza";"Ferramentas e acessórios > Acessórios do arqueiro > Apoio de arco";;;;;;;185.00;;0.20;3.00;15.00;20.00;6;ND;A048109;;SIM;NÃO;;;"Suporte para Arco Composto TEC-X Ajustável - Cinza";"Conheça o Suporte TEC-X: ajustável, estável e com proteção para lâminas. Ideal para arcos compostos. Adquira já o seu!";;SIM;BSS-AV-QT518-GRAY;Unissex;;
cola_bohning_azul;"Cola Bohning Ferr-L-Tite Cool-Flex";"Ferramentas e acessórios > Ferramentas de regulagem";;;;;;;47.00;;0.02;2.00;2.00;8.00;28;ND;A016178;;SIM;NÃO;;"cola para flecha, cola para ponta de flecha";"Cola Bohning Ferr-L-Tite Cool-Flex 12g para Flechas";"Experimente a Cola Bohning Ferr-L-Tite Cool-Flex, ideal para pontas e insert em flechas de carbono, alumínio e fibra de vidro. Compre agora!";;SIM;LMN-13081;Unissex;;
kit-iniciante-sanlida;"Kit Arco Iniciante Sanlida";"Arcos > Arcos iniciantes > Kits, Marcas > Sanlida";Tamanho;"66""";Potência;14#;Orientação;"Destro (RH)";1,200.00;;1.80;8.00;19.00;71.00;;ND;A072860;;SIM;NÃO;;"arco iniciante, Arco Recurvo, kit iniciante, tiro com arco";"Kit Arco Iniciante Sanlida - Conforto e Precisão";"Descubra o Kit Arco Iniciante Sanlida, com riser em madeira, lâminas aprimoradas e acessórios completos. Ideal para quem está se iniciando no esporte. Compre agora!";Sanlida;SIM;200.391.001;Unissex;;
kit-iniciante-sanlida;;;Tamanho;"66""";Potência;14#;Orientação;"Canhoto (LH)";1,200.00;;1.80;8.00;19.00;71.00;;ND;A072860;;;;;;;;;;200.391.001;Unissex;;
kit-iniciante-sanlida;;;Tamanho;"66""";Potência;16#;Orientação;"Destro (RH)";1,200.00;;1.80;8.00;19.00;71.00;;ND;A072860;;;;;;;;;;200.391.001;Unissex;;
kit-iniciante-sanlida;;;Tamanho;"66""";Potência;16#;Orientação;"Canhoto (LH)";1,200.00;;1.80;8.00;19.00;71.00;;ND;A072860;;;;;;;;;;200.391.001;Unissex;;
kit-iniciante-sanlida;;;Tamanho;"66""";Potência;18#;Orientação;"Destro (RH)";1,200.00;;1.80;8.00;19.00;71.00;;ND;A072860;;;;;;;;;;200.391.001;Unissex;;
kit-iniciante-sanlida;;;Tamanho;"66""";Potência;18#;Orientação;"Canhoto (LH)";1,200.00;;1.80;8.00;19.00;71.00;;ND;A072860;;;;;;;;;;200.391.001;Unissex;;
kit-iniciante-sanlida;;;Tamanho;"66""";Potência;20#;Orientação;"Destro (RH)";1,200.00;;1.80;8.00;19.00;71.00;;ND;A072860;;;;;;;;;;200.391.001;Unissex;;
kit-iniciante-sanlida;;;Tamanho;"66""";Potência;20#;Orientação;"Canhoto (LH)";1,200.00;;1.80;8.00;19.00;71.00;;ND;A072860;;;;;;;;;;200.391.001;Unissex;;
kit-iniciante-sanlida;;;Tamanho;"66""";Potência;22#;Orientação;"Destro (RH)";1,200.00;;1.80;8.00;19.00;71.00;;ND;A072860;;;;;;;;;;200.391.001;Unissex;;
kit-iniciante-sanlida;;;Tamanho;"66""";Potência;22#;Orientação;"Canhoto (LH)";1,200.00;;1.80;8.00;19.00;71.00;;ND;A072860;;;;;;;;;;200.391.001;Unissex;;
kit-iniciante-sanlida;;;Tamanho;"66""";Potência;24#;Orientação;"Destro (RH)";1,200.00;;1.80;8.00;19.00;71.00;;ND;A072860;;;;;;;;;;200.391.001;Unissex;;
kit-iniciante-sanlida;;;Tamanho;"66""";Potência;24#;Orientação;"Canhoto (LH)";1,200.00;;1.80;8.00;19.00;71.00;;ND;A072860;;;;;;;;;;200.391.001;Unissex;;
kit-iniciante-sanlida;;;Tamanho;"66""";Potência;26#;Orientação;"Destro (RH)";1,200.00;;1.80;8.00;19.00;71.00;;ND;A072860;;;;;;;;;;200.391.001;Unissex;;
kit-iniciante-sanlida;;;Tamanho;"66""";Potência;26#;Orientação;"Canhoto (LH)";1,200.00;;1.80;8.00;19.00;71.00;;ND;A072860;;;;;;;;;;200.391.001;Unissex;;
kit-iniciante-sanlida;;;Tamanho;"66""";Potência;28#;Orientação;"Destro (RH)";1,200.00;;1.80;8.00;19.00;71.00;;ND;A072860;;;;;;;;;;200.391.001;Unissex;;
kit-iniciante-sanlida;;;Tamanho;"66""";Potência;28#;Orientação;"Canhoto (LH)";1,200.00;;1.80;8.00;19.00;71.00;;ND;A072860;;;;;;;;;;200.391.001;Unissex;;
kit-iniciante-sanlida;;;Tamanho;"66""";Potência;30#;Orientação;"Destro (RH)";1,200.00;;1.80;8.00;19.00;71.00;;ND;A072860;;;;;;;;;;200.391.001;Unissex;;
kit-iniciante-sanlida;;;Tamanho;"66""";Potência;30#;Orientação;"Canhoto (LH)";1,200.00;;1.80;8.00;19.00;71.00;;ND;A072860;;;;;;;;;;200.391.001;Unissex;;
kit-iniciante-sanlida;;;Tamanho;"66""";Potência;32#;Orientação;"Destro (RH)";1,200.00;;1.80;8.00;19.00;71.00;;ND;A072860;;;;;;;;;;200.391.001;Unissex;;
kit-iniciante-sanlida;;;Tamanho;"66""";Potência;32#;Orientação;"Canhoto (LH)";1,200.00;;1.80;8.00;19.00;71.00;;ND;A072860;;;;;;;;;;200.391.001;Unissex;;
kit-iniciante-sanlida;;;Tamanho;"""68";Potência;14#;Orientação;"Destro (RH)";1,200.00;;1.80;8.00;19.00;71.00;;ND;A072860;;;;;;;;;;200.391.001;Unissex;;
kit-iniciante-sanlida;;;Tamanho;"""68";Potência;14#;Orientação;"Canhoto (LH)";1,200.00;;1.80;8.00;19.00;71.00;;ND;A072860;;;;;;;;;;200.391.001;Unissex;;
kit-iniciante-sanlida;;;Tamanho;"""68";Potência;16#;Orientação;"Destro (RH)";1,200.00;;1.80;8.00;19.00;71.00;;ND;A072860;;;;;;;;;;200.391.001;Unissex;;
kit-iniciante-sanlida;;;Tamanho;"""68";Potência;16#;Orientação;"Canhoto (LH)";1,200.00;;1.80;8.00;19.00;71.00;;ND;A072860;;;;;;;;;;200.391.001;Unissex;;
kit-iniciante-sanlida;;;Tamanho;"""68";Potência;18#;Orientação;"Destro (RH)";1,200.00;;1.80;8.00;19.00;71.00;;ND;A072860;;;;;;;;;;200.391.001;Unissex;;
kit-iniciante-sanlida;;;Tamanho;"""68";Potência;18#;Orientação;"Canhoto (LH)";1,200.00;;1.80;8.00;19.00;71.00;;ND;A072860;;;;;;;;;;200.391.001;Unissex;;
kit-iniciante-sanlida;;;Tamanho;"""68";Potência;20#;Orientação;"Destro (RH)";1,200.00;;1.80;8.00;19.00;71.00;;ND;A072860;;;;;;;;;;200.391.001;Unissex;;
kit-iniciante-sanlida;;;Tamanho;"""68";Potência;20#;Orientação;"Canhoto (LH)";1,200.00;;1.80;8.00;19.00;71.00;;ND;A072860;;;;;;;;;;200.391.001;Unissex;;
kit-iniciante-sanlida;;;Tamanho;"""68";Potência;22#;Orientação;"Destro (RH)";1,200.00;;1.80;8.00;19.00;71.00;;ND;A072860;;;;;;;;;;200.391.001;Unissex;;
kit-iniciante-sanlida;;;Tamanho;"""68";Potência;22#;Orientação;"Canhoto (LH)";1,200.00;;1.80;8.00;19.00;71.00;;ND;A072860;;;;;;;;;;200.391.001;Unissex;;
kit-iniciante-sanlida;;;Tamanho;"""68";Potência;24#;Orientação;"Destro (RH)";1,200.00;;1.80;8.00;19.00;71.00;;ND;A072860;;;;;;;;;;200.391.001;Unissex;;
kit-iniciante-sanlida;;;Tamanho;"""68";Potência;24#;Orientação;"Canhoto (LH)";1,200.00;;1.80;8.00;19.00;71.00;;ND;A072860;;;;;;;;;;200.391.001;Unissex;;
kit-iniciante-sanlida;;;Tamanho;"""68";Potência;26#;Orientação;"Destro (RH)";1,200.00;;1.80;8.00;19.00;71.00;;ND;A072860;;;;;;;;;;200.391.001;Unissex;;
kit-iniciante-sanlida;;;Tamanho;"""68";Potência;26#;Orientação;"Canhoto (LH)";1,200.00;;1.80;8.00;19.00;71.00;;ND;A072860;;;;;;;;;;200.391.001;Unissex;;
kit-iniciante-sanlida;;;Tamanho;"""68";Potência;28#;Orientação;"Destro (RH)";1,200.00;;1.80;8.00;19.00;71.00;;ND;A072860;;;;;;;;;;200.391.001;Unissex;;
kit-iniciante-sanlida;;;Tamanho;"""68";Potência;28#;Orientação;"Canhoto (LH)";1,200.00;;1.80;8.00;19.00;71.00;;ND;A072860;;;;;;;;;;200.391.001;Unissex;;
kit-iniciante-sanlida;;;Tamanho;"""68";Potência;30#;Orientação;"Destro (RH)";1,200.00;;1.80;8.00;19.00;71.00;;ND;A072860;;;;;;;;;;200.391.001;Unissex;;
kit-iniciante-sanlida;;;Tamanho;"""68";Potência;30#;Orientação;"Canhoto (LH)";1,200.00;;1.80;8.00;19.00;71.00;;ND;A072860;;;;;;;;;;200.391.001;Unissex;;
kit-iniciante-sanlida;;;Tamanho;"""68";Potência;32#;Orientação;"Destro (RH)";1,200.00;;1.80;8.00;19.00;71.00;;ND;A072860;;;;;;;;;;200.391.001;Unissex;;
kit-iniciante-sanlida;;;Tamanho;"""68";Potência;32#;Orientação;"Canhoto (LH)";1,200.00;;1.80;8.00;19.00;71.00;;ND;A072860;;;;;;;;;;200.391.001;Unissex;;
kit-iniciante-sanlida;;;Tamanho;"""70";Potência;14#;Orientação;"Destro (RH)";1,200.00;;1.80;8.00;19.00;71.00;;ND;A072860;;;;;;;;;;200.391.001;Unissex;;
kit-iniciante-sanlida;;;Tamanho;"""70";Potência;14#;Orientação;"Canhoto (LH)";1,200.00;;1.80;8.00;19.00;71.00;;ND;A072860;;;;;;;;;;200.391.001;Unissex;;
kit-iniciante-sanlida;;;Tamanho;"""70";Potência;16#;Orientação;"Destro (RH)";1,200.00;;1.80;8.00;19.00;71.00;;ND;A072860;;;;;;;;;;200.391.001;Unissex;;
kit-iniciante-sanlida;;;Tamanho;"""70";Potência;16#;Orientação;"Canhoto (LH)";1,200.00;;1.80;8.00;19.00;71.00;;ND;A072860;;;;;;;;;;200.391.001;Unissex;;
kit-iniciante-sanlida;;;Tamanho;"""70";Potência;18#;Orientação;"Destro (RH)";1,200.00;;1.80;8.00;19.00;71.00;;ND;A072860;;;;;;;;;;200.391.001;Unissex;;
kit-iniciante-sanlida;;;Tamanho;"""70";Potência;18#;Orientação;"Canhoto (LH)";1,200.00;;1.80;8.00;19.00;71.00;;ND;A072860;;;;;;;;;;200.391.001;Unissex;;
kit-iniciante-sanlida;;;Tamanho;"""70";Potência;20#;Orientação;"Destro (RH)";1,200.00;;1.80;8.00;19.00;71.00;;ND;A072860;;;;;;;;;;200.391.001;Unissex;;
kit-iniciante-sanlida;;;Tamanho;"""70";Potência;20#;Orientação;"Canhoto (LH)";1,200.00;;1.80;8.00;19.00;71.00;;ND;A072860;;;;;;;;;;200.391.001;Unissex;;
kit-iniciante-sanlida;;;Tamanho;"""70";Potência;22#;Orientação;"Destro (RH)";1,200.00;;1.80;8.00;19.00;71.00;;ND;A072860;;;;;;;;;;200.391.001;Unissex;;
kit-iniciante-sanlida;;;Tamanho;"""70";Potência;22#;Orientação;"Canhoto (LH)";1,200.00;;1.80;8.00;19.00;71.00;;ND;A072860;;;;;;;;;;200.391.001;Unissex;;
kit-iniciante-sanlida;;;Tamanho;"""70";Potência;24#;Orientação;"Destro (RH)";1,200.00;;1.80;8.00;19.00;71.00;;ND;A072860;;;;;;;;;;200.391.001;Unissex;;
kit-iniciante-sanlida;;;Tamanho;"""70";Potência;24#;Orientação;"Canhoto (LH)";1,200.00;;1.80;8.00;19.00;71.00;;ND;A072860;;;;;;;;;;200.391.001;Unissex;;
kit-iniciante-sanlida;;;Tamanho;"""70";Potência;26#;Orientação;"Destro (RH)";1,200.00;;1.80;8.00;19.00;71.00;;ND;A072860;;;;;;;;;;200.391.001;Unissex;;
kit-iniciante-sanlida;;;Tamanho;"""70";Potência;26#;Orientação;"Canhoto (LH)";1,200.00;;1.80;8.00;19.00;71.00;;ND;A072860;;;;;;;;;;200.391.001;Unissex;;
kit-iniciante-sanlida;;;Tamanho;"""70";Potência;28#;Orientação;"Destro (RH)";1,200.00;;1.80;8.00;19.00;71.00;;ND;A072860;;;;;;;;;;200.391.001;Unissex;;
kit-iniciante-sanlida;;;Tamanho;"""70";Potência;28#;Orientação;"Canhoto (LH)";1,200.00;;1.80;8.00;19.00;71.00;;ND;A072860;;;;;;;;;;200.391.001;Unissex;;
kit-iniciante-sanlida;;;Tamanho;"""70";Potência;30#;Orientação;"Destro (RH)";1,200.00;;1.80;8.00;19.00;71.00;;ND;A072860;;;;;;;;;;200.391.001;Unissex;;
kit-iniciante-sanlida;;;Tamanho;"""70";Potência;30#;Orientação;"Canhoto (LH)";1,200.00;;1.80;8.00;19.00;71.00;;ND;A072860;;;;;;;;;;200.391.001;Unissex;;
kit-iniciante-sanlida;;;Tamanho;"""70";Potência;32#;Orientação;"Destro (RH)";1,200.00;;1.80;8.00;19.00;71.00;;ND;A072860;;;;;;;;;;200.391.001;Unissex;;
kit-iniciante-sanlida;;;Tamanho;"""70";Potência;32#;Orientação;"Canhoto (LH)";1,200.00;;1.80;8.00;19.00;71.00;;ND;A072860;;;;;;;;;;200.391.001;Unissex;;
nova-aljava-field-avalon;"Nova Aljava Field Tec-One da Avalon";"Ferramentas e acessórios > Aljavas > Field, Marcas > Avalon";Cor;Azul;Orientação;"Destro (RH)";;;280.00;;0.70;3.00;18.00;50.00;9;ND;A048148;;SIM;NÃO;;aljava;"Nova Aljava Field Tec-One da Avalon";"Conheça a nova Aljava Field Tec-One da Avalon com novo material, separadores silenciosos para flechas e múltiplos bolsos. Escolha sua cor preferida e garanta a sua!";Avalon;SIM;QTB-AV-SL972-L-BLUE;Unissex;;
nova-aljava-field-avalon;;;Cor;Azul;Orientação;"Canhoto (LH)";;;280.00;;0.70;3.00;18.00;50.00;2;ND;A048138;;;;;;;;;;QTB-AV-SL972-R-BLUE;Unissex;;
nova-aljava-field-avalon;;;Cor;"Azul claro";Orientação;"Destro (RH)";;;280.00;;0.70;3.00;18.00;50.00;4;ND;A048146;;;;;;;;;;QTB-AV-SL972-R-TURQ;Unissex;;
nova-aljava-field-avalon;;;Cor;"Azul claro";Orientação;"Canhoto (LH)";;;280.00;;0.70;3.00;18.00;50.00;0;ND;A048154;;;;;;;;;;QTB-AV-SL972-L-TURQ;Unissex;;
nova-aljava-field-avalon;;;Cor;Cinza;Orientação;"Destro (RH)";;;280.00;;0.70;3.00;18.00;50.00;6;ND;A048137;;;;;;;;;;QTB-AV-SL972-R-COAL;Unissex;;
nova-aljava-field-avalon;;;Cor;Cinza;Orientação;"Canhoto (LH)";;;280.00;;0.70;3.00;18.00;50.00;0;ND;A048155;;;;;;;;;;QTB-AV-SL972-L-COAL;Unissex;;
nova-aljava-field-avalon;;;Cor;Laranja;Orientação;"Destro (RH)";;;280.00;;0.70;3.00;18.00;50.00;6;ND;A048144;;;;;;;;;;QTB-AV-SL972-R-ORAN;Unissex;;
nova-aljava-field-avalon;;;Cor;Laranja;Orientação;"Canhoto (LH)";;;280.00;;0.70;3.00;18.00;50.00;0;ND;A048152;;;;;;;;;;QTB-AV-SL972-L-ORAN;Unissex;;
nova-aljava-field-avalon;;;Cor;Pink;Orientação;"Destro (RH)";;;280.00;;0.70;3.00;18.00;50.00;6;ND;A048145;;;;;;;;;;QTB-AV-SL972-R-PINK;Unissex;;
nova-aljava-field-avalon;;;Cor;Pink;Orientação;"Canhoto (LH)";;;280.00;;0.70;3.00;18.00;50.00;1;ND;A048153;;;;;;;;;;QTB-AV-SL972-L-PINK;Unissex;;
nova-aljava-field-avalon;;;Cor;Preto;Orientação;"Destro (RH)";;;280.00;;0.70;3.00;18.00;50.00;6;ND;A048136;;;;;;;;;;QTB-AV-SL972-R-BLACK;Unissex;;
nova-aljava-field-avalon;;;Cor;Preto;Orientação;"Canhoto (LH)";;;280.00;;0.70;3.00;18.00;50.00;2;ND;A048147;;;;;;;;;;QTB-AV-SL972-L-BLACK;Unissex;;
nova-aljava-field-avalon;;;Cor;Roxo;Orientação;"Destro (RH)";;;280.00;;0.70;3.00;18.00;50.00;7;ND;A048140;;;;;;;;;;QTB-AV-SL972-R-PURP;Unissex;;
nova-aljava-field-avalon;;;Cor;Roxo;Orientação;"Canhoto (LH)";;;280.00;;0.70;3.00;18.00;50.00;0;ND;A048149;;;;;;;;;;QTB-AV-SL972-L-PURP;Unissex;;
nova-aljava-field-avalon;;;Cor;Verde;Orientação;"Destro (RH)";;;280.00;;0.70;3.00;18.00;50.00;9;ND;A048143;;;;;;;;;;QTB-AV-SL972-R-GREEN;Unissex;;
nova-aljava-field-avalon;;;Cor;Verde;Orientação;"Canhoto (LH)";;;280.00;;0.70;3.00;18.00;50.00;0;ND;A048151;;;;;;;;;;QTB-AV-SL972-L-GREEN;Unissex;;
nova-aljava-field-avalon;;;Cor;Vermelho;Orientação;"Destro (RH)";;;280.00;;0.70;3.00;18.00;50.00;8;ND;A048141;;;;;;;;;;QTB-AV-SL972-R-RED;Unissex;;
nova-aljava-field-avalon;;;Cor;Vermelho;Orientação;"Canhoto (LH)";;;280.00;;0.70;3.00;18.00;50.00;2;ND;A048150;;;;;;;;;;QTB-AV-SL972-L-RED;Unissex;;
peiteira-fivics;"Peiteira Fivics Air Pad A2";"Ferramentas e acessórios > Acessórios do arqueiro > Protetor de peito, Marcas > Fivics";Cor;Preto;Tamanho;P;Orientação;"Canhoto (LH)";293.00;;0.20;25.00;4.00;35.00;1;ND;A063323;;SIM;NÃO;;"peiteira, protecao, protetor de peito";"Peiteira Fivics Air Pad A2: Conforto e Proteção para Arqueiros";"Descubra a Peiteira Fivics Air Pad A2, ajustável e com material de malha rígida. Ideal para todos os arqueiros. Compre agora e melhore seu desempenho!";Fivics;SIM;CG001A2LHSBK;Unissex;;
peiteira-fivics;;;Cor;Preto;Tamanho;P;Orientação;"Destro (RH)";293.00;;0.20;25.00;4.00;35.00;9;ND;A063320;;;;;;;;;;CG001A2RHSBK;Unissex;;
peiteira-fivics;;;Cor;Preto;Tamanho;M;Orientação;"Canhoto (LH)";293.00;;0.20;25.00;4.00;35.00;1;ND;A063324;;;;;;;;;;CG001A2LHMBK;Unissex;;
peiteira-fivics;;;Cor;Preto;Tamanho;M;Orientação;"Destro (RH)";293.00;;0.20;25.00;4.00;35.00;3;ND;A063321;;;;;;;;;;CG001A2RHMBK;Unissex;;
peiteira-fivics;;;Cor;Preto;Tamanho;G;Orientação;"Canhoto (LH)";293.00;;0.20;25.00;4.00;35.00;0;ND;A063325;;;;;;;;;;CG001A2LHLBK;Unissex;;
peiteira-fivics;;;Cor;Preto;Tamanho;G;Orientação;"Destro (RH)";293.00;;0.20;25.00;4.00;35.00;4;ND;A063322;;;;;;;;;;CG001A2RHLBK;Unissex;;
peiteira-avalon-classic;"Peiteira Avalon Classic";"Ferramentas e acessórios > Acessórios do arqueiro > Protetor de peito, Marcas > Avalon";Tamanho;PP;Cor;Preto;Orientação;"Canhoto (LH)";110.00;;0.20;10.00;2.00;30.00;0;ND;A068452;;SIM;NÃO;;"peiteira, protecao, protetor de peito";"Peiteira Avalon Classic: Conforto e Ajuste Perfeito";"Experimente o protetor de peito Avalon Classic com malha arejada, acolchoado macio e ajuste fácil. Garanta conforto e segurança para sua prática!";Avalon;SIM;BBT-A-HB081;Unissex;;
peiteira-avalon-classic;;;Tamanho;PP;Cor;Preto;Orientação;"Destro (RH)";110.00;;0.20;10.00;2.00;30.00;0;ND;A068452;;;;;;;;;;BBT-A-HB081;Unissex;;
peiteira-avalon-classic;;;Tamanho;P;Cor;Preto;Orientação;"Canhoto (LH)";110.00;;0.20;10.00;2.00;30.00;3;ND;A068452;;;;;;;;;;BBT-A-HB081;Unissex;;
peiteira-avalon-classic;;;Tamanho;P;Cor;Preto;Orientação;"Destro (RH)";110.00;;0.20;10.00;2.00;30.00;2;ND;A068452;;;;;;;;;;BBT-A-HB081;Unissex;;
peiteira-avalon-classic;;;Tamanho;M;Cor;Preto;Orientação;"Canhoto (LH)";110.00;;0.20;10.00;2.00;30.00;9;ND;A068452;;;;;;;;;;BBT-A-HB081;Unissex;;
peiteira-avalon-classic;;;Tamanho;M;Cor;Preto;Orientação;"Destro (RH)";110.00;;0.20;10.00;2.00;30.00;0;ND;A068452;;;;;;;;;;BBT-A-HB081;Unissex;;
peiteira-avalon-classic;;;Tamanho;G;Cor;Preto;Orientação;"Canhoto (LH)";110.00;;0.20;10.00;2.00;30.00;6;ND;A068452;;;;;;;;;;BBT-A-HB081;Unissex;;
peiteira-avalon-classic;;;Tamanho;G;Cor;Preto;Orientação;"Destro (RH)";110.00;;0.20;10.00;2.00;30.00;0;ND;A068452;;;;;;;;;;BBT-A-HB081;Unissex;;
peiteira-avalon-classic;;;Tamanho;GG;Cor;Preto;Orientação;"Canhoto (LH)";110.00;;0.20;10.00;2.00;30.00;5;ND;A068452;;;;;;;;;;BBT-A-HB081;Unissex;;
peiteira-avalon-classic;;;Tamanho;GG;Cor;Preto;Orientação;"Destro (RH)";110.00;;0.20;10.00;2.00;30.00;0;ND;A068452;;;;;;;;;;BBT-A-HB081;Unissex;;
peiteira-avalon-classic;;;Tamanho;XG;Cor;Preto;Orientação;"Canhoto (LH)";110.00;;0.20;10.00;2.00;30.00;0;ND;A068452;;;;;;;;;;BBT-A-HB081;Unissex;;
peiteira-avalon-classic;;;Tamanho;XG;Cor;Preto;Orientação;"Destro (RH)";110.00;;0.20;10.00;2.00;30.00;0;ND;A068452;;;;;;;;;;BBT-A-HB081;Unissex;;
capa-mira-avalon;"Capa para Mira Avalon";"Ferramentas e acessórios > Transporte e proteção > Capas protetoras, Marcas > Avalon";Cor;Vermelho;;;;;170.00;;0.25;4.00;22.00;37.00;0;ND;A014063;;SIM;NÃO;;"capa protetora";"Capa Universal para Mira Avalon com Zíper Resistente";"Proteja sua mira com a Capa Universal Avalon! Zíper resistente para armazenamento fácil. Adquira já a sua!";Avalon;SIM;HZV-A-SL659-02;Unissex;Adulto;
capa-mira-avalon;;;Cor;Azul;;;;;170.00;;0.25;4.00;22.00;37.00;4;ND;A014062;;;;;;;;;;HZV-A-SL659-01;Unissex;Adulto;
mala-macia-composto-avalon-tec;"Mala Macia para Arco Composto Avalon Tec 116 cm na cor Preta e com Vários Bolsos";"Ferramentas e acessórios > Transporte e proteção > Malas macias, Marcas > Avalon";;;;;;;1,160.00;;1.20;15.00;60.00;110.00;2;ND;A077458;;SIM;NÃO;;"Mala, Mochila, Soft Case";"Mala Macia para Arco Composto Avalon 116 cm Preta";"Conheça a Mala Macia Avalon para Arco Composto, prática e com vários bolsos. Ideal para transportar seu arco com segurança. Compre agora!";Avalon;SIM;TNC-AV-SL1002-BLACK;Unissex;Adulto;
mochila-esportiva-avalon-2;"Mochila Esportiva Avalon";"Ferramentas e acessórios > Transporte e proteção > Mochilas, Marcas > Avalon, Acessórios > Transporte e proteção";;;;;;;630.00;;1.70;30.00;20.00;60.00;3;ND;A071059;;SIM;NÃO;;Mochila;"Mochila Esportiva Avalon com 3 Compartimentos e Conforto";"Experimente a Mochila Esportiva Avalon! Com 3 compartimentos, bolsos laterais e acolchoamento para maior conforto. Adquira já a sua e leve tudo com facilidade!";Avalon;SIM;AV-XBE107;Unissex;Adulto;
alinhador-beiter-arco-composto;"Alinhador Beiter - arco composto";"Ferramentas e acessórios > Ferramentas de regulagem, Marcas > Beiter";;;;;;;100.00;;0.02;2.00;8.00;15.50;0;ND;;;SIM;NÃO;;"Alinhadores, Alinhadores de Laminas, Limb Line Gauge";;;Beiter;SIM;;;;
arco-composto-sanlida-dragon-10;"Arco Composto Sanlida - DRAGON 10";"Arcos > Arcos composto > Dragon 10, Marcas > Sanlida";Puxada;"27-30""";Potência;"50 - 60#";Cor;Preto;6,085.00;;3.00;9.00;33.00;116.00;1;ND;;;SIM;NÃO;;"arco e flecha, caca, tiro com arco";;;Sanlida;SIM;;;;
arco-composto-sanlida-dragon-10;;;Puxada;"27-30""";Potência;"50 - 60#";Cor;Musgo;6,085.00;;3.00;9.00;33.00;116.00;0;ND;;;;;;;;;;;;;;
arco-composto-sanlida-dragon-10;;;Puxada;"27-30""";Potência;"50 - 60#";Cor;Areia;6,085.00;;3.00;9.00;33.00;116.00;1;ND;;;;;;;;;;;;;;
arco-composto-sanlida-dragon-10;;;Puxada;"27-30""";Potência;60-70#;Cor;Preto;6,085.00;;3.00;9.00;33.00;116.00;1;ND;;;;;;;;;;;;;;
arco-composto-sanlida-dragon-10;;;Puxada;"27-30""";Potência;60-70#;Cor;Musgo;6,085.00;;3.00;9.00;33.00;116.00;1;ND;;;;;;;;;;;;;;
arco-composto-sanlida-dragon-10;;;Puxada;"27-30""";Potência;60-70#;Cor;Areia;6,085.00;;3.00;9.00;33.00;116.00;1;ND;;;;;;;;;;;;;;
arco-composto-sanlida-dragon-10;;;Puxada;"30-32""";Potência;"50 - 60#";Cor;Preto;6,085.00;;3.00;9.00;33.00;116.00;1;ND;;;;;;;;;;;;;;
arco-composto-sanlida-dragon-10;;;Puxada;"30-32""";Potência;"50 - 60#";Cor;Musgo;6,085.00;;3.00;9.00;33.00;116.00;0;ND;;;;;;;;;;;;;;
arco-composto-sanlida-dragon-10;;;Puxada;"30-32""";Potência;"50 - 60#";Cor;Areia;6,085.00;;3.00;9.00;33.00;116.00;1;ND;;;;;;;;;;;;;;
arco-composto-sanlida-dragon-10;;;Puxada;"30-32""";Potência;60-70#;Cor;Preto;6,085.00;;3.00;9.00;33.00;116.00;1;ND;;;;;;;;;;;;;;
arco-composto-sanlida-dragon-10;;;Puxada;"30-32""";Potência;60-70#;Cor;Musgo;6,085.00;;3.00;9.00;33.00;116.00;2;ND;;;;;;;;;;;;;;
arco-composto-sanlida-dragon-10;;;Puxada;"30-32""";Potência;60-70#;Cor;Areia;6,085.00;;3.00;9.00;33.00;116.00;1;ND;;;;;;;;;;;;;;
alvos-field-maple-leaf;"Alvos Field - Maple Leaf";"Alvos e anteparos > Faces de alvo";Tamanho;20cm;"Tipo de papel";Comum;;;7.00;;0.00;0.00;0.00;0.00;;ND;;;NÃO;NÃO;;"face de alvo";;;"Maple Leaf";SIM;;;;
alvos-field-maple-leaf;;;Tamanho;20cm;"Tipo de papel";"À prova d'água";;;12.00;;0.00;0.00;0.00;0.00;;ND;;;;;;;;;;;;;;
alvos-field-maple-leaf;;;Tamanho;35cm;"Tipo de papel";Comum;;;6.00;;0.00;0.00;0.00;0.00;;ND;;;;;;;;;;;;;;
alvos-field-maple-leaf;;;Tamanho;35cm;"Tipo de papel";"À prova d'água";;;10.00;;0.00;0.00;0.00;0.00;;ND;;;;;;;;;;;;;;
alvos-field-maple-leaf;;;Tamanho;50cm;"Tipo de papel";Comum;;;9.00;;0.00;0.00;0.00;0.00;;ND;;;;;;;;;;;;;;
alvos-field-maple-leaf;;;Tamanho;50cm;"Tipo de papel";"À prova d'água";;;21.00;;0.00;0.00;0.00;0.00;;ND;;;;;;;;;;;;;;
alvos-field-maple-leaf;;;Tamanho;65cm;"Tipo de papel";Comum;;;13.00;;0.00;0.00;0.00;0.00;;ND;;;;;;;;;;;;;;
alvos-field-maple-leaf;;;Tamanho;65cm;"Tipo de papel";"À prova d'água";;;30.00;;0.00;0.00;0.00;0.00;;ND;;;;;;;;;;;;;;
alvos-field-jogo-completo-para-14-alvos-maple-leaf;"Alvos Field (Jogo Completo para 14 alvos) - Maple Leaf";"Alvos e anteparos > Faces de alvo";"Tipo de papel";Comum;;;;;300.00;;1.30;6.00;16.00;86.00;1;ND;;;SIM;NÃO;;"face de alvo";;;"Maple Leaf";SIM;;;;
alvos-field-jogo-completo-para-14-alvos-maple-leaf;;;"Tipo de papel";"À prova d'água";;;;;580.00;;1.30;6.00;16.00;86.00;1;ND;;;;;;;;;;;;;;
alvos-hunter-jogo-completo-para-14-alvos-maple-leaf;"Alvos Hunter (Jogo Completo para 14 alvos) - Maple Leaf";"Alvos e anteparos > Faces de alvo";"Tipo de papel";Comum;;;;;310.00;;1.30;6.00;16.00;86.00;2;ND;;;SIM;NÃO;;"face de alvo";;;"Maple Leaf";SIM;;;;
alvos-hunter-jogo-completo-para-14-alvos-maple-leaf;;;"Tipo de papel";"À prova d'água";;;;;590.00;;1.30;6.00;16.00;86.00;2;ND;;;;;;;;;;;;;;
kit-hunter-round-37-faces-de-alvo-maple-leaf;"Kit Hunter Round (37 faces de alvo) - Maple Leaf";"Alvos e anteparos > Faces de alvo";"Tipo de papel";Comum;;;;;7.00;;0.00;0.00;0.00;0.00;;ND;;;NÃO;NÃO;;"face de alvo";;;"Maple Leaf";SIM;;;;
kit-hunter-round-37-faces-de-alvo-maple-leaf;;;"Tipo de papel";"À prova d'água";;;;;7.00;;0.00;0.00;0.00;0.00;;ND;;;;;;;;;;;;;;
alvo-animal-grupo-3-maple-leaf;"Alvo Animal - GRUPO 3 - Maple Leaf";"Alvos e anteparos > Faces de alvo";;;;;;;24.00;;0.00;0.00;0.00;0.00;;ND;;;NÃO;NÃO;;;;;"Maple Leaf";SIM;;;;
alvo-animal-grupo-2-maple-leaf;"Alvo Animal - GRUPO 2 - Maple Leaf";"Alvos e anteparos > Faces de alvo";;;;;;;39.00;;0.00;0.00;0.00;102.00;;ND;;;NÃO;NÃO;;;;;"Maple Leaf";SIM;;;;
alvo-animal-grupo-4-maple-leaf;"Alvo Animal - GRUPO 4 - Maple Leaf";"Alvos e anteparos > Faces de alvo";;;;;;;14.00;;0.00;0.00;0.00;0.00;;ND;;;NÃO;NÃO;;;;;"Maple Leaf";SIM;;;;
kit-pro-dragon-x8-camo-sanlida;"Kit Pro Dragon X8 (Camo) - Sanlida";"Arcos > Arcos composto > Dragon 8, Marcas > Sanlida";;;;;;;3,270.00;;5.40;13.00;39.00;96.00;15;ND;;;SIM;NÃO;;;;;Sanlida;SIM;;;;
kit-pro-dragon-x8-preto-sanlida;"Kit Pro Dragon X8 (Preto) - Sanlida";"Arcos > Arcos composto > Dragon 8, Marcas > Sanlida";;;;;;;3,150.00;;5.40;13.00;39.00;96.00;1;ND;;;SIM;NÃO;;;;;Sanlida;SIM;;;;
balestra-composto-killer-instinct-lethal;"Balestra Composto Killer Instinct Lethal";"Arcos > Balestras > Killer Instinct, Marcas > Killer Instinct";;;;;;;4,600.00;;5.60;15.50;25.50;83.00;13;ND;;;SIM;NÃO;;;;;;SIM;;;;
kinetic-static;"Kinetic Static";"Arcos > Arcos composto > Kinetic Static";Cor;Azul;Potência;35-50#;;;3,200.00;;2.59;10.00;33.00;109.00;1;ND;;;SIM;NÃO;;"Arco Composto, composto";;;Kinetic;SIM;;;;
aae-elite-ep16-100-uni;"Pena AAE Elite EP16 (100 uni.)";"Flechas > Componentes de flechas > Penas";Cor;Preto;;;;;130.00;;0.42;7.00;9.00;90.00;;ND;;;SIM;NÃO;;vanes;;;AAE;SIM;;;;
aae-elite-ep16-100-uni;;;Cor;Azul;;;;;130.00;;0.42;7.00;9.00;90.00;;ND;;;;;;;;;;;;;;
aae-elite-ep16-100-uni;;;Cor;Verde;;;;;130.00;;0.42;7.00;9.00;90.00;0;ND;;;;;;;;;;;;;;
aae-elite-ep16-100-uni;;;Cor;Laranja;;;;;130.00;;0.42;7.00;9.00;90.00;;ND;;;;;;;;;;;;;;
aae-elite-ep16-100-uni;;;Cor;Pink;;;;;130.00;;0.42;7.00;9.00;90.00;;ND;;;;;;;;;;;;;;
aae-elite-ep16-100-uni;;;Cor;Roxo;;;;;130.00;;0.42;7.00;9.00;90.00;;ND;;;;;;;;;;;;;;
aae-elite-ep16-100-uni;;;Cor;Vermelho;;;;;130.00;;0.42;7.00;9.00;90.00;;ND;;;;;;;;;;;;;;
aae-elite-ep16-100-uni;;;Cor;Branco;;;;;130.00;;0.42;7.00;9.00;90.00;0;ND;;;;;;;;;;;;;;
aae-elite-ep16-100-uni;;;Cor;Amarelo;;;;;130.00;;0.42;7.00;9.00;90.00;;ND;;;;;;;;;;;;;;
aae-elite-ep16-12-uni;"Pena AAE Elite EP16 (12 uni.)";"Flechas > Componentes de flechas > Penas";Cor;Preto;;;;;16.00;;0.05;5.00;9.00;20.00;;ND;;;SIM;NÃO;;vanes;;;AAE;SIM;;;;
aae-elite-ep16-12-uni;;;Cor;Azul;;;;;16.00;;0.05;5.00;9.00;20.00;;ND;;;;;;;;;;;;;;
aae-elite-ep16-12-uni;;;Cor;Verde;;;;;16.00;;0.05;5.00;9.00;20.00;8;ND;;;;;;;;;;;;;;
aae-elite-ep16-12-uni;;;Cor;Laranja;;;;;16.00;;0.05;5.00;9.00;20.00;;ND;;;;;;;;;;;;;;
aae-elite-ep16-12-uni;;;Cor;Pink;;;;;16.00;;0.05;5.00;9.00;20.00;;ND;;;;;;;;;;;;;;
aae-elite-ep16-12-uni;;;Cor;Roxo;;;;;16.00;;0.05;5.00;9.00;20.00;;ND;;;;;;;;;;;;;;
aae-elite-ep16-12-uni;;;Cor;Vermelho;;;;;16.00;;0.05;5.00;9.00;20.00;;ND;;;;;;;;;;;;;;
aae-elite-ep16-12-uni;;;Cor;Branco;;;;;16.00;;0.05;5.00;9.00;20.00;4;ND;;;;;;;;;;;;;;
aae-elite-ep16-12-uni;;;Cor;Amarelo;;;;;16.00;;0.05;5.00;9.00;20.00;;ND;;;;;;;;;;;;;;
aae-elite-ep23-100-uni;"Pena AAE Elite EP23 (100 uni.)";"Flechas > Componentes de flechas > Penas";Cor;Preto;;;;;140.00;;0.42;7.00;9.00;30.00;;ND;;;SIM;NÃO;;vanes;;;AAE;SIM;;;;
aae-elite-ep23-100-uni;;;Cor;Azul;;;;;140.00;;0.42;7.00;9.00;30.00;2;ND;;;;;;;;;;;;;;
aae-elite-ep23-100-uni;;;Cor;Laranja;;;;;140.00;;0.42;7.00;9.00;30.00;0;ND;;;;;;;;;;;;;;
aae-elite-ep23-100-uni;;;Cor;Pink;;;;;140.00;;0.42;7.00;9.00;30.00;;ND;;;;;;;;;;;;;;
aae-elite-ep23-100-uni;;;Cor;Roxo;;;;;140.00;;0.42;7.00;9.00;30.00;;ND;;;;;;;;;;;;;;
aae-elite-ep23-100-uni;;;Cor;Vermelho;;;;;140.00;;0.42;7.00;9.00;30.00;;ND;;;;;;;;;;;;;;
aae-elite-ep23-100-uni;;;Cor;Branco;;;;;140.00;;0.42;7.00;9.00;30.00;;ND;;;;;;;;;;;;;;
aae-elite-ep23-100-uni;;;Cor;Amarelo;;;;;140.00;;0.42;7.00;9.00;30.00;;ND;;;;;;;;;;;;;;
aae-elite-ep23-100-uni;;;Cor;Verde;;;;;140.00;;0.42;7.00;9.00;30.00;;ND;;;;;;;;;;;;;;
aae-elite-ep23-12-uni;"Pena AAE Elite EP23 (12 uni.)";"Flechas > Componentes de flechas > Penas";Cor;Preto;;;;;18.00;;0.05;7.00;9.00;30.00;;ND;;;SIM;NÃO;;vanes;;;AAE;SIM;;;;
aae-elite-ep23-12-uni;;;Cor;Azul;;;;;18.00;;0.05;7.00;9.00;30.00;1;ND;;;;;;;;;;;;;;
aae-elite-ep23-12-uni;;;Cor;Laranja;;;;;18.00;;0.05;7.00;9.00;30.00;1;ND;;;;;;;;;;;;;;
aae-elite-ep23-12-uni;;;Cor;Pink;;;;;18.00;;0.05;7.00;9.00;30.00;;ND;;;;;;;;;;;;;;
aae-elite-ep23-12-uni;;;Cor;Roxo;;;;;18.00;;0.05;7.00;9.00;30.00;;ND;;;;;;;;;;;;;;
aae-elite-ep23-12-uni;;;Cor;Vermelho;;;;;18.00;;0.05;7.00;9.00;30.00;;ND;;;;;;;;;;;;;;
aae-elite-ep23-12-uni;;;Cor;Branco;;;;;18.00;;0.05;7.00;9.00;30.00;;ND;;;;;;;;;;;;;;
aae-elite-ep23-12-uni;;;Cor;Amarelo;;;;;18.00;;0.05;7.00;9.00;30.00;;ND;;;;;;;;;;;;;;
aae-elite-ep23-12-uni;;;Cor;Verde;;;;;18.00;;0.05;7.00;9.00;30.00;;ND;;;;;;;;;;;;;;
rest-magnetico-avalon-tec-one-maxx;"Rest magnético Avalon Tec One Maxx";"Partes de arco > Arco recurvo > Rest, Marcas > Avalon";Orientação;"Destro (RH)";;;;;180.00;;0.05;2.00;6.00;11.00;11;ND;;;SIM;NÃO;;"rest magnetico";;;Avalon;SIM;;;;
rest-magnetico-avalon-tec-one-maxx;;;Orientação;"Canhoto (LH)";;;;;180.00;;0.05;2.00;6.00;11.00;7;ND;;;;;;;;;;;;;;
rest-avalon-stick-on-axis-magnetico;"Rest Avalon Stick On Axis Magnético";"Partes de arco > Arco recurvo > Rest, Marcas > Avalon";Orientação;"Canhoto (LH)";;;;;96.00;;0.03;2.00;6.00;11.00;1;ND;;;SIM;NÃO;;"rest magnetico";;;Avalon;SIM;;;;
target-bags-tec50;"Target Bags Tec50";"Alvos e anteparos > Anteparos";;;;;;;650.00;;5.00;30.00;50.00;50.00;13;ND;;;SIM;NÃO;;Anteparo;;;Avalon;SIM;;;;
target-bags-tec30;"Target Bags Tec30";"Alvos e anteparos > Anteparos";;;;;;;480.00;;3.50;35.00;35.00;35.00;5;ND;;;SIM;NÃO;;Anteparo;;;Avalon;SIM;;;;
mira-avalon-tec-one-maxx-recurvo;"Mira Avalon Tec One Maxx (Recurvo)";"Partes de arco > Arco recurvo > Miras";Cor;Preto;Orientação;"Canhoto (LH)";;;1,088.00;;0.75;4.00;34.00;24.00;0;ND;;;SIM;NÃO;;Mira;;;Avalon;SIM;;;;
mira-avalon-tec-one-maxx-recurvo;;;Cor;Preto;Orientação;"Destro (RH)";;;1,088.00;;0.75;4.00;34.00;24.00;0;ND;;;;;;;;;;;;;;
mira-avalon-tec-one-maxx-recurvo;;;Cor;Prata;Orientação;"Canhoto (LH)";;;1,088.00;;0.75;4.00;34.00;24.00;0;ND;;;;;;;;;;;;;;
mira-avalon-tec-one-maxx-recurvo;;;Cor;Prata;Orientação;"Destro (RH)";;;1,088.00;;0.75;4.00;34.00;24.00;0;ND;;;;;;;;;;;;;;
mira-avalon-tec-one-maxx-recurvo;;;Cor;Azul;Orientação;"Canhoto (LH)";;;1,088.00;;0.75;4.00;34.00;24.00;0;ND;;;;;;;;;;;;;;
mira-avalon-tec-one-maxx-recurvo;;;Cor;Azul;Orientação;"Destro (RH)";;;1,088.00;;0.75;4.00;34.00;24.00;0;ND;;;;;;;;;;;;;;
mira-avalon-tec-one-maxx-recurvo;;;Cor;Vermelho;Orientação;"Canhoto (LH)";;;1,088.00;;0.75;4.00;34.00;24.00;0;ND;;;;;;;;;;;;;;
mira-avalon-tec-one-maxx-recurvo;;;Cor;Vermelho;Orientação;"Destro (RH)";;;1,088.00;;0.75;4.00;34.00;24.00;0;ND;;;;;;;;;;;;;;
core-flyte-recreativo;"Core Flyte (Recreativo)";"Arcos > Arcos iniciantes > Kits";;;;;;;199.00;;0.58;7.00;11.00;150.00;9;ND;;;SIM;NÃO;;Recreativo;;;Flyte;SIM;;;;
corda-arco-recurvo-core-dragon;"Corda Arco Recurvo - Core Dragon";"Acessórios > Arco Recurvo \> > Corda";Tamanho;"66""";;;;;0.00;;0.02;3.00;3.00;26.00;10;ND;;;NÃO;NÃO;;Corda;;;Sanlida;SIM;;;;
corda-arco-recurvo-core-dragon;;;Tamanho;"68""";;;;;0.00;;0.02;3.00;3.00;26.00;36;ND;;;;;;;;;;;;;;
punho-ilf-astral-core-archery;"Punho ILF Astral - Core Archery";"Arcos > Arcos recurvos > Punhos";Orientação;"Canhoto (LH)";Cor;Azul;;;1,150.00;;1.63;7.00;18.00;72.50;0;ND;;;SIM;NÃO;;"punho, riser";;;"Core Archery";SIM;;;;
punho-ilf-astral-core-archery;;;Orientação;"Canhoto (LH)";Cor;Vermelho;;;1,150.00;;1.63;7.00;18.00;72.50;1;ND;;;;;;;;;;;;;;
mala-macia-para-composto-avalon-classic-126cm;"Mala Macia para Composto Avalon Classic 126cm";"Ferramentas e acessórios > Transporte e proteção > Malas macias, Marcas > Avalon";Cor;Azul;;;;;784.00;;2.86;10.00;50.00;126.00;0;ND;A024606;;SIM;NÃO;;"Case, Mala, Soft Case";;;Avalon;SIM;TNC-A-SL662-03;Unissex;Adulto;
mala-macia-para-composto-avalon-classic-126cm;;;Cor;Preto;;;;;784.00;;2.86;10.00;50.00;126.00;0;ND;A024604;;;;;;;;;;TNC-A-SL662-01;Unissex;Adulto;
mala-macia-para-composto-avalon-classic-126cm;;;Cor;Vermelho;;;;;784.00;;2.86;10.00;50.00;126.00;0;ND;A024607;;;;;;;;;;TNC-A-SL662-04;Unissex;Adulto;
mala-macia-para-composto-avalon-classic-126cm;;;Cor;Grafite;;;;;784.00;;2.86;10.00;50.00;126.00;0;ND;A024605;;;;;;;;;;TNC-A-SL662-02;Unissex;Adulto;
adesivo-ten-zone-para-scope-mybo;"Adesivo TEN ZONE para scope - Mybo";"Partes de arco > Arco composto > Scope";Cor;"Laranja e Preto";;;;;20.00;;0.01;1.00;10.00;10.00;9;ND;;;SIM;NÃO;;"adesivo, decal";;;Mybo;SIM;;;;
guarda-chuva-field-avalon;"Guarda-Chuva Field - Avalon";"Roupas e acessórios > Guarda-chuva";;;;;;;165.00;;0.56;6.00;6.00;94.50;1;ND;;;SIM;NÃO;;"arco e flecha, guarda-chuva";;;Avalon;SIM;;;;
jogo-de-chave-allen-maximal;"Jogo de chave Allen - Maximal";"Ferramentas e acessórios > Ferramentas de regulagem";;;;;;;65.00;;0.16;3.00;11.00;14.00;2;ND;;;SIM;NÃO;;"allen, chave, chave allen";;;Maximal;SIM;;;;
tripe-magnetico-basic-avalon-suporte-arco-recurvo;"Tripé Magnético Basic Avalon - suporte arco recurvo";"Ferramentas e acessórios > Acessórios do arqueiro > Apoio de arco";;;;;;;94.00;;0.18;4.50;10.00;36.00;32;ND;;;SIM;NÃO;;"suporte, tripe";;;Avalon;SIM;;;;
clicker-magnetico-classic-avalon;"Clicker magnético Avalon (base de mira)";"Partes de arco > Arco recurvo > Clicker, Marcas > Avalon";;;;;;;144.00;;0.03;2.50;10.50;13.00;9;ND;;;SIM;NÃO;;clicker;;;Avalon;SIM;;;;
arco-composto-hero-x8-xs-sanlida;"Arco Composto Hero X8 XS - Sanlida";"Arcos > Arcos composto > Hero X8, Arcos > Arcos iniciantes > Kits, Marcas > Sanlida, Arcos > Composto";Cor;Azul;;;;;2,990.00;;2.56;10.00;36.00;90.00;0;ND;;;SIM;NÃO;;"Arco Composto";;;Sanlida;SIM;;;;
arco-composto-hero-x8-xs-sanlida;;;Cor;Branco;;;;;2,990.00;;2.56;10.00;36.00;90.00;1;ND;;;;;;;;;;;;;;
arco-composto-hero-x8-xs-sanlida;;;Cor;Preto;;;;;2,990.00;;2.56;10.00;36.00;90.00;2;ND;;;;;;;;;;;;;;
arco-composto-hero-x8-xs-sanlida;;;Cor;Verde;;;;;2,990.00;;2.56;10.00;36.00;90.00;1;ND;;;;;;;;;;;;;;
arco-composto-hero-x8-xs-sanlida;;;Cor;Rosa;;;;;2,990.00;;2.56;10.00;36.00;90.00;1;ND;;;;;;;;;;;;;;
parafuso-extensor-1-4-e-5-16-720x;"Parafuso extensor 1/4"" e 5/16"" - 720x";"Partes de arco > Arco recurvo > Pesos, Partes de arco > Estabilizadores > Pesos, Ferramentas e acessórios > Ferramentas de regulagem";Tamanho;"1/4""-20";;;;;15.00;;0.00;1.00;1.00;2.60;;ND;;;SIM;NÃO;;"extensor, parafuso";;;720x;SIM;;;;
parafuso-extensor-1-4-e-5-16-720x;;;Tamanho;"5/16""-24";;;;;15.00;;0.00;1.00;1.00;3.30;11;ND;;;;;;;;;;;;;;
pinos-de-alvo-720x;"Pinos de alvo - 720x";"Alvos e anteparos > Faces de alvo, Marcas > 720x";Quantidade;"12 unidades";;;;;14.00;;0.07;3.50;8.00;13.00;;ND;;;SIM;NÃO;;"alvo, fixador, pino, prego";;;720x;SIM;;;;
pinos-de-alvo-720x;;;Quantidade;"50 unidades";;;;;55.00;;0.27;4.00;16.00;24.00;;ND;;;;;;;;;;;;;;
coleira-petn-bow;"Coleira Pet'n Bow";"Roupas e acessórios > Linha pet, Marcas > 720x";Cor;Camuflado;;;;;25.00;;0.15;1.00;1.00;20.00;296;ND;;;SIM;NÃO;;"coleira, gato, pet";;;720x;SIM;;;;
coleira-petn-bow;;;Cor;Colorido;;;;;25.00;;0.15;1.00;1.00;20.00;285;ND;;;;;;;;;;;;;;
peso-barebow-370g-720x;"Peso Barebow 750g - 720x";"Partes de arco, Partes de arco > Arco recurvo > Pesos, Partes de arco > Estabilizadores > Pesos, Marcas > 720x";;;;;;;130.00;;0.37;3.00;4.50;4.50;1;ND;;;SIM;NÃO;;Peso;;;720x;SIM;;;;
peso-barebow-420g-720x;"Peso Barebow 420g - 720x";"Partes de arco > Arco recurvo > Pesos, Partes de arco > Estabilizadores > Pesos, Marcas > 720x";;;;;;;145.00;;0.42;3.00;4.50;4.50;0;ND;;;NÃO;NÃO;;Peso;;;720x;SIM;;;;
peso-para-estabilizadores-84g-3-oz-sanlida;"Peso para Estabilizadores 84g (3 oz) - Sanlida";"Partes de arco > Estabilizadores > Pesos, Marcas > Sanlida";Massa;"84g (3oz)";;;;;60.00;;0.10;12.00;4.00;8.00;0;ND;;;NÃO;NÃO;;Peso;;;Sanlida;SIM;;Unissex;;
peso-para-estabilizadores-56g-2-oz-sanlida;"Peso para Estabilizadores 56g (2 oz) - Sanlida";"Partes de arco > Estabilizadores > Pesos, Marcas > Sanlida";Massa;"56g (2oz)";;;;;55.00;;0.07;12.00;4.00;8.00;52;ND;;;SIM;NÃO;;Peso;"Peso para Estabilizador 56g Sanlida Rosca 1/4""";"Aumente a estabilidade do seu arco com o peso Sanlida 56g. Ideal para precisão e balanceamento. Adquira já o seu e melhore sua performance!";Sanlida;SIM;;Unissex;;
peso-para-estabilizadores-28g-1-oz-sanlida;"Peso para Estabilizadores 28g (1 oz) - Sanlida";"Partes de arco > Estabilizadores > Pesos";Massa;"28g (1oz)";;;;;44.00;;0.04;12.00;4.00;8.00;74;ND;;;SIM;NÃO;;Peso;;;Sanlida;SIM;;Unissex;;
balanca-palament-p-decut;"Balança Palament-P - Decut";"Ferramentas e acessórios > Ferramentas de regulagem";Cor;Branco;;;;;518.00;;0.17;5.50;5.50;16.50;0;ND;;;SIM;NÃO;;;;;Decut;SIM;;;;
balanca-palament-p-decut;;;Cor;Rosa;;;;;518.00;;0.17;5.50;5.50;16.50;2;ND;;;;;;;;;;;;;;
balanca-palament-p-decut;;;Cor;Azul;;;;;518.00;;0.17;5.50;5.50;16.50;1;ND;;;;;;;;;;;;;;
balanca-palament-p-decut;;;Cor;Vermelho;;;;;518.00;;0.17;5.50;5.50;16.50;2;ND;;;;;;;;;;;;;;
balanca-palament-p-decut;;;Cor;Preto;;;;;518.00;;0.17;5.50;5.50;16.50;3;ND;;;;;;;;;;;;;;
kit-juvenil;"Kit Juvenil";"Arcos > Arcos recurvos > Kits, Arcos > Arcos iniciantes > Kits";Cor;Azul;;;;;0.00;;0.00;0.00;0.00;0.00;1;ND;;;NÃO;NÃO;;;;;;SIM;;;;
kit-juvenil;;;Cor;Preto;;;;;0.00;;0.00;0.00;0.00;0.00;1;ND;;;;;;;;;;;;;;
kit-juvenil;;;Cor;Vermelho;;;;;0.00;;0.00;0.00;0.00;0.00;1;ND;;;;;;;;;;;;;;
kit-juvenil;;;Cor;Roxo;;;;;0.00;;0.00;0.00;0.00;0.00;1;ND;;;;;;;;;;;;;;
kit-juvenil;;;Cor;Verde;;;;;0.00;;0.00;0.00;0.00;0.00;1;ND;;;;;;;;;;;;;;
peso-barebow-640g-720x;"Peso Barebow 690g- 720x";"Partes de arco > Arco recurvo > Pesos, Partes de arco > Estabilizadores > Pesos, Marcas > 720x";;;;;;;192.00;;0.64;3.00;4.50;4.50;1;ND;;;SIM;NÃO;;Peso;;;720x;SIM;;;;
peso-barebow-800g-720x;"Peso Barebow 800g- 720x";"Partes de arco > Arco recurvo > Pesos, Partes de arco > Estabilizadores > Pesos, Marcas > 720x";;;;;;;220.00;;0.80;7.50;7.50;2.60;1;ND;;;SIM;NÃO;;"barebow, Peso";;;720x;SIM;;;;
peso-barebow-530g-720x;"Peso Barebow 400g - 720x";"Partes de arco > Arco recurvo > Pesos, Partes de arco > Estabilizadores > Pesos, Marcas > 720x";;;;;;;140.00;;0.40;3.00;4.50;4.50;0;ND;;;NÃO;NÃO;;Peso;;;720x;SIM;;;;
mira-jandao;"Mira Jandao";"Acessórios > Arco Recurvo \> > Mira Arco Recurvo";;;;;;;50.00;;0.00;0.00;0.00;0.00;10;ND;;;NÃO;NÃO;;;;;;SIM;;;;
mira-tyro-metal-avalon;"Mira Tyro Metal - Avalon";"Partes de arco > Arco recurvo > Miras, Marcas > Avalon";Orientação;"Canhoto (LH)";;;;;210.00;;0.20;4.00;14.00;17.00;0;ND;;;SIM;NÃO;;;;;Avalon;SIM;;;;
mira-tyro-metal-avalon;;;Orientação;"Destro (RH)";;;;;210.00;;0.20;4.00;14.00;17.00;10;ND;;;;;;;;;;;;;;
protetor-de-braco-infantil-avalon;"Protetor de braço infantil - Avalon";"Ferramentas e acessórios > Acessórios do arqueiro > Protetor de braço, Marcas > Avalon";;;;;;;62.00;;0.08;2.00;6.00;17.00;7;ND;;;SIM;NÃO;;;;;Avalon;SIM;;;;
protetor-de-dedo-x7-sanlida;"Protetor de dedo x7 - Sanlida";"Partes de arco, Ferramentas e acessórios > Acessórios do arqueiro > Dedeira, Marcas > Sanlida";;;;;;;12.00;;0.01;1.00;7.00;7.00;69;ND;;;SIM;NÃO;;"acessorios, arco, protetor, Sanlida, silicone";"Protetor de Dedo Sanlida X7 em Silicone para Arco";"Protetor de dedo Sanlida X7, silicone preto, fácil de instalar. Ideal para arco recreativo. Garanta conforto e proteção já!";Sanlida;SIM;;;;
anel-nocking-point-saunders;"Anel nocking point - Saunders";"Partes de arco > Arco recurvo > Corda, Ferramentas e acessórios > Ferramentas de regulagem";Cor;Vermelho;;;;;2.80;;0.01;1.00;10.00;10.00;0;ND;;;SIM;NÃO;;"Corda, nocking point";"Anel Nocking Point Saunders ";"Descubra o Anel Nocking Point Saunders, ideal para arcos recurvos. Leve e com revestimento protetor, garantindo conforto e durabilidade. Disponível em várias cores e tamanhos. Compre já!";Saunders;SIM;;;;
anel-nocking-point-saunders;;;Cor;Preto;;;;;2.80;;0.01;1.00;10.00;10.00;0;ND;;;;;;;;;;;;;;
anel-nocking-point-saunders;;;Cor;Azul;;;;;2.80;;0.01;1.00;10.00;10.00;0;ND;;;;;;;;;;;;;;
anel-nocking-point-saunders;;;Cor;Roxo;;;;;2.80;;0.01;1.00;10.00;10.00;0;ND;;;;;;;;;;;;;;
cola-hot-melt-bohning-ferr-l-tite;"Cola Hot Melt - Bohning Ferr-L-Tite®";"Flechas > Componentes de flechas > Pontas, Ferramentas e acessórios > Ferramentas de regulagem";;;;;;;42.50;;0.02;1.00;1.00;10.00;36;ND;;;SIM;NÃO;;"cola, cola quente";;;Bohning;SIM;;;;
corda-arco-recurvo-x9-sanlida;"Corda arco recurvo x9 - Sanlida";"Partes de arco > Arco recurvo > Corda";Tamanho;"66""";;;;;85.00;;0.02;3.00;3.00;26.00;2;ND;;;NÃO;NÃO;;;;;Sanlida;SIM;;;;
corda-arco-recurvo-x9-sanlida;;;Tamanho;"68""";;;;;85.00;;0.02;3.00;3.00;26.00;1;ND;;;;;;;;;;;;;;
corda-arco-recurvo-x9-sanlida;;;Tamanho;"70""";;;;;85.00;;0.02;3.00;3.00;26.00;0;ND;;;;;;;;;;;;;;
corda-arco-recurvo-x10-sanlida;"Corda 720X - para arco recurvo X9 e X10";"Partes de arco > Arco recurvo > Corda, Marcas > 720x";Tamanho;"66""";;;;;180.00;;0.02;3.00;3.00;26.00;;ND;;;SIM;NÃO;;;;;Sanlida;SIM;;;;
corda-arco-recurvo-x10-sanlida;;;Tamanho;"68""";;;;;180.00;;0.02;3.00;3.00;26.00;;ND;;;;;;;;;;;;;;
corda-arco-recurvo-x10-sanlida;;;Tamanho;"70""";;;;;180.00;;0.02;3.00;3.00;26.00;;ND;;;;;;;;;;;;;;
corda-dacron-arco-recurvo-iniciante;"Corda dacron - arco recurvo iniciante";"Partes de arco > Arco recurvo > Corda";Tamanho;"54""";;;;;70.00;;0.02;3.00;3.00;27.00;33;ND;;;SIM;NÃO;;;;;Avalon;SIM;;;;
corda-dacron-arco-recurvo-iniciante;;;Tamanho;"58""";;;;;70.00;;0.02;3.00;3.00;27.00;8;ND;;;;;;;;;;;;;;
corda-dacron-arco-recurvo-iniciante;;;Tamanho;"62""";;;;;70.00;;0.02;3.00;3.00;27.00;9;ND;;;;;;;;;;;;;;
corda-dacron-arco-recurvo-iniciante;;;Tamanho;"66""";;;;;70.00;;0.02;3.00;3.00;27.00;0;ND;;;;;;;;;;;;;;
corda-dacron-arco-recurvo-iniciante;;;Tamanho;"68""";;;;;70.00;;0.02;3.00;3.00;27.00;14;ND;;;;;;;;;;;;;;
corda-dacron-arco-recurvo-iniciante;;;Tamanho;"70""";;;;;70.00;;0.02;3.00;3.00;27.00;22;ND;;;;;;;;;;;;;;
dedeira-hockiii-decut;"Dedeira HockIII - Decut";"Ferramentas e acessórios > Acessórios do arqueiro > Dedeira";Tamanho;P;Orientação;"Destro (RH)";Cor;Azul;106.00;;0.10;2.00;14.00;23.00;6;ND;;;SIM;NÃO;;;;;Decut;SIM;;;;
dedeira-hockiii-decut;;;Tamanho;P;Orientação;"Destro (RH)";Cor;Preto;106.00;;0.10;2.00;14.00;23.00;0;ND;;;;;;;;;;;;;;
dedeira-hockiii-decut;;;Tamanho;P;Orientação;"Canhoto (LH)";Cor;Azul;106.00;;0.10;2.00;14.00;23.00;0;ND;;;;;;;;;;;;;;
dedeira-hockiii-decut;;;Tamanho;P;Orientação;"Canhoto (LH)";Cor;Preto;106.00;;0.10;2.00;14.00;23.00;0;ND;;;;;;;;;;;;;;
dedeira-hockiii-decut;;;Tamanho;M;Orientação;"Destro (RH)";Cor;Azul;106.00;;0.10;2.00;14.00;23.00;0;ND;;;;;;;;;;;;;;
dedeira-hockiii-decut;;;Tamanho;M;Orientação;"Destro (RH)";Cor;Preto;106.00;;0.10;2.00;14.00;23.00;1;ND;;;;;;;;;;;;;;
dedeira-hockiii-decut;;;Tamanho;M;Orientação;"Canhoto (LH)";Cor;Azul;106.00;;0.10;2.00;14.00;23.00;0;ND;;;;;;;;;;;;;;
dedeira-hockiii-decut;;;Tamanho;M;Orientação;"Canhoto (LH)";Cor;Preto;106.00;;0.10;2.00;14.00;23.00;0;ND;;;;;;;;;;;;;;
dedeira-hockiii-decut;;;Tamanho;G;Orientação;"Destro (RH)";Cor;Azul;106.00;;0.10;2.00;14.00;23.00;0;ND;;;;;;;;;;;;;;
dedeira-hockiii-decut;;;Tamanho;G;Orientação;"Destro (RH)";Cor;Preto;106.00;;0.10;2.00;14.00;23.00;2;ND;;;;;;;;;;;;;;
dedeira-hockiii-decut;;;Tamanho;G;Orientação;"Canhoto (LH)";Cor;Azul;106.00;;0.10;2.00;14.00;23.00;0;ND;;;;;;;;;;;;;;
dedeira-hockiii-decut;;;Tamanho;G;Orientação;"Canhoto (LH)";Cor;Preto;106.00;;0.10;2.00;14.00;23.00;8;ND;;;;;;;;;;;;;;
dedeira-hockiii-decut;;;Tamanho;GG;Orientação;"Destro (RH)";Cor;Azul;106.00;;0.10;2.00;14.00;23.00;0;ND;;;;;;;;;;;;;;
dedeira-hockiii-decut;;;Tamanho;GG;Orientação;"Destro (RH)";Cor;Preto;106.00;;0.10;2.00;14.00;23.00;6;ND;;;;;;;;;;;;;;
dedeira-hockiii-decut;;;Tamanho;GG;Orientação;"Canhoto (LH)";Cor;Azul;106.00;;0.10;2.00;14.00;23.00;0;ND;;;;;;;;;;;;;;
dedeira-hockiii-decut;;;Tamanho;GG;Orientação;"Canhoto (LH)";Cor;Preto;106.00;;0.10;2.00;14.00;23.00;7;ND;;;;;;;;;;;;;;
luva-summer-c-cordura-buck-trail;"Luva Summer c/ Cordura - Buck Trail";"Ferramentas e acessórios > Acessórios do arqueiro > Dedeira";Tamanho;PP;;;;;90.00;;0.10;1.00;13.00;25.00;1;ND;;;SIM;NÃO;;;;;"Buck Trail";SIM;;;;
luva-summer-c-cordura-buck-trail;;;Tamanho;P;;;;;90.00;;0.10;1.00;13.00;25.00;6;ND;;;;;;;;;;;;;;
luva-summer-c-cordura-buck-trail;;;Tamanho;M;;;;;90.00;;0.10;1.00;13.00;25.00;0;ND;;;;;;;;;;;;;;
luva-summer-c-cordura-buck-trail;;;Tamanho;G;;;;;90.00;;0.10;1.00;13.00;25.00;0;ND;;;;;;;;;;;;;;
luva-summer-c-cordura-buck-trail;;;Tamanho;GG;;;;;90.00;;0.10;1.00;13.00;25.00;1;ND;;;;;;;;;;;;;;
aljava-de-costas-traditional-quivers-indian-brown-buck-trail;"Aljava de costas Traditional Quivers Indian Brown - Buck Trail";"Ferramentas e acessórios > Aljavas > Field";;;;;;;350.00;;0.50;9.00;13.00;46.00;0;ND;;;NÃO;NÃO;;;;;"Buck Trail";SIM;;;;
aljava-lateral-de-caca-x10-sanlida;"Aljava lateral de caça x10 - Sanlida";"Ferramentas e acessórios > Aljavas > Field, Marcas > Sanlida";;;;;;;180.00;;0.30;6.00;15.00;36.00;4;ND;;;SIM;NÃO;;;;;Sanlida;SIM;;;;
peso-barebow-650g-720x;"Peso Barebow 650g - 720x";"Partes de arco > Arco recurvo > Pesos, Partes de arco > Estabilizadores > Pesos, Marcas > 720x";;;;;;;200.00;;0.65;3.50;5.80;5.80;1;ND;;;SIM;NÃO;;Peso;;;;SIM;;;;
v-bar-tecx-maxx-dual-avalon;"V-Bar TecX Maxx Dual - Avalon";"Partes de arco > Estabilizadores > V-bar";;;;;;;628.00;;0.40;4.00;21.00;22.50;0;ND;;;SIM;NÃO;;;;;Avalon;SIM;;;;
peso-barebow-470g-720x;"Peso Barebow 470g - 720x";"Partes de arco > Arco recurvo > Pesos, Partes de arco > Estabilizadores > Pesos, Marcas > 720x";;;;;;;160.00;;0.47;4.50;5.60;5.60;0;ND;;;SIM;NÃO;;Peso;;;;SIM;;;;
peso-barebow-500g-720x;"Peso Barebow 500g - 720x";"Partes de arco > Arco recurvo > Pesos, Partes de arco > Estabilizadores > Pesos, Marcas > 720x";;;;;;;165.00;;0.50;5.80;4.50;4.50;2;ND;;;SIM;NÃO;;;;;720x;SIM;;Unissex;;
peso-barebow-830g-720x;"Peso Barebow 830g - 720x";"Partes de arco > Arco recurvo > Pesos, Partes de arco > Estabilizadores > Pesos, Marcas > 720x";;;;;;;240.00;;0.83;3.00;4.50;4.50;0;ND;;;NÃO;NÃO;;Peso;;;720x;SIM;;;;
protetor-de-braco-x10-sanlida;"Protetor de Braço x10 - Sanlida";"Ferramentas e acessórios > Acessórios do arqueiro > Protetor de braço, Marcas > Sanlida";Cor;Preto;;;;;65.00;;0.02;1.00;6.00;15.00;79;ND;;;SIM;NÃO;;;;;Sanlida;SIM;;;;
protetor-de-braco-x10-sanlida;;;Cor;Verde;;;;;65.00;;0.02;1.00;6.00;15.00;13;ND;;;;;;;;;;;;;;
protetor-de-braco-x10-sanlida;;;Cor;Amarelo;;;;;65.00;;0.02;1.00;6.00;15.00;18;ND;;;;;;;;;;;;;;
protetor-de-braco-x10-sanlida;;;Cor;Azul;;;;;65.00;;0.02;1.00;6.00;15.00;5;ND;;;;;;;;;;;;;;
protetor-de-braco-x10-sanlida;;;Cor;Vermelho;;;;;65.00;;0.02;1.00;6.00;15.00;11;ND;;;;;;;;;;;;;;
alinhador-de-tips-beiter;"Alinhador de Tips - Beiter";"Ferramentas e acessórios > Ferramentas de regulagem, Marcas > Beiter";;;;;;;108.00;;0.01;1.00;7.00;14.50;0;ND;;;SIM;NÃO;;"Alinhadores, Alinhadores de Laminas, Liliga";;;Beiter;SIM;;;;
alinhador-de-laminas-beiter;"Alinhador de lâminas - Beiter";"Ferramentas e acessórios > Ferramentas de regulagem, Marcas > Beiter";;;;;;;100.00;;0.02;2.00;8.00;15.50;5;ND;;;SIM;NÃO;;"Alinhadores, Alinhadores de Laminas, Limb Line Gauge";;;Beiter;SIM;;;;
parafuso-de-conversao-1-4-20-para-5-16-24-720x;"Parafuso de conversão 1/4-20 para 5/16-24 - 720x";"Partes de arco > Estabilizadores > Pesos, Ferramentas e acessórios > Ferramentas de regulagem";;;;;;;15.00;;0.00;0.00;0.00;0.00;0;ND;;;SIM;NÃO;;"convert screw, parafuso, parafuso de conversao";;;720x;SIM;;;;
arco-composto-dragon-x8-camuflado-sanlida;"Arco Composto Dragon x8 Camuflado - Sanlida";"Arcos > Arcos composto > Dragon 8, Marcas > Sanlida";Potência;0-60#;;;;;2,500.00;;2.84;91.00;9.50;35.00;17;ND;;;SIM;NÃO;;"Arco Composto";;;Sanlida;SIM;;;;
arco-composto-dragon-x8-camuflado-sanlida;;;Potência;0-70#;;;;;2,950.00;;2.84;91.00;9.50;35.00;13;ND;;;;;;;;;;;;;;
arco-composto-dragon-x8-preto-sanlida;"Arco Composto Dragon x8 Preto - Sanlida";"Arcos > Arcos composto > Dragon 8, Marcas > Sanlida";Cor;Preto;Potência;0-60#;;;2,300.00;;2.84;91.00;9.50;35.00;27;ND;;;SIM;NÃO;;"Arco Composto";;;Sanlida;SIM;;;;
arco-composto-dragon-x8-preto-sanlida;;;Cor;Preto;Potência;0-70#;;;2,800.00;;2.84;91.00;9.50;35.00;2;ND;;;;;;;;;;;;;;
clipe-magnetico-720x;"Clipe Magnético 720x";"Ferramentas e acessórios > Acessórios do arqueiro > Puxador de flecha, Marcas > 720x";;;;;;;39.00;;0.02;3.00;3.00;7.00;0;ND;;;SIM;NÃO;;"clipe magnetico, ima";;;720x;SIM;;;;
bortonock-720x;"BortoNock - 720x";"Flechas > Componentes de flechas > Nocks, Marcas > 720x";Tamanho;"1 (Small)";Cor;Laranja;;;47.00;;0.01;3.00;6.50;9.00;0;ND;;;SIM;NÃO;;"bortonock, nock";BortoNock;;720x;SIM;;;;
bortonock-720x;;;Tamanho;"1 (Small)";Cor;Preto;;;47.00;;0.01;3.00;6.50;9.00;0;ND;;;;;;;;;;;;;;
bortonock-720x;;;Tamanho;"1 (Small)";Cor;Amarelo;;;47.00;;0.01;3.00;6.50;9.00;;ND;;;;;;;;;;;;;;
bortonock-720x;;;Tamanho;"1 (Small)";Cor;Pink;;;47.00;;0.01;3.00;6.50;9.00;0;ND;;;;;;;;;;;;;;
bortonock-720x;;;Tamanho;"2 (Large)";Cor;Laranja;;;47.00;;0.01;3.00;6.50;9.00;10;ND;;;;;;;;;;;;;;
bortonock-720x;;;Tamanho;"2 (Large)";Cor;Preto;;;47.00;;0.01;3.00;6.50;9.00;0;ND;;;;;;;;;;;;;;
bortonock-720x;;;Tamanho;"2 (Large)";Cor;Amarelo;;;47.00;;0.01;3.00;6.50;9.00;16;ND;;;;;;;;;;;;;;
bortonock-720x;;;Tamanho;"2 (Large)";Cor;Pink;;;47.00;;0.01;3.00;6.50;9.00;0;ND;;;;;;;;;;;;;;
bortonock-720x;;;Tamanho;"2 Longo (Large)";Cor;Laranja;;;47.00;;0.01;3.00;6.50;9.00;6;ND;;;;;;;;;;;;;;
bortonock-720x;;;Tamanho;"2 Longo (Large)";Cor;Preto;;;47.00;;0.01;3.00;6.50;9.00;0;ND;;;;;;;;;;;;;;
bortonock-720x;;;Tamanho;"2 Longo (Large)";Cor;Amarelo;;;47.00;;0.01;3.00;6.50;9.00;9;ND;;;;;;;;;;;;;;
bortonock-720x;;;Tamanho;"2 Longo (Large)";Cor;Pink;;;47.00;;0.01;3.00;6.50;9.00;0;ND;;;;;;;;;;;;;;
modelo-702-15-colorida-spider-vanes;"Pena Modelo 1,5"" - Colorida - Spider Vanes";"Flechas > Componentes de flechas > Penas, Marcas > Spider Vanes";Orientação;"Destro (RH)";Cor;Vermelho;;;155.00;;0.03;2.00;12.00;19.00;8;ND;;;SIM;NÃO;;"penas, vanes";"Pena Spider Vanes 1,5"" Colorida para Alta Precisão";"Alcance precisão máxima com Pena Spider Vanes 1,5"". Leve, estável e resistente ao vento. Ideal para flechas finas. Garanta já a sua performance!";"Spider Vanes";SIM;;;;
modelo-702-15-colorida-spider-vanes;;;Orientação;"Destro (RH)";Cor;Pink;;;155.00;;0.03;2.00;12.00;19.00;7;ND;;;;;;;;;;;;;;
modelo-702-15-colorida-spider-vanes;;;Orientação;"Destro (RH)";Cor;Roxo;;;155.00;;0.03;2.00;12.00;19.00;7;ND;;;;;;;;;;;;;;
modelo-702-15-colorida-spider-vanes;;;Orientação;"Destro (RH)";Cor;Ciano;;;155.00;;0.03;2.00;12.00;19.00;7;ND;;;;;;;;;;;;;;
modelo-702-15-colorida-spider-vanes;;;Orientação;"Destro (RH)";Cor;Azul;;;155.00;;0.03;2.00;12.00;19.00;7;ND;;;;;;;;;;;;;;
modelo-702-15-colorida-spider-vanes;;;Orientação;"Destro (RH)";Cor;Verde;;;155.00;;0.03;2.00;12.00;19.00;7;ND;;;;;;;;;;;;;;
modelo-702-15-colorida-spider-vanes;;;Orientação;"Destro (RH)";Cor;Dourado;;;155.00;;0.03;2.00;12.00;19.00;5;ND;;;;;;;;;;;;;;
modelo-702-15-colorida-spider-vanes;;;Orientação;"Destro (RH)";Cor;Prata;;;155.00;;0.03;2.00;12.00;19.00;6;ND;;;;;;;;;;;;;;
modelo-702-15-colorida-spider-vanes;;;Orientação;"Canhoto (LH)";Cor;Vermelho;;;155.00;;0.03;2.00;12.00;19.00;2;ND;;;;;;;;;;;;;;
modelo-702-15-colorida-spider-vanes;;;Orientação;"Canhoto (LH)";Cor;Pink;;;155.00;;0.03;2.00;12.00;19.00;2;ND;;;;;;;;;;;;;;
modelo-702-15-colorida-spider-vanes;;;Orientação;"Canhoto (LH)";Cor;Roxo;;;155.00;;0.03;2.00;12.00;19.00;1;ND;;;;;;;;;;;;;;
modelo-702-15-colorida-spider-vanes;;;Orientação;"Canhoto (LH)";Cor;Ciano;;;155.00;;0.03;2.00;12.00;19.00;1;ND;;;;;;;;;;;;;;
modelo-702-15-colorida-spider-vanes;;;Orientação;"Canhoto (LH)";Cor;Azul;;;155.00;;0.03;2.00;12.00;19.00;0;ND;;;;;;;;;;;;;;
modelo-702-15-colorida-spider-vanes;;;Orientação;"Canhoto (LH)";Cor;Verde;;;155.00;;0.03;2.00;12.00;19.00;0;ND;;;;;;;;;;;;;;
modelo-702-15-colorida-spider-vanes;;;Orientação;"Canhoto (LH)";Cor;Dourado;;;155.00;;0.03;2.00;12.00;19.00;2;ND;;;;;;;;;;;;;;
modelo-702-15-colorida-spider-vanes;;;Orientação;"Canhoto (LH)";Cor;Prata;;;155.00;;0.03;2.00;12.00;19.00;0;ND;;;;;;;;;;;;;;
vbar-angular-x10-sanlida;"V-Bar angular x10 - Sanlida";"Partes de arco > Estabilizadores > V-bar, Marcas > Sanlida";Cor;Preto;;;;;840.00;;0.20;14.00;3.00;15.00;0;ND;;;SIM;NÃO;;"V-bar, Vbar";"V-Bar angular x10 - Sanlida";;Sanlida;SIM;;;;
vbar-angular-x10-sanlida;;;Cor;Azul;;;;;840.00;;0.20;14.00;3.00;15.00;0;ND;;;;;;;;;;;;;;
vbar-angular-x10-sanlida;;;Cor;Dourado;;;;;840.00;;0.20;14.00;3.00;15.00;0;ND;;;;;;;;;;;;;;
vbar-angular-x10-sanlida;;;Cor;Vermelho;;;;;840.00;;0.20;14.00;3.00;15.00;0;ND;;;;;;;;;;;;;;
vbar-angular-x10-sanlida;;;Cor;Verde;;;;;840.00;;0.20;14.00;3.00;15.00;0;ND;;;;;;;;;;;;;;
scope-x10-sanlida;"Scope x10 - Sanlida";"Partes de arco > Arco composto > Scope, Marcas > Sanlida";Ampliação;6x;;;;;1,360.00;;0.13;19.50;5.50;13.50;1;ND;;;SIM;NÃO;;Scope;"Scope x10 - Sanlida";;Sanlida;SIM;;;;
scope-x10-sanlida;;;Ampliação;8x;;;;;1,360.00;;0.13;19.50;5.50;13.50;3;ND;;;;;;;;;;;;;;
rest-plastico-x9-sanlida;"Rest de plástico x9 - Sanlida";"Partes de arco > Arco recurvo > Rest";Orientação;"Destro (RH)";;;;;19.00;;0.01;2.00;2.00;5.00;6;ND;;;SIM;NÃO;;"Recurvo, Rest";;;;SIM;;Unissex;;
rest-magnetico-x8-recurvo-sanlida;"Rest Magnético x8 (Recurvo) - Sanlida";"Partes de arco > Arco recurvo > Rest";Orientação;"Destro (RH)";;;;;33.00;;0.03;12.00;2.00;8.00;68;ND;;;SIM;NÃO;;"Rest, Rest Magnetico";"Rest Magnético x8 (Recurvo) - Sanlida";;Sanlida;SIM;;Unissex;;
rest-com-cerdas-sanlida;"Rest com cerdas - Sanlida";"Partes de arco > Arco composto > Rest, Marcas > Sanlida";;;;;;;100.00;;0.20;10.00;10.00;10.00;1;ND;;;SIM;NÃO;;"Caca, Rest, Rest Composto";"Rest com cerdas - Sanlida";;Sanlida;SIM;;;;
protetor-para-tenis-sanlida;"Protetor para Tênis x10 - Sanlida";"Ferramentas e acessórios > Acessórios do arqueiro > Protetor de tênis, Ferramentas e acessórios > Transporte e proteção, Marcas > Sanlida";;;;;;;55.00;;0.03;14.00;1.00;11.00;39;ND;;;SIM;NÃO;;"Protetor de tenis, Tenis";"Protetor para Tênis x10 - Sanlida";;Sanlida;SIM;;Unissex;;
protetor-de-braco-longo-x7-sanlida;"Protetor de Braço Longo x7 - Sanlida";"Ferramentas e acessórios > Acessórios do arqueiro > Protetor de braço";;;;;;;71.00;;0.07;16.50;1.50;14.00;43;ND;;;SIM;NÃO;;"Protetor de braco";"Protetor de Braço Longo x7 - Sanlida";;Sanlida;SIM;;Unissex;;
peso-para-estabilizadores-112g-4-oz-sanlida;"Peso para Estabilizadores 112g (4 oz)- Sanlida";"Partes de arco > Arco recurvo > Pesos, Partes de arco > Estabilizadores > Pesos";Massa;"112g (4oz)";;;;;77.00;;0.13;12.00;4.00;8.00;67;ND;;;SIM;NÃO;;Peso;"Peso para Estabilizadores - Sanlida";;Sanlida;SIM;;Unissex;;
peep-x10-sanlida;"Peep x10 - Sanlida";"Partes de arco > Arco composto > Peep, Marcas > Sanlida";Cor;Preto;;;;;90.00;;0.01;1.00;5.00;7.00;4;ND;;;SIM;NÃO;;Peep;"Peep x10 - Sanlida";;Sanlida;SIM;;Unissex;;
peep-x10-sanlida;;;Cor;Dourado;;;;;90.00;;0.01;1.00;5.00;7.00;0;ND;;;;;;;;;;;;Unissex;;
peep-x10-sanlida;;;Cor;Azul;;;;;90.00;;0.01;1.00;5.00;7.00;0;ND;;;;;;;;;;;;;;
peep-x10-sanlida;;;Cor;Verde;;;;;90.00;;0.01;1.00;5.00;7.00;0;ND;;;;;;;;;;;;;;
peep-x10-sanlida;;;Cor;Vermelho;;;;;90.00;;0.01;1.00;5.00;7.00;6;ND;;;;;;;;;;;;;;
mira-x10-recurvo-sanlida;"Mira x10 (Recurvo) - Sanlida";"Partes de arco > Arco recurvo > Miras, Marcas > Sanlida";Orientação;"Destro (RH)";Cor;Preto;;;1,800.00;;0.84;23.00;8.00;27.50;8;ND;;;SIM;NÃO;;Mira;"Mira x10 (Recurvo) - Sanlida";;Sanlida;SIM;;Unissex;;
mira-x10-recurvo-sanlida;;;Orientação;"Destro (RH)";Cor;Azul;;;1,800.00;;0.84;23.00;8.00;27.50;0;ND;;;;;;;;;;;;Unissex;;
mira-x10-recurvo-sanlida;;;Orientação;"Destro (RH)";Cor;Dourado;;;1,800.00;;0.84;23.00;8.00;27.50;3;ND;;;;;;;;;;;;Unissex;;
mira-x10-recurvo-sanlida;;;Orientação;"Destro (RH)";Cor;Vermelho;;;1,800.00;;0.84;23.00;8.00;27.50;4;ND;;;;;;;;;;;;Unissex;;
mira-x10-recurvo-sanlida;;;Orientação;"Destro (RH)";Cor;Verde;;;1,800.00;;0.84;23.00;8.00;27.50;1;ND;;;;;;;;;;;;Unissex;;
mira-x10-composto-9-sanlida;"Mira x10 (Composto) 9"" - Sanlida";"Partes de arco > Arco composto > Mira, Marcas > Sanlida";Orientação;"Destro (RH)";Cor;Preto;;;1,800.00;;0.84;23.00;8.00;27.50;5;ND;;;SIM;NÃO;;Mira;"Mira x10 (Composto) - Sanlida";;Sanlida;SIM;;Unissex;;
mira-x10-composto-9-sanlida;;;Orientação;"Destro (RH)";Cor;Dourado;;;1,800.00;;0.84;23.00;8.00;27.50;0;ND;;;;;;;;;;;;;;
mira-x10-composto-9-sanlida;;;Orientação;"Destro (RH)";Cor;Verde;;;1,800.00;;0.84;23.00;8.00;27.50;1;ND;;;;;;;;;;;;;;
mira-x10-composto-9-sanlida;;;Orientação;"Destro (RH)";Cor;Vermelho;;;1,800.00;;0.84;23.00;8.00;27.50;0;ND;;;;;;;;;;;;;;
mira-x10-composto-9-sanlida;;;Orientação;"Destro (RH)";Cor;Azul;;;1,800.00;;0.84;23.00;8.00;27.50;0;ND;;;;;;;;;;;;;;
gatilho-thumb-trigger-x10-sanlida;"Gatilho Thumb Trigger x10 - Sanlida";"Partes de arco > Arco composto > Gatilho, Marcas > Sanlida";Tamanho;P;;;;;2,500.00;;0.30;5.00;15.00;20.00;2;ND;;;SIM;NÃO;;"Gatilho, Thumb Trigger";"Gatilho Thumb Trigger Sanlida - Ajuste Personalizado de Disparo";"Aprimore seu tiro com gatilho Thumb Trigger Sanlida, ajuste fácil, conforto e segurança. Garanta já o seu e maximize sua precisão!";Sanlida;SIM;;Unissex;;
gatilho-thumb-trigger-x10-sanlida;;;Tamanho;M;;;;;2,500.00;;0.30;5.00;15.00;20.00;2;ND;;;;;;;;;;;;Unissex;;
extensor-x10-para-arco-composto-sanlida;"Extensor x10 (Composto) - Sanlida";"Partes de arco > Estabilizadores > Extensor, Marcas > Sanlida";Cor;Preto;;;;;390.00;;0.18;17.00;3.00;3.00;2;ND;;;SIM;NÃO;;Extensor;"Extensor x10 (Composto) - Sanlida";;Sanlida;SIM;;Unissex;;
extensor-x10-para-arco-composto-sanlida;;;Cor;Azul;;;;;390.00;;0.18;17.00;3.00;3.00;3;ND;;;;;;;;;;;;Unissex;;
extensor-x10-para-arco-composto-sanlida;;;Cor;Dourado;;;;;390.00;;0.18;17.00;3.00;3.00;3;ND;;;;;;;;;;;;Unissex;;
extensor-x10-para-arco-composto-sanlida;;;Cor;Vermelho;;;;;390.00;;0.18;17.00;3.00;3.00;3;ND;;;;;;;;;;;;Unissex;;
extensor-x10-para-arco-composto-sanlida;;;Cor;Verde;;;;;390.00;;0.18;17.00;3.00;3.00;3;ND;;;;;;;;;;;;Unissex;;
estabilizador-curto-modular-sanlida;"Estabilizador curto modular x10 - Sanlida";"Partes de arco > Estabilizadores > Curto";;;;;;;230.00;;0.31;13.00;5.00;25.00;0;ND;;;NÃO;NÃO;;Estabilizador;"Estabilizador curto modular x10 - Sanlida";;Sanlida;SIM;;Unissex;;
top-damper-x10-sanlida;"Top Damper x10 - Sanlida";"Partes de arco > Arco recurvo > Damper, Partes de arco > Estabilizadores > Dampers, Marcas > Sanlida";Cor;Preto;;;;;225.00;;0.16;20.00;5.00;7.50;7;ND;;;SIM;NÃO;;Damper;"Damper para Riser - Sanlida";;Sanlida;SIM;;Unissex;;
top-damper-x10-sanlida;;;Cor;Azul;;;;;225.00;;0.16;20.00;5.00;7.50;2;ND;;;;;;;;;;;;Unissex;;
top-damper-x10-sanlida;;;Cor;Dourado;;;;;225.00;;0.16;20.00;5.00;7.50;6;ND;;;;;;;;;;;;Unissex;;
top-damper-x10-sanlida;;;Cor;Vermelho;;;;;225.00;;0.16;20.00;5.00;7.50;3;ND;;;;;;;;;;;;Unissex;;
top-damper-x10-sanlida;;;Cor;Verde;;;;;225.00;;0.16;20.00;5.00;7.50;3;ND;;;;;;;;;;;;Unissex;;
dampera-x10-para-arco-composto-sanlida;"Damper x10 para Arco Composto - Sanlida";"Acessórios > Estabilizadores \> > Damper";Cor;Preto;;;;;235.00;;0.18;17.00;3.00;3.00;0;ND;;;SIM;NÃO;;Damper;"Damper x10 para Arco Composto - Sanlida";;Sanlida;SIM;;Unissex;;
dampera-x10-para-arco-composto-sanlida;;;Cor;Azul;;;;;235.00;;0.18;17.00;3.00;3.00;4;ND;;;;;;;;;;;;Unissex;;
dampera-x10-para-arco-composto-sanlida;;;Cor;Dourado;;;;;235.00;;0.18;17.00;3.00;3.00;4;ND;;;;;;;;;;;;Unissex;;
dampera-x10-para-arco-composto-sanlida;;;Cor;Vermelho;;;;;235.00;;0.18;17.00;3.00;3.00;3;ND;;;;;;;;;;;;Unissex;;
dampera-x10-para-arco-composto-sanlida;;;Cor;Verde;;;;;235.00;;0.18;17.00;3.00;3.00;2;ND;;;;;;;;;;;;Unissex;;
damper-de-mira-sanlida;"Damper de Mira (2 unidades)";"Partes de arco > Arco recurvo > Miras, Partes de arco > Arco recurvo > Damper, Partes de arco > Arco composto > Mira, Partes de arco > Estabilizadores > Dampers, Marcas > Sanlida";;;;;;;60.00;;0.04;12.00;2.00;8.00;32;ND;;;SIM;NÃO;;"Damper de mira";"Damper de Mira (2 unidades)";;Sanlida;SIM;;Unissex;;
damper-para-scope-e-pin-de-mira-sanlida;"Damper para Scope - Sanlida";"Partes de arco > Arco recurvo > Pin de mira e scope, Partes de arco > Arco recurvo > Damper, Partes de arco > Arco composto > Scope, Partes de arco > Estabilizadores > Dampers";Cor;Preto;;;;;80.00;;0.04;12.00;4.00;8.00;1;ND;;;SIM;NÃO;;"Damper de pin";"Damper para Scope e Pin - Sanlida";;Sanlida;SIM;;Unissex;;
damper-para-scope-e-pin-de-mira-sanlida;;;Cor;Azul;;;;;80.00;;0.04;12.00;4.00;8.00;2;ND;;;;;;;;;;;;Unissex;;
damper-para-scope-e-pin-de-mira-sanlida;;;Cor;Dourado;;;;;80.00;;0.04;12.00;4.00;8.00;3;ND;;;;;;;;;;;;Unissex;;
damper-para-scope-e-pin-de-mira-sanlida;;;Cor;Vermelho;;;;;80.00;;0.04;12.00;4.00;8.00;2;ND;;;;;;;;;;;;Unissex;;
damper-para-scope-e-pin-de-mira-sanlida;;;Cor;Verde;;;;;80.00;;0.04;12.00;4.00;8.00;4;ND;;;;;;;;;;;;Unissex;;
damper-x9-sanlida;"Damper x9 - Sanlida";"Partes de arco > Arco recurvo > Damper, Partes de arco > Estabilizadores > Dampers";;;;;;;52.00;;0.06;12.00;5.50;8.00;58;ND;;;SIM;NÃO;;Damper;"Damper x9 - Sanlida";;Sanlida;SIM;;Unissex;;
damper-x10-sanlida;"Damper x10 - Sanlida";"Partes de arco > Arco recurvo > Damper, Partes de arco > Estabilizadores > Dampers, Marcas > Sanlida";;;;;;;180.00;;0.05;12.00;5.50;8.00;35;ND;;;SIM;NÃO;;Damper;"Damper x10 - Sanlida";"Empenador P-Nexus - Decut";Sanlida;SIM;;Unissex;;
conector-rapido-para-estabilizadores-sanlida;"Conector rápido para estabilizadores - Sanlida";"Partes de arco > Estabilizadores > Quick disconnect, Marcas > Sanlida";Ângulo;0°;;;;;82.00;;0.07;12.00;4.50;8.00;23;ND;;;SIM;NÃO;;"Quick Disconnect";"Conector rápido para estabilizadores - Sanlida";;Sanlida;SIM;;;;
conector-rapido-para-estabilizadores-sanlida;;;Ângulo;5°;;;;;82.00;;0.07;12.00;4.50;8.00;10;ND;;;;;;;;;;;;;;
conector-rapido-para-estabilizadores-sanlida;;;Ângulo;10°;;;;;82.00;;0.07;12.00;4.50;8.00;12;ND;;;;;;;;;;;;;;
clicker-magnetico-de-mira-sanlida;"Clicker Magnético de Mira - Sanlida";"Partes de arco > Arco recurvo > Clicker, Marcas > Sanlida";Cor;Preto;;;;;160.00;;0.02;2.00;2.00;10.00;11;ND;;;SIM;NÃO;;Clicker;"Clicker Magnético de Mira - Sanlida";;Sanlida;SIM;;Unissex;;
cera-para-corda-sanlida;"Cera para corda - Sanlida";"Partes de arco > Arco recurvo > Corda, Partes de arco > Arco composto > Cordas e cabos, Ferramentas e acessórios > Ferramentas de regulagem";;;;;;;40.00;;0.05;15.50;3.00;11.00;0;ND;;;NÃO;NÃO;;"Cera, Wax";"Cera para corda - Sanlida";;Sanlida;SIM;;Unissex;;
capa-protetora-para-scope-sanlida;"Capa protetora para Scope - Sanlida";"Ferramentas e acessórios > Transporte e proteção > Capas protetoras";;;;;;;42.00;;0.03;14.00;1.00;11.00;8;ND;;;SIM;NÃO;;"Capa para Scope, Scoper Cover";"Capa protetor para Scope - Sanlida";;Sanlida;SIM;;Unissex;;
button-x9-sanlida;"Button x9 - Sanlida";"Partes de arco > Arco recurvo > Button, Marcas > Sanlida, Acessórios > Arco Recurvo \> > Button";Cor;Preto;;;;;230.00;;0.06;15.00;3.00;10.00;24;ND;;;SIM;NÃO;;"Button, Cushion Plunger";"Button x9 - Sanlida";;Sanlida;SIM;;Unissex;;
button-x9-sanlida;;;Cor;Azul;;;;;230.00;;0.06;15.00;3.00;10.00;6;ND;;;;;;;;;;;;Unissex;;
button-x9-sanlida;;;Cor;Dourado;;;;;230.00;;0.06;15.00;3.00;10.00;3;ND;;;;;;;;;;;;Unissex;;
button-x9-sanlida;;;Cor;Vermelho;;;;;230.00;;0.06;15.00;3.00;10.00;5;ND;;;;;;;;;;;;Unissex;;
button-x9-sanlida;;;Cor;Verde;;;;;230.00;;0.06;15.00;3.00;10.00;3;ND;;;;;;;;;;;;Unissex;;
button-x10-sanlida;"Button x10 - Sanlida";"Partes de arco > Arco recurvo > Button, Marcas > Sanlida";Cor;Preto;;;;;352.00;;0.05;8.50;4.00;4.00;3;ND;;;SIM;NÃO;;"Button, Cushion Plunger";"Button x10 - Sanlida";;Sanlida;SIM;;Unissex;;
button-x10-sanlida;;;Cor;Azul;;;;;352.00;;0.05;8.50;4.00;4.00;0;ND;;;;;;;;;;;;Unissex;;
button-x10-sanlida;;;Cor;Dourado;;;;;352.00;;0.05;8.50;4.00;4.00;6;ND;;;;;;;;;;;;Unissex;;
button-x10-sanlida;;;Cor;Vermelho;;;;;352.00;;0.05;8.50;4.00;4.00;6;ND;;;;;;;;;;;;Unissex;;
button-x10-sanlida;;;Cor;Verde;;;;;352.00;;0.05;8.50;4.00;4.00;0;ND;;;;;;;;;;;;Unissex;;
encordoador-sanlida;"Encordoador - Sanlida";"Ferramentas e acessórios > Acessórios do arqueiro > Encordador";;;;;;;35.00;;0.05;15.00;3.00;9.00;69;ND;;;SIM;NÃO;;"Armador, Encordador";"Armador - Sanlida";;Sanlida;SIM;;Unissex;;
tripe-x10-sanlida;"Tripé X10 - Sanlida";"Ferramentas e acessórios > Acessórios do arqueiro > Apoio de arco, Marcas > Sanlida";;;;;;;120.00;;0.23;46.00;5.50;4.50;32;ND;;;SIM;NÃO;;"Apoio de Arco, Tripe";"Tripé X10 - Sanlida";;Sanlida;SIM;;Unissex;;
case-semi-rigido-para-acessorios-e-ferramentas;"Case Semi-Rígido para Acessórios e Ferramentas";"Ferramentas e acessórios > Transporte e proteção > Cases, Ferramentas e acessórios > Ferramentas de regulagem, Marcas > Avalon, Acessórios > Transporte e proteção";;;;;;;237.00;;0.50;12.00;19.00;36.00;2;ND;;;SIM;NÃO;;"case, mala";;"Case Semi-Rígido para Acessórios e Ferramentas";Avalon;SIM;;Unissex;;
case-rigido-tyro-a3-avalon;"Case Rígido Tyro A³ - Avalon";"Ferramentas e acessórios > Transporte e proteção > Cases";;;;;;;400.00;;2.90;14.00;35.00;87.00;0;ND;;;NÃO;NÃO;;"case, mala";;"Case Rígido Tyro A³ - Avalon";Avalon;SIM;;Unissex;;
w1-e-escolar-alvo-oficial-wa-80cm-completo-5-unidades-avalon;"W1 e Escolar - Alvo oficial WA 80cm Completo (5 unidades) - Avalon";"Alvos e anteparos > Faces de alvo";;;;;;;83.00;;0.12;6.00;6.00;80.00;16;ND;;;SIM;NÃO;;"alvo, face de alvo, target face";;;Avalon;SIM;;Unissex;Adulto;
cera-para-corda-xccelerator-bohning;"Cera para corda Xccelerator - Bohning";"Partes de arco > Arco recurvo > Corda, Partes de arco > Arco composto > Cordas e cabos, Ferramentas e acessórios > Ferramentas de regulagem";;;;;;;64.00;;0.03;2.50;2.50;9.50;99;ND;;;SIM;NÃO;;"Cera para corda";"Cera para corda Xccelerator";;Bohning;SIM;;Unissex;;
binoculos-10x42-classic-avalon;"Binóculos 10x42 Classic - Avalon";"Ferramentas e acessórios > Lunetas e binóculos, Marcas > Avalon";;;;;;;1,038.00;;0.93;8.00;18.00;18.00;2;ND;;;SIM;NÃO;;"Binoculos, Luneta, Spotting Scope";"Binóculos 10-42 Classic";;Avalon;SIM;;Unissex;;
luneta-tec-25-75x70-avalon;"Luneta Tec 25-75x70 - Avalon";"Ferramentas e acessórios > Lunetas e binóculos, Marcas > Avalon";;;;;;;1,120.00;;1.85;18.50;11.00;40.00;1;ND;;;SIM;NÃO;;"Luneta, Spotting Scope";"Luneta 25x75-75";;Avalon;SIM;;Unissex;;
luneta-classic-20-60x60-avalon;"Luneta Classic 20-60x60 - Avalon";"Ferramentas e acessórios > Lunetas e binóculos, Marcas > Avalon";;;;;;;994.00;;1.85;18.50;11.00;40.00;1;ND;;;SIM;NÃO;;"Luneta, Spotting Scope";"Luneta 20x60-60";;Avalon;SIM;;Unissex;;
gatilho-de-pulso-tecx-avalon;"Gatilho de Pulso Avalon Classic Pro";"Arcos > Arcos composto, Partes de arco, Partes de arco > Arco composto > Gatilho";;;;;;;420.00;;0.11;15.50;5.00;22.50;3;ND;;;SIM;NÃO;;"Gatilho, Gatilho de Pulso";"Gatilho de Pulso TecX";;Avalon;SIM;;Unissex;;
serving-jig-avalon;"Serving Jig - Avalon";"Ferramentas e acessórios > Ferramentas de regulagem";Cor;Preto;;;;;45.00;;0.05;8.50;3.00;9.00;0;ND;;;SIM;NÃO;;"Maquina de serving, Serving Jig";"Serving Jig TecOne ";;Avalon;SIM;;;;
serving-jig-avalon;;;Cor;Azul;;;;;45.00;;0.05;8.50;3.00;9.00;3;ND;;;;;;;;;;;;;;
serving-jig-tec-one-avalon;"Serving Jig TecOne - Avalon";"Ferramentas e acessórios > Ferramentas de regulagem";;;;;;;191.00;;0.22;16.50;3.00;21.00;5;ND;;;SIM;NÃO;;"Maquina de serving, Serving Jig";"Serving Jig TecOne ";;Avalon;SIM;;Unissex;;
dedeira-barebow-avalon;"Dedeira Barebow - Avalon";"Ferramentas e acessórios > Acessórios do arqueiro > Dedeira, Marcas > Avalon";Tamanho;PP;Orientação;"Destro (RH)";;;145.00;;0.09;2.00;14.00;23.00;10;ND;;;SIM;NÃO;;"barebow, Dedeira";"Dedeira Barebow Avalon";;Avalon;SIM;;Unissex;;
dedeira-barebow-avalon;;;Tamanho;PP;Orientação;"Canhoto (LH)";;;145.00;;0.09;2.00;14.00;23.00;4;ND;;;;;;;;;;;;Unissex;;
dedeira-barebow-avalon;;;Tamanho;P;Orientação;"Destro (RH)";;;145.00;;0.09;2.00;14.00;23.00;6;ND;;;;;;;;;;;;Unissex;;
dedeira-barebow-avalon;;;Tamanho;P;Orientação;"Canhoto (LH)";;;145.00;;0.09;2.00;14.00;23.00;5;ND;;;;;;;;;;;;;;
dedeira-barebow-avalon;;;Tamanho;M;Orientação;"Destro (RH)";;;145.00;;0.09;2.00;14.00;23.00;14;ND;;;;;;;;;;;;Unissex;;
dedeira-barebow-avalon;;;Tamanho;M;Orientação;"Canhoto (LH)";;;145.00;;0.09;2.00;14.00;23.00;3;ND;;;;;;;;;;;;;;
dedeira-barebow-avalon;;;Tamanho;G;Orientação;"Destro (RH)";;;145.00;;0.09;2.00;14.00;23.00;1;ND;;;;;;;;;;;;Unissex;;
dedeira-barebow-avalon;;;Tamanho;G;Orientação;"Canhoto (LH)";;;145.00;;0.09;2.00;14.00;23.00;0;ND;;;;;;;;;;;;;;
dedeira-barebow-avalon;;;Tamanho;GG;Orientação;"Destro (RH)";;;145.00;;0.09;2.00;14.00;23.00;3;ND;;;;;;;;;;;;;;
dedeira-barebow-avalon;;;Tamanho;GG;Orientação;"Canhoto (LH)";;;145.00;;0.09;2.00;14.00;23.00;2;ND;;;;;;;;;;;;;;
dedeira-barebow-decut;"Dedeira Barebow - Decut";"Ferramentas e acessórios > Acessórios do arqueiro > Dedeira";Tamanho;P;Orientação;"Destro (RH)";;;245.00;;0.09;2.00;14.00;23.00;0;ND;;;SIM;NÃO;;"barebow, Dedeira";"Dedeira Barebow Decut";;Decut;SIM;;Unissex;;
dedeira-barebow-decut;;;Tamanho;P;Orientação;"Canhoto (LH)";;;245.00;;0.09;2.00;14.00;23.00;1;ND;;;;;;;;;;;;;;
dedeira-barebow-decut;;;Tamanho;M;Orientação;"Destro (RH)";;;245.00;;0.09;2.00;14.00;23.00;5;ND;;;;;;;;;;;;Unissex;;
dedeira-barebow-decut;;;Tamanho;M;Orientação;"Canhoto (LH)";;;245.00;;0.09;2.00;14.00;23.00;2;ND;;;;;;;;;;;;;;
dedeira-barebow-decut;;;Tamanho;G;Orientação;"Destro (RH)";;;245.00;;0.09;2.00;14.00;23.00;6;ND;;;;;;;;;;;;Unissex;;
dedeira-barebow-decut;;;Tamanho;G;Orientação;"Canhoto (LH)";;;245.00;;0.09;2.00;14.00;23.00;2;ND;;;;;;;;;;;;;;
dedeira-barebow-decut;;;Tamanho;GG;Orientação;"Destro (RH)";;;245.00;;0.09;2.00;14.00;23.00;1;ND;;;;;;;;;;;;Unissex;;
dedeira-barebow-decut;;;Tamanho;GG;Orientação;"Canhoto (LH)";;;245.00;;0.09;2.00;14.00;23.00;1;ND;;;;;;;;;;;;Unissex;;
dedeira-buck-trail;"Dedeira em Couro - Buck Trail";"Ferramentas e acessórios > Acessórios do arqueiro > Dedeira";Tamanho;P;Orientação;"Destro (RH)";;;50.00;;0.09;2.00;14.00;23.00;61;ND;;;SIM;NÃO;;Dedeira;"Dedeira em Couro Buck Trail";;"Buck Trail";SIM;;Unissex;;
dedeira-buck-trail;;;Tamanho;P;Orientação;"Canhoto (LH)";;;50.00;;0.09;2.00;14.00;23.00;18;ND;;;;;;;;;;;;;;
dedeira-buck-trail;;;Tamanho;M;Orientação;"Destro (RH)";;;50.00;;0.09;2.00;14.00;23.00;34;ND;;;;;;;;;;;;Unissex;;
dedeira-buck-trail;;;Tamanho;M;Orientação;"Canhoto (LH)";;;50.00;;0.09;2.00;14.00;23.00;11;ND;;;;;;;;;;;;;;
dedeira-buck-trail;;;Tamanho;G;Orientação;"Destro (RH)";;;50.00;;0.09;2.00;14.00;23.00;62;ND;;;;;;;;;;;;Unissex;;
dedeira-buck-trail;;;Tamanho;G;Orientação;"Canhoto (LH)";;;50.00;;0.09;2.00;14.00;23.00;18;ND;;;;;;;;;;;;;;
damper-s-long-wns;"Damper S-Long - WNS";"Partes de arco > Estabilizadores > Dampers";Cor;Azul;;;;;67.00;;0.07;7.00;16.00;11.00;12;ND;;;SIM;NÃO;;Damper;"Damper WNS";;WNS;SIM;;Unissex;;
damper-s-long-wns;;;Cor;Laranja;;;;;67.00;;0.07;7.00;16.00;11.00;20;ND;;;;;;;;;;;;Unissex;;
damper-s-long-wns;;;Cor;Preto;;;;;67.00;;0.07;7.00;16.00;11.00;3;ND;;;;;;;;;;;;Unissex;;
damper-s-long-wns;;;Cor;Vermelho;;;;;67.00;;0.07;7.00;16.00;11.00;22;ND;;;;;;;;;;;;Unissex;;
damper-1-4-avalon;"Damper 1/4 - Avalon";"Partes de arco > Estabilizadores > Dampers";Cor;Vermelho;;;;;40.00;;0.07;7.00;16.00;11.00;0;ND;;;SIM;NÃO;;Damper;"Damper Avalon";;Avalon;SIM;;Unissex;;
damper-1-4-avalon;;;Cor;Rosa;;;;;40.00;;0.07;7.00;16.00;11.00;2;ND;;;;;;;;;;;;Unissex;;
guarda-chuva-alvo-avalon;"Guarda-Chuva Target - Avalon";"Ferramentas e acessórios, Roupas e acessórios > Guarda-chuva, Marcas > Avalon";;;;;;;165.00;;0.42;7.00;9.00;90.00;0;ND;;;SIM;NÃO;;"guarda chuva, guarda sol";;;Avalon;SIM;;Unissex;;
pena-avalon-1-75-100-un;"Pena Avalon 1.75"" (100 un)";"Flechas > Componentes de flechas > Penas";Cor;Roxo;;;;;85.00;;0.42;7.00;9.00;90.00;0;ND;;;NÃO;NÃO;;"flechas, shaft, tubo de flecha";;;Avalon;SIM;;Unissex;;
pena-avalon-1-75-100-un;;;Cor;Rosa;;;;;85.00;;0.42;7.00;9.00;90.00;0;ND;;;;;;;;;;;;Unissex;;
pena-avalon-1-75-100-un;;;Cor;Branco;;;;;85.00;;0.42;7.00;9.00;90.00;0;ND;;;;;;;;;;;;Unissex;;
pena-avalon-1-75-100-un;;;Cor;Azul;;;;;85.00;;0.42;7.00;9.00;90.00;0;ND;;;;;;;;;;;;Unissex;;
pena-avalon-1-75-100-un;;;Cor;Amarelo;;;;;85.00;;0.42;7.00;9.00;90.00;0;ND;;;;;;;;;;;;Unissex;;
pena-avalon-1-75-100-un;;;Cor;Preto;;;;;85.00;;0.42;7.00;9.00;90.00;2;ND;;;;;;;;;;;;Unissex;;
pena-avalon-1-75-100-un;;;Cor;Verde;;;;;85.00;;0.42;7.00;9.00;90.00;0;ND;;;;;;;;;;;;Unissex;;
pena-avalon-1-75-100-un;;;Cor;Laranja;;;;;85.00;;0.42;7.00;9.00;90.00;0;ND;;;;;;;;;;;;Unissex;;
pena-avalon-1-75-100-un;;;Cor;Vermelho;;;;;85.00;;0.42;7.00;9.00;90.00;0;ND;;;;;;;;;;;;Unissex;;
flechas-skylon-savage-id-6-2-montada;"Flechas Skylon - Savage ID 6.2 (Montada)";"Flechas > Flechas montadas, Marcas > Skylon";Spine;500;;;;;75.00;;0.04;7.00;9.00;90.00;25;ND;;;SIM;NÃO;;"flechas, flechas montadas, hastes";;;Skylon;SIM;;;;
flechas-skylon-savage-id-6-2-montada;;;Spine;400;;;;;75.00;;0.04;7.00;9.00;90.00;12;ND;;;;;;;;;;;;;;
flechas-skylon-savage-id-6-2-montada;;;Spine;350;;;;;75.00;;0.04;7.00;9.00;90.00;38;ND;;;;;;;;;;;;;;
flechas-avalon-tyro-montada;"Flechas Avalon Tyro (Montada)";"Flechas > Flechas montadas, Marcas > Avalon";Spine;600;;;;;59.00;;0.42;7.00;9.00;90.00;62;ND;;;SIM;NÃO;;"flechas, shaft, tubo de flecha";;;Avalon;SIM;;;;
flechas-avalon-tyro-montada;;;Spine;700;;;;;59.00;;0.42;7.00;9.00;90.00;72;ND;;;;;;;;;;;;;;
flechas-avalon-tyro-montada;;;Spine;800;;;;;59.00;;0.42;7.00;9.00;90.00;132;ND;;;;;;;;;;;;;;
flechas-avalon-tyro-montada;;;Spine;900;;;;;59.00;;0.42;7.00;9.00;90.00;132;ND;;;;;;;;;;;;;;
flechas-avalon-tyro-montada;;;Spine;1000;;;;;59.00;;0.42;7.00;9.00;90.00;12;ND;;;;;;;;;;;;;;
flechas-skylon-radius-id-4-2-montada;"Flechas Skylon - Radius ID 4.2 (Montada)";"Flechas > Flechas montadas, Marcas > Skylon";Spine;400;;;;;865.00;;0.42;7.00;9.00;90.00;0;ND;;;SIM;NÃO;;"flechas, shaft, tubo de flecha";"Flechas Skylon Radius 4.2mm Montadas para Arco Composto";"Flechas Skylon Radius de carbono, 4.2mm, ideais para iniciantes. Inclui penas, nock, ponta e insert. Garanta precisão no seu arco composto!";Skylon;SIM;;;;
flechas-skylon-radius-id-4-2-montada;;;Spine;450;;;;;865.00;;0.42;7.00;9.00;90.00;0;ND;;;;;;;;;;;;;;
flechas-skylon-radius-id-4-2-montada;;;Spine;500;;;;;865.00;;0.42;7.00;9.00;90.00;0;ND;;;;;;;;;;;;;;
flechas-skylon-radius-id-4-2-montada;;;Spine;550;;;;;865.00;;0.42;7.00;9.00;90.00;0;ND;;;;;;;;;;;;;;
flechas-skylon-radius-id-4-2-montada;;;Spine;600;;;;;865.00;;0.42;7.00;9.00;90.00;0;ND;;;;;;;;;;;;;;
flechas-skylon-radius-id-4-2-montada;;;Spine;650;;;;;865.00;;0.42;7.00;9.00;90.00;0;ND;;;;;;;;;;;;;;
flechas-skylon-radius-id-4-2-montada;;;Spine;700;;;;;865.00;;0.42;7.00;9.00;90.00;0;ND;;;;;;;;;;;;;;
flechas-skylon-radius-id-4-2-montada;;;Spine;750;;;;;865.00;;0.42;7.00;9.00;90.00;0;ND;;;;;;;;;;;;;;
flechas-skylon-radius-id-4-2-montada;;;Spine;800;;;;;865.00;;0.42;7.00;9.00;90.00;0;ND;;;;;;;;;;;;;;
flechas-skylon-radius-id-4-2-montada;;;Spine;850;;;;;865.00;;0.42;7.00;9.00;90.00;0;ND;;;;;;;;;;;;;;
flechas-skylon-radius-id-4-2-montada;;;Spine;900;;;;;865.00;;0.42;7.00;9.00;90.00;0;ND;;;;;;;;;;;;;;
flechas-skylon-radius-id-4-2-montada;;;Spine;1000;;;;;865.00;;0.42;7.00;9.00;90.00;0;ND;;;;;;;;;;;;;;
flechas-avalon-hybrid;"Flechas Avalon Hybrid";"Flechas > Flechas montadas, Marcas > Avalon";Spine;1500;;;;;48.00;;0.01;2.00;2.00;80.00;195;ND;;;SIM;NÃO;;"flechas, shaft, tubo de flecha";;;Avalon;SIM;;;;
flechas-avalon-hybrid;;;Spine;1000;;;;;48.00;;0.01;2.00;2.00;80.00;30;ND;;;;;;;;;;;;;;
flechas-avalon-hybrid;;;Spine;900;;;;;48.00;;0.01;2.00;2.00;80.00;247;ND;;;;;;;;;;;;;;
flechas-avalon-hybrid;;;Spine;800;;;;;48.00;;0.01;2.00;2.00;80.00;120;ND;;;;;;;;;;;;;;
flechas-avalon-hybrid;;;Spine;700;;;;;48.00;;0.01;2.00;2.00;80.00;233;ND;;;;;;;;;;;;;;
flechas-avalon-hybrid;;;Spine;600;;;;;48.00;;0.01;2.00;2.00;80.00;230;ND;;;;;;;;;;;;;;
flechas-avalon-hybrid;;;Spine;500;;;;;48.00;;0.01;2.00;2.00;80.00;240;ND;;;;;;;;;;;;;;
avalon-serve-para-skylon-pin-nock-id-4-2;"Avalon (Serve para Skylon) - Pin Nock ID 4.2";"Flechas > Componentes de flechas > Pins, Marcas > Avalon";Spine;1000-1300;;;;;44.00;;0.01;2.00;2.00;10.00;0;ND;;;SIM;NÃO;;"4.2, pin";;;Skylon;SIM;;Unissex;;
avalon-serve-para-skylon-pin-nock-id-4-2;;;Spine;400-600;;;;;44.00;;0.01;2.00;2.00;10.00;0;ND;;;;;;;;;;;;;;
avalon-serve-para-skylon-pin-nock-id-4-2;;;Spine;700-900;;;;;44.00;;0.01;2.00;2.00;10.00;0;ND;;;;;;;;;;;;;;
sanlida-damper-de-lamina-x10;"Sanlida - Damper de Lâmina X10";"Partes de arco > Arco recurvo > Damper, Marcas > Sanlida";;;;;;;45.00;;0.02;3.00;10.00;10.00;29;ND;;;SIM;NÃO;;damper;;;Sanlida;SIM;;Unissex;Adulto;
skylon-ponta-de-aco-id-8-0;"Skylon - Ponta de aço ID 8.0";"Flechas > Componentes de flechas > Pontas";Peso;120gr;;;;;150.00;;0.13;2.00;10.00;10.00;0;ND;;;SIM;NÃO;;"8.0, ponta de aco";;;Skylon;SIM;;Unissex;;
skylon-ponta-de-aco-id-8-0;;;Peso;150gr;;;;;150.00;;0.13;2.00;10.00;10.00;1;ND;;;;;;;;;;;;Unissex;;
skylon-ponta-de-aco-id-8-0;;;Peso;180gr;;;;;150.00;;0.13;2.00;10.00;10.00;2;ND;;;;;;;;;;;;Unissex;;
skylon-pontas-de-aco-id-4-2;"Skylon - Pontas de aço ID 4.2 (Radius)";"Flechas > Componentes de flechas > Pontas";"Spine x Peso";"spine 400 - 450: 100-120gr";;;;;112.00;;0.10;2.00;10.00;10.00;7;ND;;;SIM;NÃO;;"4.2, ponta de aco";;;Skylon;SIM;;;;
skylon-pontas-de-aco-id-4-2;;;"Spine x Peso";"spine 400 - 450: 80-100gr";;;;;112.00;;0.10;2.00;10.00;10.00;9;ND;;;;;;;;;;;;;;
skylon-pontas-de-aco-id-4-2;;;"Spine x Peso";"spine 500: 80-100gr";;;;;112.00;;0.10;2.00;10.00;10.00;9;ND;;;;;;;;;;;;;;
skylon-pontas-de-aco-id-4-2;;;"Spine x Peso";"spine 500: 100-120gr";;;;;112.00;;0.10;2.00;10.00;10.00;6;ND;;;;;;;;;;;;;;
skylon-pontas-de-aco-id-4-2;;;"Spine x Peso";"spine 550 - 600: 80-100gr";;;;;112.00;;0.10;2.00;10.00;10.00;1;ND;;;;;;;;;;;;;;
skylon-pontas-de-aco-id-4-2;;;"Spine x Peso";"spine 550 - 600: 100 - 120gr";;;;;112.00;;0.10;2.00;10.00;10.00;0;ND;;;;;;;;;;;;;;
skylon-pontas-de-aco-id-4-2;;;"Spine x Peso";"spine 650 - 750: 80-100gr";;;;;112.00;;0.10;2.00;10.00;10.00;22;ND;;;;;;;;;;;;;;
skylon-pontas-de-aco-id-4-2;;;"Spine x Peso";"spine 800 - 900: 60-80gr";;;;;112.00;;0.10;2.00;10.00;10.00;19;ND;;;;;;;;;;;;;;
skylon-pontas-de-aco-id-4-2;;;"Spine x Peso";"spine800 - 900: 80-100gr";;;;;112.00;;0.10;2.00;10.00;10.00;7;ND;;;;;;;;;;;;;;
skylon-pontas-de-aco-id-4-2;;;"Spine x Peso";"spine 1000 - 1100: 60-80gr";;;;;112.00;;0.10;2.00;10.00;10.00;10;ND;;;;;;;;;;;;;;
skylon-pontas-de-aco-id-4-2;;;"Spine x Peso";"spine 1300 - 1500: 60-80gr";;;;;112.00;;0.10;2.00;10.00;10.00;2;ND;;;;;;;;;;;;;;
colar-32;"Colar 3,2";"Flechas > Componentes de flechas > Colar";Spine;350;;;;;55.00;;0.01;2.00;10.00;10.00;6;ND;;;SIM;NÃO;;colar;;;Skylon;SIM;;;;
colar-32;;;Spine;400-450;;;;;55.00;;0.01;2.00;10.00;10.00;7;ND;;;;;;;;;;;;;;
colar-32;;;Spine;500-600;;;;;55.00;;0.01;2.00;10.00;10.00;5;ND;;;;;;;;;;;;;;
colar-32;;;Spine;650-700;;;;;55.00;;0.01;2.00;10.00;10.00;6;ND;;;;;;;;;;;;;;
colar-32;;;Spine;650-800;;;;;55.00;;0.01;2.00;10.00;10.00;26;ND;;;;;;;;;;;;;;
colar-32;;;Spine;850-1000;;;;;55.00;;0.01;2.00;10.00;10.00;12;ND;;;;;;;;;;;;;;
skylon-pontas-de-tungstenio-id-3-2;"Skylon - Pontas de Tungstênio ID 3.2";"Flechas > Componentes de flechas > Pontas";Peso;80-90-100gr;Spine;650-800;;;1,615.00;;0.10;2.00;10.00;10.00;2;ND;;;SIM;NÃO;;"ponta de tungstenio";;;Skylon;SIM;;Unissex;;
skylon-pontas-de-tungstenio-id-3-2;;;Peso;100-110-120gr;Spine;500-600;;;1,615.00;;0.10;2.00;10.00;10.00;1;ND;;;;;;;;;;;;Unissex;;
skylon-pontas-de-tungstenio-id-3-2;;;Peso;100-110-120gr;Spine;400-450;;;1,615.00;;0.10;2.00;10.00;10.00;3;ND;;;;;;;;;;;;Unissex;;
skylon-pontas-de-tungstenio-id-3-2;;;Peso;100-110-120gr;Spine;350;;;1,615.00;;0.10;2.00;10.00;10.00;3;ND;;;;;;;;;;;;Unissex;;
skylon-pontas-de-tungstenio-id-3-2;;;Peso;120-130-140gr;Spine;400-450;;;1,615.00;;0.10;2.00;10.00;10.00;3;ND;;;;;;;;;;;;Unissex;;
skylon-pontas-de-tungstenio-id-3-2;;;Peso;120-130-140gr;Spine;350;;;1,615.00;;0.10;2.00;10.00;10.00;2;ND;;;;;;;;;;;;Unissex;;
skylon-pontas-de-aco-id-3-2;"Skylon - Pontas de aço ID 3.2";"Flechas > Componentes de flechas > Pontas, Marcas > Skylon";Peso;60-70-80gr;Spine;850-1000;;;190.00;;0.10;2.00;10.00;10.00;9;ND;;;SIM;NÃO;;"ponta de aco";;;Skylon;SIM;;Unissex;;
skylon-pontas-de-aco-id-3-2;;;Peso;80-90-100gr;Spine;850-1000;;;190.00;;0.10;2.00;10.00;10.00;0;ND;;;;;;;;;;;;Unissex;;
skylon-pontas-de-aco-id-3-2;;;Peso;80-90-100gr;Spine;650-800;;;190.00;;0.10;2.00;10.00;10.00;3;ND;;;;;;;;;;;;Unissex;;
skylon-pontas-de-aco-id-3-2;;;Peso;100-110-120gr;Spine;500-600;;;190.00;;0.10;2.00;10.00;10.00;3;ND;;;;;;;;;;;;Unissex;;
skylon-pontas-de-aco-id-3-2;;;Peso;100-110-120gr;Spine;400-450;;;190.00;;0.10;2.00;10.00;10.00;2;ND;;;;;;;;;;;;Unissex;;
skylon-pontas-de-aco-id-3-2;;;Peso;100-110-120gr;Spine;350;;;190.00;;0.10;2.00;10.00;10.00;5;ND;;;;;;;;;;;;Unissex;;
skylon-pin-nock-id-8-0;"Skylon - Pin Nock ID 8.0";"Flechas > Componentes de flechas > Pins";Spine;300-500;;;;;82.00;;0.02;2.00;10.00;10.00;5;ND;;;SIM;NÃO;;"pin nock";;;Skylon;SIM;;Unissex;;
skylon-pin-nock-id-3-2;"Skylon - Pin Nock ID 3.2";"Flechas > Componentes de flechas > Pins";Spine;850-1100;;;;;44.00;;0.01;2.00;2.00;10.00;0;ND;;;SIM;NÃO;;"pin nock";;;Skylon;SIM;;Unissex;;
skylon-pin-nock-id-3-2;;;Spine;650-800;;;;;44.00;;0.01;2.00;2.00;10.00;0;ND;;;;;;;;;;;;Unissex;;
skylon-pin-nock-id-3-2;;;Spine;550-600;;;;;44.00;;0.01;2.00;2.00;10.00;0;ND;;;;;;;;;;;;Unissex;;
skylon-pin-nock-id-3-2;;;Spine;400-500;;;;;44.00;;0.01;2.00;2.00;10.00;0;ND;;;;;;;;;;;;Unissex;;
skylon-pin-nock-id-3-2;;;Spine;350;;;;;44.00;;0.01;2.00;2.00;10.00;0;ND;;;;;;;;;;;;Unissex;;
skylon-pin-nock-dlx-id-3-2-24un;"Skylon - Pin Nock DLX ID 3.2 (24un)";"Flechas > Componentes de flechas > Pins";Spine;850-1100;;;;;115.00;;0.02;2.00;10.00;10.00;0;ND;;;SIM;NÃO;;"pin nock";;;Skylon;SIM;;Unissex;;
skylon-pin-nock-dlx-id-3-2-24un;;;Spine;650-800;;;;;115.00;;0.02;2.00;10.00;10.00;0;ND;;;;;;;;;;;;Unissex;;
skylon-pin-nock-dlx-id-3-2-24un;;;Spine;500-600;;;;;115.00;;0.02;2.00;10.00;10.00;0;ND;;;;;;;;;;;;Unissex;;
skylon-pin-nock-dlx-id-3-2-24un;;;Spine;400-450;;;;;115.00;;0.02;2.00;10.00;10.00;0;ND;;;;;;;;;;;;Unissex;;
skylon-pin-nock-dlx-id-3-2-24un;;;Spine;350;;;;;115.00;;0.02;2.00;10.00;10.00;0;ND;;;;;;;;;;;;Unissex;;
flechas-skylon-bruxx-23-id-8-0;"Flechas Skylon - Bruxx 23 ID 8.0";"Flechas > Tubos (shafts)";Spine;"300 dz";;;;;910.00;;0.30;5.00;5.00;90.00;2;ND;;;SIM;NÃO;;"flechas, shaft, tubo de flecha";;;Skylon;SIM;;;;
flechas-skylon-bruxx-23-id-8-0;;;Spine;"350 dz";;;;;910.00;;0.30;5.00;5.00;90.00;0;ND;;;;;;;;;;;;;;
flechas-skylon-bruxx-23-id-8-0;;;Spine;"400 dz";;;;;910.00;;0.30;5.00;5.00;90.00;0;ND;;;;;;;;;;;;;;
flechas-skylon-bruxx-23-id-8-0;;;Spine;"500 dz";;;;;910.00;;0.30;5.00;5.00;90.00;0;ND;;;;;;;;;;;;;;
flechas-skylon-bruxx-23-id-8-0;;;Spine;"300 - 6 unidades";;;;;480.00;;0.30;5.00;5.00;90.00;3;ND;;;;;;;;;;;;;;
flechas-skylon-bruxx-23-id-8-0;;;Spine;"350 - 6 unidades";;;;;480.00;;0.30;5.00;5.00;90.00;0;ND;;;;;;;;;;;;;;
flechas-skylon-bruxx-23-id-8-0;;;Spine;"400 - 6 unidades";;;;;480.00;;0.30;5.00;5.00;90.00;0;ND;;;;;;;;;;;;;;
flechas-skylon-bruxx-23-id-8-0;;;Spine;"500 - 6 unidades";;;;;480.00;;0.30;5.00;5.00;90.00;0;ND;;;;;;;;;;;;;;
flechas-skylon-radius-id-4-2;"Flechas Skylon (Tubo e pin) - Radius ID 4.2";"Flechas > Tubos (shafts), Marcas > Skylon";Spine;400;;;;;641.00;;0.20;5.00;5.00;90.00;5;ND;;;SIM;NÃO;;"flechas, shaft, tubo de flecha";;;Skylon;SIM;;Unissex;;
flechas-skylon-radius-id-4-2;;;Spine;450;;;;;641.00;;0.20;5.00;5.00;90.00;0;ND;;;;;;;;;;;;Unissex;;
flechas-skylon-radius-id-4-2;;;Spine;500;;;;;641.00;;0.20;5.00;5.00;90.00;3;ND;;;;;;;;;;;;Unissex;;
flechas-skylon-radius-id-4-2;;;Spine;550;;;;;641.00;;0.20;5.00;5.00;90.00;3;ND;;;;;;;;;;;;Unissex;;
flechas-skylon-radius-id-4-2;;;Spine;600;;;;;641.00;;0.20;5.00;5.00;90.00;4;ND;;;;;;;;;;;;Unissex;;
flechas-skylon-radius-id-4-2;;;Spine;650;;;;;641.00;;0.20;5.00;5.00;90.00;4;ND;;;;;;;;;;;;Unissex;;
flechas-skylon-radius-id-4-2;;;Spine;700;;;;;641.00;;0.20;5.00;5.00;90.00;12;ND;;;;;;;;;;;;Unissex;;
flechas-skylon-radius-id-4-2;;;Spine;750;;;;;641.00;;0.20;5.00;5.00;90.00;0;ND;;;;;;;;;;;;Unissex;;
flechas-skylon-radius-id-4-2;;;Spine;800;;;;;641.00;;0.20;5.00;5.00;90.00;0;ND;;;;;;;;;;;;Unissex;;
flechas-skylon-radius-id-4-2;;;Spine;850;;;;;641.00;;0.20;5.00;5.00;90.00;7;ND;;;;;;;;;;;;Unissex;;
flechas-skylon-radius-id-4-2;;;Spine;900;;;;;575.00;;0.20;5.00;5.00;90.00;1;ND;;;;;;;;;;;;Unissex;;
flechas-skylon-radius-id-4-2;;;Spine;1000;;;;;575.00;;0.20;5.00;5.00;90.00;7;ND;;;;;;;;;;;;Unissex;;
flechas-skylon-radius-id-4-2;;;Spine;1100;;;;;575.00;;0.20;5.00;5.00;90.00;0;ND;;;;;;;;;;;;Unissex;;
flechas-skylon-radius-id-4-2;;;Spine;1800;;;;;575.00;;0.20;5.00;5.00;90.00;1;ND;;;;;;;;;;;;Unissex;;
flechas-skylon-performa-id-3-2;"Flechas Performa ID 3.2- Skylon";"Flechas > Tubos (shafts), Marcas > Skylon";Spine;1000;;;;;1,416.00;;0.20;5.00;5.00;90.00;3;ND;;;SIM;NÃO;;"flechas, shaft, tubo de flecha";;;Skylon;SIM;;Unissex;;
flechas-skylon-performa-id-3-2;;;Spine;900;;;;;1,416.00;;0.20;5.00;5.00;90.00;0;ND;;;;;;;;;;;;Unissex;;
flechas-skylon-performa-id-3-2;;;Spine;850;;;;;1,416.00;;0.20;5.00;5.00;90.00;0;ND;;;;;;;;;;;;Unissex;;
flechas-skylon-performa-id-3-2;;;Spine;800;;;;;1,416.00;;0.20;5.00;5.00;90.00;0;ND;;;;;;;;;;;;Unissex;;
flechas-skylon-performa-id-3-2;;;Spine;750;;;;;1,416.00;;0.20;5.00;5.00;90.00;0;ND;;;;;;;;;;;;Unissex;;
flechas-skylon-performa-id-3-2;;;Spine;700;;;;;1,416.00;;0.20;5.00;5.00;90.00;2;ND;;;;;;;;;;;;Unissex;;
flechas-skylon-performa-id-3-2;;;Spine;650;;;;;1,416.00;;0.20;5.00;5.00;90.00;0;ND;;;;;;;;;;;;Unissex;;
flechas-skylon-performa-id-3-2;;;Spine;600;;;;;1,416.00;;0.20;5.00;5.00;90.00;0;ND;;;;;;;;;;;;Unissex;;
flechas-skylon-performa-id-3-2;;;Spine;550;;;;;1,416.00;;0.20;5.00;5.00;90.00;0;ND;;;;;;;;;;;;Unissex;;
flechas-skylon-performa-id-3-2;;;Spine;500;;;;;1,416.00;;0.20;5.00;5.00;90.00;0;ND;;;;;;;;;;;;Unissex;;
flechas-skylon-performa-id-3-2;;;Spine;450;;;;;1,416.00;;0.20;5.00;5.00;90.00;0;ND;;;;;;;;;;;;Unissex;;
flechas-skylon-performa-id-3-2;;;Spine;400;;;;;1,416.00;;0.20;5.00;5.00;90.00;0;ND;;;;;;;;;;;;Unissex;;
flechas-skylon-precium-id-3-2;"Flechas Precium ID 3.2 - Skylon";"Flechas > Tubos (shafts), Marcas > Skylon";Spine;1000;;;;;1,587.00;;0.20;5.00;5.00;90.00;0;ND;;;SIM;NÃO;;"flechas, shaft, tubo de flecha";;;Skylon;SIM;;Unissex;;
flechas-skylon-precium-id-3-2;;;Spine;900;;;;;1,587.00;;0.20;5.00;5.00;90.00;0;ND;;;;;;;;;;;;Unissex;;
flechas-skylon-precium-id-3-2;;;Spine;850;;;;;1,587.00;;0.20;5.00;5.00;90.00;0;ND;;;;;;;;;;;;Unissex;;
flechas-skylon-precium-id-3-2;;;Spine;800;;;;;1,587.00;;0.20;5.00;5.00;90.00;0;ND;;;;;;;;;;;;Unissex;;
flechas-skylon-precium-id-3-2;;;Spine;750;;;;;1,587.00;;0.20;5.00;5.00;90.00;0;ND;;;;;;;;;;;;Unissex;;
flechas-skylon-precium-id-3-2;;;Spine;700;;;;;1,587.00;;0.20;5.00;5.00;90.00;0;ND;;;;;;;;;;;;Unissex;;
flechas-skylon-precium-id-3-2;;;Spine;650;;;;;1,587.00;;0.20;5.00;5.00;90.00;0;ND;;;;;;;;;;;;Unissex;;
flechas-skylon-precium-id-3-2;;;Spine;600;;;;;1,587.00;;0.20;5.00;5.00;90.00;0;ND;;;;;;;;;;;;Unissex;;
flechas-skylon-precium-id-3-2;;;Spine;550;;;;;1,587.00;;0.20;5.00;5.00;90.00;0;ND;;;;;;;;;;;;Unissex;;
flechas-skylon-precium-id-3-2;;;Spine;500;;;;;1,587.00;;0.20;5.00;5.00;90.00;0;ND;;;;;;;;;;;;Unissex;;
flechas-skylon-precium-id-3-2;;;Spine;450;;;;;1,587.00;;0.20;5.00;5.00;90.00;1;ND;;;;;;;;;;;;Unissex;;
flechas-skylon-precium-id-3-2;;;Spine;400;;;;;1,587.00;;0.20;5.00;5.00;90.00;0;ND;;;;;;;;;;;;Unissex;;
flechas-skylon-precium-id-3-2;;;Spine;350;;;;;1,587.00;;0.20;5.00;5.00;90.00;0;ND;;;;;;;;;;;;Unissex;;
flechas-skylon-paragon-id-3-2;"Flechas Paragon ID 3.2- Skylon";"Flechas > Tubos (shafts), Marcas > Skylon";Spine;1000;;;;;2,150.00;;0.20;5.00;5.00;90.00;0;ND;;;SIM;NÃO;;"flechas, shaft, tubo de flecha";;;Skylon;SIM;;Unissex;;
flechas-skylon-paragon-id-3-2;;;Spine;900;;;;;2,150.00;;0.20;5.00;5.00;90.00;3;ND;;;;;;;;;;;;Unissex;;
flechas-skylon-paragon-id-3-2;;;Spine;850;;;;;2,150.00;;0.20;5.00;5.00;90.00;0;ND;;;;;;;;;;;;Unissex;;
flechas-skylon-paragon-id-3-2;;;Spine;800;;;;;2,150.00;;0.20;5.00;5.00;90.00;2;ND;;;;;;;;;;;;Unissex;;
flechas-skylon-paragon-id-3-2;;;Spine;750;;;;;2,150.00;;0.20;5.00;5.00;90.00;2;ND;;;;;;;;;;;;Unissex;;
flechas-skylon-paragon-id-3-2;;;Spine;700;;;;;2,150.00;;0.20;5.00;5.00;90.00;6;ND;;;;;;;;;;;;Unissex;;
flechas-skylon-paragon-id-3-2;;;Spine;650;;;;;2,150.00;;0.20;5.00;5.00;90.00;1;ND;;;;;;;;;;;;Unissex;;
flechas-skylon-paragon-id-3-2;;;Spine;600;;;;;2,150.00;;0.20;5.00;5.00;90.00;2;ND;;;;;;;;;;;;Unissex;;
flechas-skylon-paragon-id-3-2;;;Spine;550;;;;;2,150.00;;0.20;5.00;5.00;90.00;2;ND;;;;;;;;;;;;Unissex;;
flechas-skylon-paragon-id-3-2;;;Spine;500;;;;;2,150.00;;0.20;5.00;5.00;90.00;0;ND;;;;;;;;;;;;Unissex;;
flechas-skylon-paragon-id-3-2;;;Spine;450;;;;;2,150.00;;0.20;5.00;5.00;90.00;5;ND;;;;;;;;;;;;Unissex;;
flechas-skylon-paragon-id-3-2;;;Spine;400;;;;;2,150.00;;0.20;5.00;5.00;90.00;0;ND;;;;;;;;;;;;Unissex;;
flecha-skylon-preminens-id-3-2;"Flechas Preminens ID 3.2- Skylon";"Flechas > Tubos (shafts), Marcas > Skylon";Spine;650;;;;;2,800.00;;0.20;5.00;5.00;90.00;2;ND;;;SIM;NÃO;;"flechas, shaft, tubo de flecha";;;Skylon;SIM;;Unissex;Adulto;
flecha-skylon-preminens-id-3-2;;;Spine;600;;;;;2,800.00;;0.20;5.00;5.00;90.00;3;ND;;;;;;;;;;;;Unissex;Adulto;
flecha-skylon-preminens-id-3-2;;;Spine;550;;;;;2,800.00;;0.20;5.00;5.00;90.00;3;ND;;;;;;;;;;;;Unissex;Adulto;
flecha-skylon-preminens-id-3-2;;;Spine;500;;;;;2,800.00;;0.20;5.00;5.00;90.00;1;ND;;;;;;;;;;;;Unissex;Adulto;
flecha-skylon-preminens-id-3-2;;;Spine;450;;;;;2,800.00;;0.20;5.00;5.00;90.00;3;ND;;;;;;;;;;;;Unissex;Adulto;
flecha-skylon-preminens-id-3-2;;;Spine;400;;;;;2,800.00;;0.20;5.00;5.00;90.00;0;ND;;;;;;;;;;;;Unissex;Adulto;
flecha-skylon-preminens-id-3-2;;;Spine;350;;;;;2,800.00;;0.20;5.00;5.00;90.00;5;ND;;;;;;;;;;;;Unissex;Adulto;
kit-arco-recurvo-escola-de-madeira-jandao-infantil;"Kit Arco Recurvo Escola de Madeira Jandao (Infantil)";"Arcos > Arcos iniciantes > Kits";Orientação;"Destro (RH)";Tamanho;"54""";Potência;12#;650.00;;1.33;7.00;15.00;65.00;2;ND;;;SIM;NÃO;;"Arco Recurvo, infantil, iniciante, kit iniciante";;;Jandao;SIM;;;;
kit-arco-recurvo-escola-de-madeira-jandao-infantil;;;Orientação;"Destro (RH)";Tamanho;"54""";Potência;14#;650.00;;1.33;7.00;15.00;65.00;3;ND;;;;;;;;;;;;Unissex;;
kit-arco-recurvo-escola-de-madeira-jandao-infantil;;;Orientação;"Destro (RH)";Tamanho;"54""";Potência;16#;650.00;;1.33;7.00;15.00;65.00;4;ND;;;;;;;;;;;;Unissex;;
kit-arco-recurvo-escola-de-madeira-jandao-infantil;;;Orientação;"Destro (RH)";Tamanho;"54""";Potência;18#;650.00;;1.33;7.00;15.00;65.00;1;ND;;;;;;;;;;;;Unissex;;
kit-arco-recurvo-escola-de-madeira-jandao-infantil;;;Orientação;"Destro (RH)";Tamanho;"54""";Potência;20#;650.00;;1.33;7.00;15.00;65.00;1;ND;;;;;;;;;;;;Unissex;;
arco-recurvo-escola-madeira-jandao;"Arco Recurvo Escola (Madeira) - Jandao";"Arcos > Arcos iniciantes > Kits";Orientação;"Destro (RH)";"Tamanho/ Potência";"66""14#";;;970.00;;1.33;7.00;15.00;65.00;;ND;;;SIM;NÃO;;"Arco Recurvo, kit iniciante, madeira";;;Jandao;SIM;;;;
arco-recurvo-escola-madeira-jandao;;;Orientação;"Destro (RH)";"Tamanho/ Potência";"66""16#";;;970.00;;1.33;7.00;15.00;65.00;;ND;;;;;;;;;;;;;;
arco-recurvo-escola-madeira-jandao;;;Orientação;"Destro (RH)";"Tamanho/ Potência";"66""18#";;;970.00;;1.33;7.00;15.00;65.00;;ND;;;;;;;;;;;;;;
arco-recurvo-escola-madeira-jandao;;;Orientação;"Destro (RH)";"Tamanho/ Potência";"66""20#";;;970.00;;1.33;7.00;15.00;65.00;;ND;;;;;;;;;;;;;;
arco-recurvo-escola-madeira-jandao;;;Orientação;"Destro (RH)";"Tamanho/ Potência";"66""22#";;;970.00;;1.33;7.00;15.00;65.00;;ND;;;;;;;;;;;;;;
arco-recurvo-escola-madeira-jandao;;;Orientação;"Destro (RH)";"Tamanho/ Potência";"66""24#";;;970.00;;1.33;7.00;15.00;65.00;;ND;;;;;;;;;;;;;;
arco-recurvo-escola-madeira-jandao;;;Orientação;"Destro (RH)";"Tamanho/ Potência";"66""26#";;;970.00;;1.33;7.00;15.00;65.00;;ND;;;;;;;;;;;;;;
arco-recurvo-escola-madeira-jandao;;;Orientação;"Destro (RH)";"Tamanho/ Potência";"68""16#";;;970.00;;1.33;7.00;15.00;65.00;;ND;;;;;;;;;;;;;;
arco-recurvo-escola-madeira-jandao;;;Orientação;"Destro (RH)";"Tamanho/ Potência";"68""18#";;;970.00;;1.33;7.00;15.00;65.00;;ND;;;;;;;;;;;;;;
arco-recurvo-escola-madeira-jandao;;;Orientação;"Destro (RH)";"Tamanho/ Potência";"68""20#";;;970.00;;1.33;7.00;15.00;65.00;;ND;;;;;;;;;;;;;;
arco-recurvo-escola-madeira-jandao;;;Orientação;"Destro (RH)";"Tamanho/ Potência";"68""22#";;;970.00;;1.33;7.00;15.00;65.00;;ND;;;;;;;;;;;;;;
arco-recurvo-escola-madeira-jandao;;;Orientação;"Destro (RH)";"Tamanho/ Potência";"68""24#";;;970.00;;1.33;7.00;15.00;65.00;;ND;;;;;;;;;;;;;;
arco-recurvo-escola-madeira-jandao;;;Orientação;"Destro (RH)";"Tamanho/ Potência";"68""26#";;;970.00;;1.33;7.00;15.00;65.00;;ND;;;;;;;;;;;;;;
arco-recurvo-escola-madeira-jandao;;;Orientação;"Destro (RH)";"Tamanho/ Potência";"68""28#";;;970.00;;1.33;7.00;15.00;65.00;;ND;;;;;;;;;;;;;;
arco-recurvo-escola-madeira-jandao;;;Orientação;"Destro (RH)";"Tamanho/ Potência";"68""30#";;;970.00;;1.33;7.00;15.00;65.00;;ND;;;;;;;;;;;;;;
arco-recurvo-escola-madeira-jandao;;;Orientação;"Destro (RH)";"Tamanho/ Potência";"70""18#";;;970.00;;1.33;7.00;15.00;65.00;;ND;;;;;;;;;;;;;;0.00
arco-recurvo-escola-madeira-jandao;;;Orientação;"Destro (RH)";"Tamanho/ Potência";"70""20#";;;970.00;;1.33;7.00;15.00;65.00;;ND;;;;;;;;;;;;;;
arco-recurvo-escola-madeira-jandao;;;Orientação;"Destro (RH)";"Tamanho/ Potência";"70""22#";;;970.00;;1.33;7.00;15.00;65.00;;ND;;;;;;;;;;;;;;
arco-recurvo-escola-madeira-jandao;;;Orientação;"Destro (RH)";"Tamanho/ Potência";"70""24#";;;970.00;;1.33;7.00;15.00;65.00;;ND;;;;;;;;;;;;;;
arco-recurvo-escola-madeira-jandao;;;Orientação;"Destro (RH)";"Tamanho/ Potência";"70""26#";;;970.00;;1.33;7.00;15.00;65.00;;ND;;;;;;;;;;;;;;
arco-recurvo-escola-madeira-jandao;;;Orientação;"Destro (RH)";"Tamanho/ Potência";"70""28#";;;970.00;;1.33;7.00;15.00;65.00;;ND;;;;;;;;;;;;;;
arco-recurvo-escola-madeira-jandao;;;Orientação;"Destro (RH)";"Tamanho/ Potência";"70""30#";;;970.00;;1.33;7.00;15.00;65.00;;ND;;;;;;;;;;;;;;
arco-recurvo-escola-madeira-jandao;;;Orientação;"Destro (RH)";"Tamanho/ Potência";"70""32#";;;970.00;;1.33;7.00;15.00;65.00;;ND;;;;;;;;;;;;;;0.00
arco-recurvo-escola-madeira-jandao;;;Orientação;"Canhoto (LH)";"Tamanho/ Potência";"66""14#";;;970.00;;1.33;7.00;15.00;65.00;;ND;;;;;;;;;;;;;;
arco-recurvo-escola-madeira-jandao;;;Orientação;"Canhoto (LH)";"Tamanho/ Potência";"66""16#";;;970.00;;1.33;7.00;15.00;65.00;;ND;;;;;;;;;;;;;;
arco-recurvo-escola-madeira-jandao;;;Orientação;"Canhoto (LH)";"Tamanho/ Potência";"66""18#";;;970.00;;1.33;7.00;15.00;65.00;;ND;;;;;;;;;;;;;;
arco-recurvo-escola-madeira-jandao;;;Orientação;"Canhoto (LH)";"Tamanho/ Potência";"66""20#";;;970.00;;1.33;7.00;15.00;65.00;;ND;;;;;;;;;;;;;;
arco-recurvo-escola-madeira-jandao;;;Orientação;"Canhoto (LH)";"Tamanho/ Potência";"66""22#";;;970.00;;1.33;7.00;15.00;65.00;;ND;;;;;;;;;;;;;;
arco-recurvo-escola-madeira-jandao;;;Orientação;"Canhoto (LH)";"Tamanho/ Potência";"66""24#";;;970.00;;1.33;7.00;15.00;65.00;;ND;;;;;;;;;;;;;;
arco-recurvo-escola-madeira-jandao;;;Orientação;"Canhoto (LH)";"Tamanho/ Potência";"66""26#";;;970.00;;1.33;7.00;15.00;65.00;;ND;;;;;;;;;;;;;;
arco-recurvo-escola-madeira-jandao;;;Orientação;"Canhoto (LH)";"Tamanho/ Potência";"68""16#";;;970.00;;1.33;7.00;15.00;65.00;;ND;;;;;;;;;;;;;;
arco-recurvo-escola-madeira-jandao;;;Orientação;"Canhoto (LH)";"Tamanho/ Potência";"68""18#";;;970.00;;1.33;7.00;15.00;65.00;;ND;;;;;;;;;;;;;;
arco-recurvo-escola-madeira-jandao;;;Orientação;"Canhoto (LH)";"Tamanho/ Potência";"68""20#";;;970.00;;1.33;7.00;15.00;65.00;;ND;;;;;;;;;;;;;;
arco-recurvo-escola-madeira-jandao;;;Orientação;"Canhoto (LH)";"Tamanho/ Potência";"68""22#";;;970.00;;1.33;7.00;15.00;65.00;;ND;;;;;;;;;;;;;;
arco-recurvo-escola-madeira-jandao;;;Orientação;"Canhoto (LH)";"Tamanho/ Potência";"68""24#";;;970.00;;1.33;7.00;15.00;65.00;;ND;;;;;;;;;;;;;;
arco-recurvo-escola-madeira-jandao;;;Orientação;"Canhoto (LH)";"Tamanho/ Potência";"68""26#";;;970.00;;1.33;7.00;15.00;65.00;;ND;;;;;;;;;;;;;;
arco-recurvo-escola-madeira-jandao;;;Orientação;"Canhoto (LH)";"Tamanho/ Potência";"68""28#";;;970.00;;1.33;7.00;15.00;65.00;;ND;;;;;;;;;;;;;;
arco-recurvo-escola-madeira-jandao;;;Orientação;"Canhoto (LH)";"Tamanho/ Potência";"68""30#";;;970.00;;1.33;7.00;15.00;65.00;;ND;;;;;;;;;;;;;;
arco-recurvo-escola-madeira-jandao;;;Orientação;"Canhoto (LH)";"Tamanho/ Potência";"70""18#";;;970.00;;1.33;7.00;15.00;65.00;;ND;;;;;;;;;;;;;;0.00
arco-recurvo-escola-madeira-jandao;;;Orientação;"Canhoto (LH)";"Tamanho/ Potência";"70""20#";;;970.00;;1.33;7.00;15.00;65.00;;ND;;;;;;;;;;;;;;
arco-recurvo-escola-madeira-jandao;;;Orientação;"Canhoto (LH)";"Tamanho/ Potência";"70""22#";;;970.00;;1.33;7.00;15.00;65.00;;ND;;;;;;;;;;;;;;
arco-recurvo-escola-madeira-jandao;;;Orientação;"Canhoto (LH)";"Tamanho/ Potência";"70""24#";;;970.00;;1.33;7.00;15.00;65.00;;ND;;;;;;;;;;;;;;
arco-recurvo-escola-madeira-jandao;;;Orientação;"Canhoto (LH)";"Tamanho/ Potência";"70""26#";;;970.00;;1.33;7.00;15.00;65.00;;ND;;;;;;;;;;;;;;
arco-recurvo-escola-madeira-jandao;;;Orientação;"Canhoto (LH)";"Tamanho/ Potência";"70""28#";;;970.00;;1.33;7.00;15.00;65.00;;ND;;;;;;;;;;;;;;
arco-recurvo-escola-madeira-jandao;;;Orientação;"Canhoto (LH)";"Tamanho/ Potência";"70""30#";;;970.00;;1.33;7.00;15.00;65.00;;ND;;;;;;;;;;;;;;
arco-recurvo-escola-madeira-jandao;;;Orientação;"Canhoto (LH)";"Tamanho/ Potência";"70""32#";;;970.00;;1.33;7.00;15.00;65.00;;ND;;;;;;;;;;;;;;0.00
spider-vanes-invictus-2-1-8-composto;"Pena Spider Vanes Invictus 2-1/8"" (Composto)";"Flechas > Componentes de flechas > Penas, Marcas > Spider Vanes";Orientação;"Destro (RH)";Cor;Ciano;;;130.00;;0.03;2.00;12.00;19.00;4;ND;;;SIM;NÃO;;"penas, vanes";;;;SIM;;Unissex;Adulto;
spider-vanes-invictus-2-1-8-composto;;;Orientação;"Destro (RH)";Cor;"Azul/ Branco";;;130.00;;0.03;2.00;12.00;19.00;5;ND;;;;;;;;;;;;Unissex;Adulto;
spider-vanes-invictus-2-1-8-composto;;;Orientação;"Destro (RH)";Cor;"Vermelho/ Branco";;;130.00;;0.03;2.00;12.00;19.00;5;ND;;;;;;;;;;;;Unissex;Adulto;
spider-vanes-invictus-2-1-8-composto;;;Orientação;"Destro (RH)";Cor;"Preto/ Branco";;;130.00;;0.03;2.00;12.00;19.00;5;ND;;;;;;;;;;;;Unissex;Adulto;
spider-vanes-invictus-2-1-8-composto;;;Orientação;"Destro (RH)";Cor;"Dourado/ Branco";;;130.00;;0.03;2.00;12.00;19.00;6;ND;;;;;;;;;;;;Unissex;Adulto;
spider-vanes-invictus-2-1-8-composto;;;Orientação;"Destro (RH)";Cor;Preto/Preto;;;130.00;;0.03;2.00;12.00;19.00;11;ND;;;;;;;;;;;;Unissex;Adulto;
spider-vanes-invictus-2-1-8-composto;;;Orientação;"Canhoto (LH)";Cor;Ciano;;;130.00;;0.03;2.00;12.00;19.00;2;ND;;;;;;;;;;;;Unissex;Adulto;
spider-vanes-invictus-2-1-8-composto;;;Orientação;"Canhoto (LH)";Cor;"Azul/ Branco";;;130.00;;0.03;2.00;12.00;19.00;1;ND;;;;;;;;;;;;Unissex;Adulto;
spider-vanes-invictus-2-1-8-composto;;;Orientação;"Canhoto (LH)";Cor;"Vermelho/ Branco";;;130.00;;0.03;2.00;12.00;19.00;2;ND;;;;;;;;;;;;Unissex;Adulto;
spider-vanes-invictus-2-1-8-composto;;;Orientação;"Canhoto (LH)";Cor;"Preto/ Branco";;;130.00;;0.03;2.00;12.00;19.00;1;ND;;;;;;;;;;;;Unissex;Adulto;
spider-vanes-invictus-2-1-8-composto;;;Orientação;"Canhoto (LH)";Cor;"Dourado/ Branco";;;130.00;;0.03;2.00;12.00;19.00;1;ND;;;;;;;;;;;;Unissex;Adulto;
spider-vanes-invictus-2-1-8-composto;;;Orientação;"Canhoto (LH)";Cor;Preto/Preto;;;130.00;;0.03;2.00;12.00;19.00;2;ND;;;;;;;;;;;;Unissex;Adulto;
modelo-702-15-ultra-soft-spider-vanes;"Pena Modelo 702, 1,5"" - Ultra-Soft - Spider Vanes";"Flechas > Componentes de flechas > Penas";Orientação;"Destro (RH)";;;;;145.00;;0.03;2.00;12.00;19.00;10;ND;;;SIM;NÃO;;"penas, vanes";;;;SIM;;Unissex;;
modelo-702-15-ultra-soft-spider-vanes;;;Orientação;"Canhoto (LH)";;;;;145.00;;0.03;2.00;12.00;19.00;1;ND;;;;;;;;;;;;Unissex;;
spider-vanes-1-8-ultra-white-recurvo;"Pena Spider Vanes 1.8"" Ultra White (Recurvo)";"Flechas > Componentes de flechas > Penas, Marcas > Spider Vanes";Orientação;"Destro (RH)";;;;;130.00;;0.03;2.00;12.00;19.00;13;ND;;;SIM;NÃO;;"penas, vanes";;"A Spider Vanes têm se destacado desde que foram lançadas, e aqui está uma versão melhorada. Elas são mais moles e leves, proporcionando uma trajetória mais plana e menos chance de ser afetado pelo vento.  Desenhada para maior precisão e durabilidade Seu design somado ao material mais leve, resultado em maior vel";"Spider Vanes";SIM;;Unissex;Adulto;
spider-vanes-1-8-ultra-white-recurvo;;;Orientação;"Canhoto (LH)";;;;;130.00;;0.03;2.00;12.00;19.00;3;ND;;;;;;;;;;;;Unissex;Adulto;
spider-vanes-1-8-recurvo;"Pena Spider Vanes 1.8"" (Recurvo)";"Flechas > Componentes de flechas > Penas";Orientação;"Destro (RH)";Cor;Ciano;;;140.00;;0.03;2.00;12.00;19.00;13;ND;;;SIM;NÃO;;"penas, vanes";;;;SIM;;Unissex;;
spider-vanes-1-8-recurvo;;;Orientação;"Destro (RH)";Cor;Azul;;;140.00;;0.03;2.00;12.00;19.00;9;ND;;;;;;;;;;;;Unissex;;
spider-vanes-1-8-recurvo;;;Orientação;"Destro (RH)";Cor;Verde;;;140.00;;0.03;2.00;12.00;19.00;12;ND;;;;;;;;;;;;Unissex;;
spider-vanes-1-8-recurvo;;;Orientação;"Destro (RH)";Cor;Pink;;;140.00;;0.03;2.00;12.00;19.00;5;ND;;;;;;;;;;;;Unissex;;
spider-vanes-1-8-recurvo;;;Orientação;"Destro (RH)";Cor;Vermelho;;;140.00;;0.03;2.00;12.00;19.00;8;ND;;;;;;;;;;;;Unissex;;
spider-vanes-1-8-recurvo;;;Orientação;"Destro (RH)";Cor;Roxo;;;140.00;;0.03;2.00;12.00;19.00;6;ND;;;;;;;;;;;;Unissex;;
spider-vanes-1-8-recurvo;;;Orientação;"Destro (RH)";Cor;Prata;;;140.00;;0.03;2.00;12.00;19.00;7;ND;;;;;;;;;;;;Unissex;;
spider-vanes-1-8-recurvo;;;Orientação;"Destro (RH)";Cor;Dourado;;;140.00;;0.03;2.00;12.00;19.00;4;ND;;;;;;;;;;;;Unissex;;
spider-vanes-1-8-recurvo;;;Orientação;"Canhoto (LH)";Cor;Ciano;;;140.00;;0.03;2.00;12.00;19.00;3;ND;;;;;;;;;;;;Unissex;;
spider-vanes-1-8-recurvo;;;Orientação;"Canhoto (LH)";Cor;Azul;;;140.00;;0.03;2.00;12.00;19.00;3;ND;;;;;;;;;;;;Unissex;;
spider-vanes-1-8-recurvo;;;Orientação;"Canhoto (LH)";Cor;Verde;;;140.00;;0.03;2.00;12.00;19.00;3;ND;;;;;;;;;;;;Unissex;;
spider-vanes-1-8-recurvo;;;Orientação;"Canhoto (LH)";Cor;Pink;;;140.00;;0.03;2.00;12.00;19.00;2;ND;;;;;;;;;;;;Unissex;;
spider-vanes-1-8-recurvo;;;Orientação;"Canhoto (LH)";Cor;Vermelho;;;140.00;;0.03;2.00;12.00;19.00;3;ND;;;;;;;;;;;;Unissex;;
spider-vanes-1-8-recurvo;;;Orientação;"Canhoto (LH)";Cor;Roxo;;;140.00;;0.03;2.00;12.00;19.00;1;ND;;;;;;;;;;;;Unissex;;
spider-vanes-1-8-recurvo;;;Orientação;"Canhoto (LH)";Cor;Prata;;;140.00;;0.03;2.00;12.00;19.00;3;ND;;;;;;;;;;;;Unissex;;
spider-vanes-1-8-recurvo;;;Orientação;"Canhoto (LH)";Cor;Dourado;;;140.00;;0.03;2.00;12.00;19.00;3;ND;;;;;;;;;;;;Unissex;;
puxador-de-flecha-cilindrico-avalon;"Puxador de Flecha Cilíndrico Avalon";"Ferramentas e acessórios > Acessórios do arqueiro > Puxador de flecha, Marcas > Avalon";Cor;Preto;;;;;52.00;;0.10;5.00;21.00;13.00;40;ND;;;SIM;NÃO;;"puxador de flecha";"Puxador de Flecha Cilíndrico Avalon";"Dimensões: 8,5cm C x 4cm L Material: Borracha  Cordão elástico incluso Serve para todos os diâmetros de flechas Formato anatômico para uma boa aderência";Avalon;SIM;;Unissex;Adulto;
puxador-de-flecha-cilindrico-avalon;;;Cor;Azul;;;;;52.00;;0.10;5.00;21.00;13.00;9;ND;;;;;;;;;;;;Unissex;Adulto;
puxador-de-flecha-cilindrico-avalon;;;Cor;Vermelho;;;;;52.00;;0.10;5.00;21.00;13.00;8;ND;;;;;;;;;;;;Unissex;Adulto;
puxador-de-flecha-cilindrico-avalon;;;Cor;Laranja;;;;;52.00;;0.10;5.00;21.00;13.00;27;ND;;;;;;;;;;;;Unissex;Adulto;
puxador-de-flecha-cilindrico-avalon;;;Cor;Rosa;;;;;52.00;;0.10;5.00;21.00;13.00;17;ND;;;;;;;;;;;;Unissex;Adulto;
puxador-de-flecha-cilindrico-avalon;;;Cor;Verde;;;;;52.00;;0.10;5.00;21.00;13.00;22;ND;;;;;;;;;;;;Unissex;Adulto;
scope-avalon-tec-one-recurvo;"Scope Avalon Tec One (Recurvo)";"Partes de arco > Arco recurvo > Pin de mira e scope, Marcas > Avalon";Cor;Preto;"Tamanho/ Cor";".019/ Verde";Orientação;"Destro (RH)";197.00;;0.04;3.00;7.00;13.00;4;ND;;;SIM;NÃO;;"Arco Recurvo, pin de mira, scope housing";;;;SIM;;Unissex;;
scope-avalon-tec-one-recurvo;;;Cor;Preto;"Tamanho/ Cor";".019/ Verde";Orientação;"Canhoto (LH)";197.00;;0.04;3.00;7.00;13.00;0;ND;;;;;;;;;;;;;;
scope-avalon-tec-one-recurvo;;;Cor;Preto;"Tamanho/ Cor";".019/ Vermelho";Orientação;"Destro (RH)";197.00;;0.04;3.00;7.00;13.00;6;ND;;;;;;;;;;;;Unissex;;
scope-avalon-tec-one-recurvo;;;Cor;Preto;"Tamanho/ Cor";".019/ Vermelho";Orientação;"Canhoto (LH)";197.00;;0.04;3.00;7.00;13.00;0;ND;;;;;;;;;;;;;;
scope-avalon-tec-one-recurvo;;;Cor;Preto;"Tamanho/ Cor";".029/ Verde";Orientação;"Destro (RH)";197.00;;0.04;3.00;7.00;13.00;4;ND;;;;;;;;;;;;Unissex;;
scope-avalon-tec-one-recurvo;;;Cor;Preto;"Tamanho/ Cor";".029/ Verde";Orientação;"Canhoto (LH)";197.00;;0.04;3.00;7.00;13.00;0;ND;;;;;;;;;;;;Unissex;;
scope-avalon-tec-one-recurvo;;;Cor;Preto;"Tamanho/ Cor";".029/ Vermelho";Orientação;"Destro (RH)";197.00;;0.04;3.00;7.00;13.00;6;ND;;;;;;;;;;;;Unissex;;
scope-avalon-tec-one-recurvo;;;Cor;Preto;"Tamanho/ Cor";".029/ Vermelho";Orientação;"Canhoto (LH)";197.00;;0.04;3.00;7.00;13.00;0;ND;;;;;;;;;;;;Unissex;;
scope-avalon-tec-one-recurvo;;;Cor;Azul;"Tamanho/ Cor";".019/ Verde";Orientação;"Destro (RH)";197.00;;0.04;3.00;7.00;13.00;0;ND;;;;;;;;;;;;Unissex;;
scope-avalon-tec-one-recurvo;;;Cor;Azul;"Tamanho/ Cor";".019/ Verde";Orientação;"Canhoto (LH)";197.00;;0.04;3.00;7.00;13.00;;ND;;;;;;;;;;;;Unissex;;
scope-avalon-tec-one-recurvo;;;Cor;Azul;"Tamanho/ Cor";".019/ Vermelho";Orientação;"Destro (RH)";197.00;;0.04;3.00;7.00;13.00;5;ND;;;;;;;;;;;;Unissex;;
scope-avalon-tec-one-recurvo;;;Cor;Azul;"Tamanho/ Cor";".019/ Vermelho";Orientação;"Canhoto (LH)";197.00;;0.04;3.00;7.00;13.00;;ND;;;;;;;;;;;;Unissex;;
scope-avalon-tec-one-recurvo;;;Cor;Azul;"Tamanho/ Cor";".029/ Verde";Orientação;"Destro (RH)";197.00;;0.04;3.00;7.00;13.00;;ND;;;;;;;;;;;;Unissex;;
scope-avalon-tec-one-recurvo;;;Cor;Azul;"Tamanho/ Cor";".029/ Verde";Orientação;"Canhoto (LH)";197.00;;0.04;3.00;7.00;13.00;;ND;;;;;;;;;;;;Unissex;;
scope-avalon-tec-one-recurvo;;;Cor;Azul;"Tamanho/ Cor";".029/ Vermelho";Orientação;"Destro (RH)";197.00;;0.04;3.00;7.00;13.00;;ND;;;;;;;;;;;;Unissex;;
scope-avalon-tec-one-recurvo;;;Cor;Azul;"Tamanho/ Cor";".029/ Vermelho";Orientação;"Canhoto (LH)";197.00;;0.04;3.00;7.00;13.00;;ND;;;;;;;;;;;;Unissex;;
scope-avalon-tec-one-recurvo;;;Cor;Vermelho;"Tamanho/ Cor";".019/ Verde";Orientação;"Destro (RH)";197.00;;0.04;3.00;7.00;13.00;0;ND;;;;;;;;;;;;Unissex;;
scope-avalon-tec-one-recurvo;;;Cor;Vermelho;"Tamanho/ Cor";".019/ Verde";Orientação;"Canhoto (LH)";197.00;;0.04;3.00;7.00;13.00;;ND;;;;;;;;;;;;Unissex;;
scope-avalon-tec-one-recurvo;;;Cor;Vermelho;"Tamanho/ Cor";".019/ Vermelho";Orientação;"Destro (RH)";197.00;;0.04;3.00;7.00;13.00;2;ND;;;;;;;;;;;;Unissex;;
scope-avalon-tec-one-recurvo;;;Cor;Vermelho;"Tamanho/ Cor";".019/ Vermelho";Orientação;"Canhoto (LH)";197.00;;0.04;3.00;7.00;13.00;;ND;;;;;;;;;;;;Unissex;;
scope-avalon-tec-one-recurvo;;;Cor;Vermelho;"Tamanho/ Cor";".029/ Verde";Orientação;"Destro (RH)";197.00;;0.04;3.00;7.00;13.00;0;ND;;;;;;;;;;;;Unissex;;
scope-avalon-tec-one-recurvo;;;Cor;Vermelho;"Tamanho/ Cor";".029/ Verde";Orientação;"Canhoto (LH)";197.00;;0.04;3.00;7.00;13.00;0;ND;;;;;;;;;;;;Unissex;;
scope-avalon-tec-one-recurvo;;;Cor;Vermelho;"Tamanho/ Cor";".029/ Vermelho";Orientação;"Destro (RH)";197.00;;0.04;3.00;7.00;13.00;0;ND;;;;;;;;;;;;Unissex;;
scope-avalon-tec-one-recurvo;;;Cor;Vermelho;"Tamanho/ Cor";".029/ Vermelho";Orientação;"Canhoto (LH)";197.00;;0.04;3.00;7.00;13.00;0;ND;;;;;;;;;;;;Unissex;;
rest-plastico-avalon-tyro;"Rest Plástico Avalon Tyro";"Partes de arco > Arco recurvo > Rest, Marcas > Avalon";Orientação;"Destro (RH)";;;;;5.50;;0.01;2.00;2.00;5.00;370;ND;;;SIM;NÃO;;"Arco Recurvo, rest, rest plastico";"Rest Plástico Avalon Tyro";"Sistema de fixação: Cola dupla-face Extremamente durável";Avalon;SIM;;Unissex;;
rest-plastico-avalon-tyro;;;Orientação;"Canhoto (LH)";;;;;5.50;;0.01;2.00;2.00;5.00;300;ND;;;;;;;;;;;;Unissex;;
rest-magnetico-avalon-classic-recurvo;"Rest Magnético Avalon Classic (Recurvo)";"Partes de arco > Arco recurvo > Rest";Orientação;"Destro (RH)";;;;;120.00;;0.03;2.00;6.00;11.00;30;ND;;;SIM;NÃO;;"Arco Recurvo, rest, rest magnetico";"Rest Magnético Avalon Classic (Recurvo)";"Zero jogo e vibração, precisão absoluta Altura ajustável (diâmetros de eixo diferentes) Força magnética ajustável";Avalon;SIM;;Unissex;;
rest-magnetico-avalon-classic-recurvo;;;Orientação;"Canhoto (LH)";;;;;120.00;;0.03;2.00;6.00;11.00;7;ND;;;;;;;;;;;;Unissex;;
puxador-de-flecha-quadrado-avalon;"Puxador de Flecha Quadrado Avalon";"Ferramentas e acessórios > Acessórios do arqueiro > Puxador de flecha";Cor;Azul;;;;;40.00;;0.04;2.00;11.00;10.00;3;ND;;;SIM;NÃO;;"puxador de flecha";"Puxador de Flecha Quadrado Avalon";"Material: Borracha Cordão elástico incluso Funciona para todos os diâmetros de flechas Disponível em 6 cores";Avalon;SIM;;Unissex;Adulto;
puxador-de-flecha-quadrado-avalon;;;Cor;Preto;;;;;40.00;;0.04;2.00;11.00;10.00;4;ND;;;;;;;;;;;;Unissex;Adulto;
puxador-de-flecha-quadrado-avalon;;;Cor;Vermelho;;;;;40.00;;0.04;2.00;11.00;10.00;20;ND;;;;;;;;;;;;Unissex;Adulto;
puxador-de-flecha-quadrado-avalon;;;Cor;Laranja;;;;;40.00;;0.04;2.00;11.00;10.00;21;ND;;;;;;;;;;;;Unissex;Adulto;
puxador-de-flecha-quadrado-avalon;;;Cor;Roxo;;;;;40.00;;0.04;2.00;11.00;10.00;7;ND;;;;;;;;;;;;Unissex;Adulto;
puxador-de-flecha-quadrado-avalon;;;Cor;Verde;;;;;40.00;;0.04;2.00;11.00;10.00;23;ND;;;;;;;;;;;;Unissex;Adulto;
protetor-de-braco-c-manga-avalon;"Protetor de Braço c/ Manga Avalon";"Ferramentas e acessórios > Acessórios do arqueiro > Protetor de braço, Marcas > Avalon";Cor;Preto;Tamanho;PP;;;100.00;;0.05;1.00;15.00;25.00;4;ND;;;SIM;NÃO;;"protecao, protetor, protetor de braco";"Protetor de Braço c/ Manga Avalon";"Tecido: neoprene extensível - Características: Fácil deslizamento, reforçado, ajuste de compressão, proteção de borracha";Avalon;SIM;;Unissex;;
protetor-de-braco-c-manga-avalon;;;Cor;Preto;Tamanho;P;;;100.00;;0.05;1.00;15.00;25.00;9;ND;;;;;;;;;;;;Unissex;;
protetor-de-braco-c-manga-avalon;;;Cor;Preto;Tamanho;M;;;100.00;;0.05;1.00;15.00;25.00;16;ND;;;;;;;;;;;;Unissex;;
protetor-de-braco-c-manga-avalon;;;Cor;Preto;Tamanho;G;;;100.00;;0.05;1.00;15.00;25.00;12;ND;;;;;;;;;;;;Unissex;;
protetor-de-braco-c-manga-avalon;;;Cor;Preto;Tamanho;GG;;;100.00;;0.05;1.00;15.00;25.00;7;ND;;;;;;;;;;;;Unissex;;
protetor-de-braco-c-manga-avalon;;;Cor;Amarelo;Tamanho;PP;;;100.00;;0.05;1.00;15.00;25.00;;ND;;;;;;;;;;;;Unissex;;
protetor-de-braco-c-manga-avalon;;;Cor;Amarelo;Tamanho;P;;;100.00;;0.05;1.00;15.00;25.00;0;ND;;;;;;;;;;;;Unissex;;
protetor-de-braco-c-manga-avalon;;;Cor;Amarelo;Tamanho;M;;;100.00;;0.05;1.00;15.00;25.00;2;ND;;;;;;;;;;;;Unissex;;
protetor-de-braco-c-manga-avalon;;;Cor;Amarelo;Tamanho;G;;;100.00;;0.05;1.00;15.00;25.00;0;ND;;;;;;;;;;;;Unissex;;
protetor-de-braco-c-manga-avalon;;;Cor;Amarelo;Tamanho;GG;;;100.00;;0.05;1.00;15.00;25.00;1;ND;;;;;;;;;;;;Unissex;;
protetor-de-braco-c-manga-avalon;;;Cor;Vermelho;Tamanho;PP;;;100.00;;0.05;1.00;15.00;25.00;1;ND;;;;;;;;;;;;Unissex;;
protetor-de-braco-c-manga-avalon;;;Cor;Vermelho;Tamanho;P;;;100.00;;0.05;1.00;15.00;25.00;;ND;;;;;;;;;;;;Unissex;;
protetor-de-braco-c-manga-avalon;;;Cor;Vermelho;Tamanho;M;;;100.00;;0.05;1.00;15.00;25.00;;ND;;;;;;;;;;;;Unissex;;
protetor-de-braco-c-manga-avalon;;;Cor;Vermelho;Tamanho;G;;;100.00;;0.05;1.00;15.00;25.00;0;ND;;;;;;;;;;;;Unissex;;
protetor-de-braco-c-manga-avalon;;;Cor;Vermelho;Tamanho;GG;;;100.00;;0.05;1.00;15.00;25.00;;ND;;;;;;;;;;;;Unissex;;
protetor-de-braco-c-manga-avalon;;;Cor;Laranja;Tamanho;PP;;;100.00;;0.05;1.00;15.00;25.00;1;ND;;;;;;;;;;;;Unissex;;
protetor-de-braco-c-manga-avalon;;;Cor;Laranja;Tamanho;P;;;100.00;;0.05;1.00;15.00;25.00;0;ND;;;;;;;;;;;;Unissex;;
protetor-de-braco-c-manga-avalon;;;Cor;Laranja;Tamanho;M;;;100.00;;0.05;1.00;15.00;25.00;0;ND;;;;;;;;;;;;Unissex;;
protetor-de-braco-c-manga-avalon;;;Cor;Laranja;Tamanho;G;;;100.00;;0.05;1.00;15.00;25.00;0;ND;;;;;;;;;;;;Unissex;;
protetor-de-braco-c-manga-avalon;;;Cor;Laranja;Tamanho;GG;;;100.00;;0.05;1.00;15.00;25.00;0;ND;;;;;;;;;;;;Unissex;;
protetor-de-braco-c-manga-avalon;;;Cor;Rosa;Tamanho;PP;;;100.00;;0.05;1.00;15.00;25.00;1;ND;;;;;;;;;;;;Unissex;;
protetor-de-braco-c-manga-avalon;;;Cor;Rosa;Tamanho;P;;;100.00;;0.05;1.00;15.00;25.00;0;ND;;;;;;;;;;;;Unissex;;
protetor-de-braco-c-manga-avalon;;;Cor;Rosa;Tamanho;M;;;100.00;;0.05;1.00;15.00;25.00;;ND;;;;;;;;;;;;Unissex;;
protetor-de-braco-c-manga-avalon;;;Cor;Rosa;Tamanho;G;;;100.00;;0.05;1.00;15.00;25.00;;ND;;;;;;;;;;;;Unissex;;
protetor-de-braco-c-manga-avalon;;;Cor;Rosa;Tamanho;GG;;;100.00;;0.05;1.00;15.00;25.00;;ND;;;;;;;;;;;;Unissex;;
protetor-de-braco-c-manga-avalon;;;Cor;Roxo;Tamanho;PP;;;100.00;;0.05;1.00;15.00;25.00;1;ND;;;;;;;;;;;;Unissex;;
protetor-de-braco-c-manga-avalon;;;Cor;Roxo;Tamanho;P;;;100.00;;0.05;1.00;15.00;25.00;0;ND;;;;;;;;;;;;Unissex;;
protetor-de-braco-c-manga-avalon;;;Cor;Roxo;Tamanho;M;;;100.00;;0.05;1.00;15.00;25.00;;ND;;;;;;;;;;;;Unissex;;
protetor-de-braco-c-manga-avalon;;;Cor;Roxo;Tamanho;G;;;100.00;;0.05;1.00;15.00;25.00;0;ND;;;;;;;;;;;;Unissex;;
protetor-de-braco-c-manga-avalon;;;Cor;Roxo;Tamanho;GG;;;100.00;;0.05;1.00;15.00;25.00;1;ND;;;;;;;;;;;;Unissex;;
protetor-de-braco-c-manga-avalon;;;Cor;Verde;Tamanho;PP;;;100.00;;0.05;1.00;15.00;25.00;1;ND;;;;;;;;;;;;Unissex;;
protetor-de-braco-c-manga-avalon;;;Cor;Verde;Tamanho;P;;;100.00;;0.05;1.00;15.00;25.00;0;ND;;;;;;;;;;;;Unissex;;
protetor-de-braco-c-manga-avalon;;;Cor;Verde;Tamanho;M;;;100.00;;0.05;1.00;15.00;25.00;1;ND;;;;;;;;;;;;Unissex;;
protetor-de-braco-c-manga-avalon;;;Cor;Verde;Tamanho;G;;;100.00;;0.05;1.00;15.00;25.00;0;ND;;;;;;;;;;;;Unissex;;
protetor-de-braco-c-manga-avalon;;;Cor;Verde;Tamanho;GG;;;100.00;;0.05;1.00;15.00;25.00;1;ND;;;;;;;;;;;;Unissex;;
protetor-de-braco-c-manga-avalon;;;Cor;Cinza;Tamanho;PP;;;100.00;;0.05;1.00;15.00;25.00;1;ND;;;;;;;;;;;;Unissex;;
protetor-de-braco-c-manga-avalon;;;Cor;Cinza;Tamanho;P;;;100.00;;0.05;1.00;15.00;25.00;0;ND;;;;;;;;;;;;Unissex;;
protetor-de-braco-c-manga-avalon;;;Cor;Cinza;Tamanho;M;;;100.00;;0.05;1.00;15.00;25.00;0;ND;;;;;;;;;;;;Unissex;;
protetor-de-braco-c-manga-avalon;;;Cor;Cinza;Tamanho;G;;;100.00;;0.05;1.00;15.00;25.00;0;ND;;;;;;;;;;;;Unissex;;
protetor-de-braco-c-manga-avalon;;;Cor;Cinza;Tamanho;GG;;;100.00;;0.05;1.00;15.00;25.00;0;ND;;;;;;;;;;;;Unissex;;
pin-de-mira-avalon;"Pin de Mira Avalon";"Partes de arco > Arco recurvo > Pin de mira e scope, Marcas > Avalon";;;;;;;42.00;;0.01;1.00;1.00;7.00;4;ND;;;SIM;NÃO;;"Arco Recurvo, Mira, pin de mira, sight pin";"Pin de Mira Avalon";"Pin de mira quadrado feito em alumínio Fibra óptica vermelha";Avalon;SIM;;Unissex;Adulto;
mala-macia-avalon-tyro-a2-recurvo;"Mala Macia Avalon Tyro A² (Recurvo)";"Ferramentas e acessórios > Transporte e proteção > Malas macias, Marcas > Avalon";Cor;Rosa;;;;;190.00;;0.50;5.00;20.00;80.00;12;ND;;;SIM;NÃO;;"acessorios, Arco Recurvo, Mala";"Mala Macia Avalon Tyro A² (Recurvo)";"A versão mais recente da mala mácia para arco recurvo Avalon Tyro A²  Muito espaço para seus acessórios. Bolsos para o punho e lâminas Comprimento Aprox 80cm";Avalon;SIM;;Unissex;Adulto;
mala-macia-avalon-tyro-a2-recurvo;;;Cor;Laranja;;;;;190.00;;0.50;5.00;20.00;80.00;5;ND;;;;;;;;;;;;Unissex;Adulto;
mala-macia-avalon-tyro-a2-recurvo;;;Cor;Verde;;;;;190.00;;0.50;5.00;20.00;80.00;6;ND;;;;;;;;;;;;Unissex;Adulto;
mochila-avalon-classic-para-arco-recurvo;"Mochila Avalon Classic para Arco Recurvo";"Ferramentas e acessórios > Transporte e proteção > Mochilas, Marcas > Avalon";Cor;Cinza;;;;;744.00;;2.30;20.00;33.00;80.00;0;ND;A062940;;SIM;NÃO;;"Arco Recurvo, Mochila, Soft Case";"Mochila Avalon Classic (Recurvo)";"A mochila Avalon Classic é macia e adequada para carregar arcos recurvos  Compartimento removível para Punho (Riser) e Lâminas incluso Tubo de flechas incluso Dimensões: 72 x 33 x 14 cm Disponível em 13 cores";Avalon;SIM;RTT-AV-XB104-GREY;Unissex;Adulto;
mochila-avalon-classic-para-arco-recurvo;;;Cor;Preto;;;;;744.00;;2.30;20.00;33.00;80.00;0;ND;A062936;;;;;;;;;;RTT-AV-XB104-BLACK;Unissex;Adulto;
mochila-avalon-classic-para-arco-recurvo;;;Cor;Turquesa;;;;;744.00;;2.30;20.00;33.00;80.00;2;ND;A062943;;;;;;;;;;RTT-AV-XB104-TURQ;Unissex;Adulto;
mochila-avalon-classic-para-arco-recurvo;;;Cor;Azul;;;;;744.00;;2.30;20.00;33.00;80.00;1;ND;A062939;;;;;;;;;;RTT-AV-XB104-BLUE;Unissex;Adulto;
mochila-avalon-classic-para-arco-recurvo;;;Cor;Verde;;;;;744.00;;2.30;20.00;33.00;80.00;2;ND;A062937;;;;;;;;;;RTT-AV-XB104-GREEN;Unissex;;
mochila-avalon-classic-para-arco-recurvo;;;Cor;Laranja;;;;;744.00;;2.30;20.00;33.00;80.00;0;ND;A062942;;;;;;;;;;RTT-AV-XB104-ORANGE;Unissex;;
mochila-avalon-classic-para-arco-recurvo;;;Cor;Vermelho;;;;;744.00;;2.30;20.00;33.00;80.00;2;ND;A062938;;;;;;;;;;RTT-AV-XB104-RED;Unissex;;
mochila-avalon-classic-para-arco-recurvo;;;Cor;Rosa;;;;;744.00;;2.30;20.00;33.00;80.00;4;ND;A062944;;;;;;;;;;RTT-AV-XB104-PINK;Unissex;Adulto;
mochila-avalon-classic-para-arco-recurvo;;;Cor;Roxo;;;;;744.00;;2.30;20.00;33.00;80.00;6;ND;A062941;;;;;;;;;;RTT-AV-XB104-PURPLE;Unissex;Adulto;
peiteira-avalon-tec-one;"Peiteira Avalon TEC ONE";"Ferramentas e acessórios > Acessórios do arqueiro > Protetor de peito, Marcas > Avalon";Cor;Azul;Tamanho;P;Orientação;"Canhoto (LH)";125.00;;0.11;5.00;20.00;20.00;6;ND;;;SIM;NÃO;;"acessorios, chest guard, peiteira, protecao, protetor de peito";"Peiteira Avalon Tec One";"Protetor de peito acolchoado Excelente proteção e conforto Disponível em 5 cores Tamanho: PP, P, M, G, GG";Avalon;SIM;;Unissex;;
mochila-avalon-tyro-para-arco-recurvo;"Mochila Avalon Tyro para Arco Recurvo";"Ferramentas e acessórios > Transporte e proteção > Mochilas, Acessórios > Transporte e proteção";Cor;Vermelho;;;;;447.00;;2.10;20.00;30.00;80.00;2;ND;;;SIM;NÃO;;"Arco Recurvo, Case, Mochila, tiro com arco";"Mochila Avalon Tyro para Arco Recurvo";"A mochila Tyro para arco recurvo da Avalon é macia, leve e cheia de recursos  Acompanha tubo para flechas Compartimentos internos com múltiplas divisões Dimensões: 70 x 30 x 13 cm Disponível em 5 cores";Avalon;SIM;;Unissex;Adulto;
mochila-avalon-tyro-para-arco-recurvo;;;Cor;Preto;;;;;447.00;;2.10;20.00;30.00;80.00;5;ND;;;;;;;;;;;;Unissex;Adulto;
mochila-avalon-tyro-para-arco-recurvo;;;Cor;Azul;;;;;447.00;;2.10;20.00;30.00;80.00;0;ND;;;;;;;;;;;;Unissex;Adulto;
mochila-avalon-tyro-para-arco-recurvo;;;Cor;Cinza;;;;;447.00;;2.10;20.00;30.00;80.00;0;ND;;;;;;;;;;;;Unissex;Adulto;
mochila-esportiva-avalon;"Mochila Esportiva Avalon";"Ferramentas e acessórios > Transporte e proteção > Mochilas, Marcas > Avalon, Acessórios > Transporte e proteção";Cor;Vermelho;;;;;600.00;;1.70;30.00;20.00;60.00;1;ND;;;SIM;NÃO;;"acessorios, Mochila, tiro com arco";"Mochila Esportiva Avalon";"A mochila perfeita para quem gosta dos items bem organizados.  12 compartimentos  Dimensões: 50 x 27 x 14 cm  Disponível nas cores: Vermelho e Azul";Avalon;SIM;;Unissex;Adulto;
sling-de-pulso;"Sling de Pulso";"Ferramentas e acessórios > Acessórios do arqueiro > Sling";Cor;Preto;;;;;117.00;;0.07;5.00;12.00;15.00;10;ND;;;SIM;NÃO;;"Acessorio, Sling, Sling de pulso, tiro com arco";"Sling de Pulso Avalon";"Sling de pulso ajustável Trava rígida que se prende entre o estabilizador e o arco";Avalon;SIM;;Unissex;;
sling-de-pulso;;;Cor;Azul;;;;;117.00;;0.07;5.00;12.00;15.00;6;ND;;;;;;;;;;;;Unissex;;
sling-de-pulso;;;Cor;Vermelho;;;;;117.00;;0.07;5.00;12.00;15.00;13;ND;;;;;;;;;;;;Unissex;;
sling-de-pulso;;;Cor;Verde;;;;;117.00;;0.07;5.00;12.00;15.00;9;ND;;;;;;;;;;;;Unissex;;
sling-de-pulso;;;Cor;Laranja;;;;;117.00;;0.07;5.00;12.00;15.00;8;ND;;;;;;;;;;;;Unissex;;
sling-de-pulso;;;Cor;Rosa;;;;;117.00;;0.07;5.00;12.00;15.00;6;ND;;;;;;;;;;;;Unissex;;
tubo-para-flechas-avalon;"Tubo para Flechas - Avalon";"Ferramentas e acessórios > Transporte e proteção > Tubos de flecha";;;;;;;93.00;;0.42;12.00;12.00;64.00;10;ND;;;SIM;NÃO;;"acessorios, arco e flecha, Case, protecao, tubos";"Tubo de Flechas Avalon";"Tudo para armazenamento de flechas Possui tampa rosqueada Possui alça ajustável Feito em plástico";Avalon;SIM;;Unissex;;
scope-tec-x-29mm-avalon;"Scope Tec X 29mm - Avalon";"Partes de arco > Arco composto > Scope, Marcas > Avalon";"Fibra óptica";Vermelha;Ampliação;2X;;;564.00;;0.05;2.00;9.00;8.00;0;ND;;;SIM;NÃO;;"Arco Composto, arco e flecha, Avalon Tec X, Scope";;"Feito em alumínio  Opções de ampliação em 2X, 4X, 6X e 8X  Tamanho 29mm  Opção de fibra óptica verde ou vermelha";Avalon;SIM;;Unissex;Adulto;
scope-tec-x-29mm-avalon;;;"Fibra óptica";Vermelha;Ampliação;4X;;;564.00;;0.05;2.00;9.00;8.00;0;ND;;;;;;;;;;;;Unissex;Adulto;
scope-tec-x-29mm-avalon;;;"Fibra óptica";Vermelha;Ampliação;6X;;;564.00;;0.05;2.00;9.00;8.00;0;ND;;;;;;;;;;;;Unissex;Adulto;
scope-tec-x-29mm-avalon;;;"Fibra óptica";Vermelha;Ampliação;8X;;;564.00;;0.05;2.00;9.00;8.00;0;ND;;;;;;;;;;;;Unissex;Adulto;
regua-t-avalon-p-ajuste-de-arco-e-flecha-recurvo;"Régua T Avalon p/ Ajuste de Arco e Flecha Recurvo";"Ferramentas e acessórios > Ferramentas de regulagem";Cor;Azul;;;;;74.00;;0.05;1.00;12.00;36.00;40;ND;;;SIM;NÃO;;"acessorios, arco e flecha, Avalon Tec X, Regua T, tiro com arco";;;;SIM;;Unissex;Adulto;
regua-t-avalon-p-ajuste-de-arco-e-flecha-recurvo;;;Cor;Laranja;;;;;74.00;;0.05;1.00;12.00;36.00;3;ND;;;;;;;;;;;;Unissex;Adulto;
regua-t-avalon-p-ajuste-de-arco-e-flecha-recurvo;;;Cor;Preto;;;;;74.00;;0.05;1.00;12.00;36.00;13;ND;;;;;;;;;;;;Unissex;Adulto;
regua-t-avalon-p-ajuste-de-arco-e-flecha-recurvo;;;Cor;Rosa;;;;;74.00;;0.05;1.00;12.00;36.00;5;ND;;;;;;;;;;;;Unissex;Adulto;
regua-t-avalon-p-ajuste-de-arco-e-flecha-recurvo;;;Cor;Verde;;;;;74.00;;0.05;1.00;12.00;36.00;10;ND;;;;;;;;;;;;Unissex;Adulto;
regua-t-avalon-p-ajuste-de-arco-e-flecha-recurvo;;;Cor;Vermelho;;;;;74.00;;0.05;1.00;12.00;36.00;47;ND;;;;;;;;;;;;Unissex;Adulto;
mira-avalon-tec-x-recurvo;"Mira Avalon Tec-X (Recurvo)";"Partes de arco > Arco recurvo > Miras, Marcas > Avalon";Orientação;Destro;Cor;Cinza;;;1,170.00;;0.75;4.00;34.00;24.00;0;ND;;;SIM;NÃO;;"arco e flecha, Avalon Tec X, Mira, Recurvo";"Mira Avalon Tec-X (Recurvo)";"Forte, leve e construida em alumínio Marcações gravadas a laser para um ajuste mais preciso Micro ajuste no eixo vertical e horizotal Sistema de nivelamento no 2º e 3º eixo Extensor: 9"" (22,86cm) Bloco de pin de mira 8-32 Bolsa e ferramentas inclusa";Avalon;SIM;;Unissex;;
mira-avalon-tec-x-recurvo;;;Orientação;Destro;Cor;Laranja;;;1,170.00;;0.75;4.00;34.00;24.00;0;ND;;;;;;;;;;;;;;
mira-avalon-tec-x-recurvo;;;Orientação;Destro;Cor;Roxo;;;1,170.00;;0.75;4.00;34.00;24.00;0;ND;;;;;;;;;;;;;;
mira-avalon-tec-x-recurvo;;;Orientação;Destro;Cor;Preto/Preto;;;1,170.00;;0.75;4.00;34.00;24.00;0;ND;;;;;;;;;;;;Unissex;;
mira-avalon-tec-x-composto;"Mira Avalon Tec-X (Composto)";"Partes de arco > Arco composto > Mira, Marcas > Avalon";Orientação;Destro;Cor;Preto;;;1,170.00;;0.75;4.00;34.00;24.00;7;ND;;;SIM;NÃO;;"arco e flecha, Avalon Tec X, composto, Mira";"Mira Avalon Tec-X para Composto";"Forte, leve e construida em alumínio Marcações gravadas a laser para um ajuste mais preciso Micro ajuste no eixo vertical e horizotal Sistema de nivelamento no 2º e 3º eixo Extensor: 9"" (22,86cm) Bloco de pin de mira 10-32 Bolsa inclusa Peso:9,28oz (263g)";Avalon;SIM;;Unissex;Adulto;
mira-avalon-tec-x-composto;;;Orientação;Canhoto;Cor;Preto;;;1,170.00;;0.75;4.00;34.00;24.00;0;ND;;;;;;;;;;;;;;
mala-macia-classic-116cm-composto-avalon;"Mala Macia Classic 116cm (Composto) - Avalon";"Ferramentas e acessórios > Transporte e proteção > Malas macias, Marcas > Avalon";Cor;Preto;;;;;766.00;;2.30;20.00;30.00;120.00;1;ND;;;SIM;NÃO;;"Arco Composto, arco e flecha, Avalon classic, Case, Mala, Soft Case";"Mala Macia Avalon Classic (Composto)";"Mala macia para arco composto com 2 bolsos Tamanho: 116cm Alças de mão, alça longa e alças para costas";Avalon;SIM;;Unissex;;
mala-macia-classic-116cm-composto-avalon;;;Cor;Vermelho;;;;;766.00;;2.30;20.00;30.00;120.00;1;ND;;;;;;;;;;;;Unissex;;
mala-macia-classic-116cm-composto-avalon;;;Cor;Azul;;;;;766.00;;2.30;20.00;30.00;120.00;0;ND;;;;;;;;;;;;Unissex;;
mala-macia-classic-116cm-composto-avalon;;;Cor;Grafite;;;;;766.00;;2.30;20.00;30.00;120.00;2;ND;;;;;;;;;;;;Unissex;;
lente-para-scope-avalon-tec-x-29mm;"Lente para Scope Avalon Tec X 29mm";"Partes de arco > Arco composto > Scope, Marcas > Avalon";Ampliação;4X;;;;;220.00;;0.03;2.00;9.00;8.00;0;ND;;;NÃO;NÃO;;"Avalon Tec X, Lente, Scope";"Lente para Scope Avalon Tec X 29mm";;Avalon;SIM;;Unissex;;
lente-para-scope-avalon-tec-x-29mm;;;Ampliação;6X;;;;;220.00;;0.03;2.00;9.00;8.00;0;ND;;;;;;;;;;;;Unissex;;
flecha-avalon-classic-completa-12-unidades;"Flecha Avalon Classic Completa - 12 unidades";"Flechas > Flechas montadas";Spine;400;;;;;846.00;;0.42;7.00;9.00;90.00;1;ND;;;SIM;NÃO;;"flechas, flechas montadas";;"Flecha em carbono 32"",  Penas EP 23,  Pin nock Break of point de 60-80, 80-100 ou 100-120gr (de acordo com o spine) Para os spines 1800 e 2000, ponta de 50gr. (Consulte a tabela de spines)";Avalon;SIM;;Unissex;;
flecha-avalon-classic-completa-12-unidades;;;Spine;500;;;;;846.00;;0.42;7.00;9.00;90.00;0;ND;;;;;;;;;;;;Unissex;;
flecha-avalon-classic-completa-12-unidades;;;Spine;600;;;;;846.00;;0.42;7.00;9.00;90.00;0;ND;;;;;;;;;;;;Unissex;;
flecha-avalon-classic-completa-12-unidades;;;Spine;700;;;;;846.00;;0.42;7.00;9.00;90.00;0;ND;;;;;;;;;;;;Unissex;;
flecha-avalon-classic-completa-12-unidades;;;Spine;800;;;;;846.00;;0.42;7.00;9.00;90.00;0;ND;;;;;;;;;;;;Unissex;;
flecha-avalon-classic-completa-12-unidades;;;Spine;900;;;;;846.00;;0.42;7.00;9.00;90.00;4;ND;;;;;;;;;;;;Unissex;;
flecha-avalon-classic-completa-12-unidades;;;Spine;1000;;;;;846.00;;0.42;7.00;9.00;90.00;49;ND;;;;;;;;;;;;Unissex;;
estabilizador-longo-tyro-avalon;"Estabilizador Longo Tyro - Avalon";"Partes de arco > Estabilizadores > Longos, Marcas > Avalon, Acessórios > Estabilizadores \> > Longo";Cor;Azul;;;;;230.00;;0.20;4.00;4.00;80.00;9;ND;;;SIM;NÃO;;estabilizador;"Estabilizador Longo Avalon Tyro";"Estabilizador Tyro 17 longo. Disponível 26"", 28"" e 30"" Disponível em 6 cores";Avalon;SIM;;Unissex;;
estabilizador-longo-tyro-avalon;;;Cor;Cinza;;;;;230.00;;0.20;4.00;4.00;80.00;19;ND;;;;;;;;;;;;Unissex;;
estabilizador-longo-tyro-avalon;;;Cor;Vermelho;;;;;230.00;;0.20;4.00;4.00;80.00;6;ND;;;;;;;;;;;;Unissex;;
kit-de-estabilizacao-completo-tyro-a-avalon;"Kit de Estabilização Completo Tyro A³- Avalon";"Partes de arco > Estabilizadores > Kit completo, Marcas > Avalon";Cor;Azul;;;;;806.00;;0.50;10.00;10.00;80.00;0;ND;;;SIM;NÃO;;"estabilizador, kit estabilizadores";"Kit de Estabilização Completo Avalon Tyro";"Estabilizador longo (28"" ou 30""), estabilizadores laterais 10"", v-bar, dampers. Com bolsa de transporte incluso. Disponível em 3 cores.";Avalon;SIM;;Unissex;;
kit-de-estabilizacao-completo-tyro-a-avalon;;;Cor;Vermelho;;;;;806.00;;0.50;10.00;10.00;80.00;0;ND;;;;;;;;;;;;Unissex;;
kit-de-estabilizacao-completo-tyro-a-avalon;;;Cor;Cinza;;;;;806.00;;0.50;10.00;10.00;80.00;0;ND;;;;;;;;;;;;;;
dedeira-avalon-tyro;"Dedeira Avalon Tyro";"Ferramentas e acessórios > Acessórios do arqueiro > Dedeira, Marcas > Avalon";Tamanho;PP;Cor;Verde;Orientação;Destro;115.00;;0.09;2.00;14.00;23.00;4;ND;;;SIM;NÃO;;dedeira;"Dedeira Avalon Tyro";"Dedeira com separador de dedos Couro nobre Disponível em 5 cores";Avalon;SIM;;Unissex;Adulto;
dedeira-avalon-tyro;;;Tamanho;PP;Cor;Verde;Orientação;Canhoto;115.00;;0.09;2.00;14.00;23.00;1;ND;;;;;;;;;;;;Unissex;Adulto;
dedeira-avalon-tyro;;;Tamanho;P;Cor;Dourado;Orientação;Destro;115.00;;0.09;2.00;14.00;23.00;10;ND;;;;;;;;;;;;Unissex;Adulto;
dedeira-avalon-tyro;;;Tamanho;P;Cor;Dourado;Orientação;Canhoto;115.00;;0.09;2.00;14.00;23.00;2;ND;;;;;;;;;;;;Unissex;Adulto;
dedeira-avalon-tyro;;;Tamanho;M;Cor;Vermelho;Orientação;Destro;115.00;;0.09;2.00;14.00;23.00;0;ND;;;;;;;;;;;;Unissex;Adulto;
dedeira-avalon-tyro;;;Tamanho;M;Cor;Vermelho;Orientação;Canhoto;115.00;;0.09;2.00;14.00;23.00;4;ND;;;;;;;;;;;;Unissex;Adulto;
dedeira-avalon-tyro;;;Tamanho;G;Cor;Azul;Orientação;Destro;115.00;;0.09;2.00;14.00;23.00;0;ND;;;;;;;;;;;;Unissex;Adulto;
dedeira-avalon-tyro;;;Tamanho;G;Cor;Azul;Orientação;Canhoto;115.00;;0.09;2.00;14.00;23.00;1;ND;;;;;;;;;;;;Unissex;Adulto;
dedeira-avalon-tyro;;;Tamanho;GG;Cor;Cinza;Orientação;Destro;115.00;;0.09;2.00;14.00;23.00;3;ND;;;;;;;;;;;;Unissex;Adulto;
dedeira-avalon-tyro;;;Tamanho;GG;Cor;Cinza;Orientação;Canhoto;115.00;;0.09;2.00;14.00;23.00;4;ND;;;;;;;;;;;;Unissex;Adulto;
dedeira-avalon-tec-one;"Dedeira Avalon Tec One";"Ferramentas e acessórios > Acessórios do arqueiro > Dedeira, Marcas > Avalon";Tamanho;PP;Cor;Verde;Orientação;"Destro (RH)";189.00;;0.09;2.00;14.00;23.00;8;ND;;;SIM;NÃO;;dedeira;"Dedeira Avalon Tec One";"Dedeira Olímpica em couro nobre. Apoio de ancoragem e dedo mínimo. Espaçador de dedos Disponível em 7 cores";Avalon;SIM;;Unissex;;
dedeira-avalon-tec-one;;;Tamanho;PP;Cor;Verde;Orientação;"Canhoto (LH)";189.00;;0.09;2.00;14.00;23.00;2;ND;;;;;;;;;;;;Unissex;;
dedeira-avalon-tec-one;;;Tamanho;P;Cor;Roxo;Orientação;"Destro (RH)";189.00;;0.09;2.00;14.00;23.00;0;ND;;;;;;;;;;;;Unissex;;
dedeira-avalon-tec-one;;;Tamanho;P;Cor;Roxo;Orientação;"Canhoto (LH)";189.00;;0.09;2.00;14.00;23.00;1;ND;;;;;;;;;;;;Unissex;;
dedeira-avalon-tec-one;;;Tamanho;P;Cor;Dourado;Orientação;"Destro (RH)";189.00;;0.09;2.00;14.00;23.00;16;ND;;;;;;;;;;;;Unissex;;
dedeira-avalon-tec-one;;;Tamanho;P;Cor;Dourado;Orientação;"Canhoto (LH)";189.00;;0.09;2.00;14.00;23.00;4;ND;;;;;;;;;;;;Unissex;;
dedeira-avalon-tec-one;;;Tamanho;M;Cor;Cinza;Orientação;"Destro (RH)";189.00;;0.09;2.00;14.00;23.00;14;ND;;;;;;;;;;;;Unissex;;
dedeira-avalon-tec-one;;;Tamanho;M;Cor;Cinza;Orientação;"Canhoto (LH)";189.00;;0.09;2.00;14.00;23.00;10;ND;;;;;;;;;;;;Unissex;;
dedeira-avalon-tec-one;;;Tamanho;M;Cor;Vermelho;Orientação;"Destro (RH)";189.00;;0.09;2.00;14.00;23.00;1;ND;;;;;;;;;;;;Unissex;;
dedeira-avalon-tec-one;;;Tamanho;M;Cor;Vermelho;Orientação;"Canhoto (LH)";189.00;;0.09;2.00;14.00;23.00;0;ND;;;;;;;;;;;;Unissex;;
dedeira-avalon-tec-one;;;Tamanho;G;Cor;Azul;Orientação;"Destro (RH)";189.00;;0.09;2.00;14.00;23.00;0;ND;;;;;;;;;;;;Unissex;;
dedeira-avalon-tec-one;;;Tamanho;G;Cor;Azul;Orientação;"Canhoto (LH)";189.00;;0.09;2.00;14.00;23.00;7;ND;;;;;;;;;;;;Unissex;;
dedeira-avalon-tec-one;;;Tamanho;G;Cor;Preto;Orientação;"Destro (RH)";189.00;;0.09;2.00;14.00;23.00;7;ND;;;;;;;;;;;;Unissex;;
dedeira-avalon-tec-one;;;Tamanho;G;Cor;Preto;Orientação;"Canhoto (LH)";189.00;;0.09;2.00;14.00;23.00;8;ND;;;;;;;;;;;;Unissex;;
dedeira-avalon-tec-one;;;Tamanho;GG;Cor;Cinza;Orientação;"Destro (RH)";189.00;;0.09;2.00;14.00;23.00;8;ND;;;;;;;;;;;;Unissex;;
dedeira-avalon-tec-one;;;Tamanho;GG;Cor;Cinza;Orientação;"Canhoto (LH)";189.00;;0.09;2.00;14.00;23.00;9;ND;;;;;;;;;;;;Unissex;;
damper-modular-tecx-avalon;"Damper Modular TecX - Avalon";"Partes de arco > Estabilizadores > Dampers";Cor;Preto;;;;;97.00;;0.07;7.00;16.00;11.00;0;ND;;;SIM;NÃO;;"Arco Recurvo, damper, punho";"Damper Modular Avalon para Punho Recurvo";;Avalon;SIM;;Unissex;;
damper-modular-tecx-avalon;;;Cor;Azul;;;;;97.00;;0.07;7.00;16.00;11.00;0;ND;;;;;;;;;;;;Unissex;;
damper-modular-tecx-avalon;;;Cor;Cinza;;;;;97.00;;0.07;7.00;16.00;11.00;0;ND;;;;;;;;;;;;Unissex;;
damper-modular-tecx-avalon;;;Cor;Verde;;;;;97.00;;0.07;7.00;16.00;11.00;0;ND;;;;;;;;;;;;Unissex;;
damper-modular-tecx-avalon;;;Cor;Roxo;;;;;97.00;;0.07;7.00;16.00;11.00;0;ND;;;;;;;;;;;;Unissex;;
damper-modular-tecx-avalon;;;Cor;Laranja;;;;;97.00;;0.07;7.00;16.00;11.00;0;ND;;;;;;;;;;;;Unissex;;
damper-modular-tecx-avalon;;;Cor;Vermelho;;;;;97.00;;0.07;7.00;16.00;11.00;0;ND;;;;;;;;;;;;Unissex;;
clicker-magnetico-avalon-classic-mira;"Clicker Magnético Avalon Classic (Mira)";"Partes de arco > Arco recurvo > Clicker, Marcas > Avalon";;;;;;;183.00;;0.02;2.00;2.00;10.00;15;ND;;;SIM;NÃO;;clicker;"Clicker Magnético Avalon Classic (Mira)";;Avalon;SIM;;Unissex;Adulto;
clicker-magnetico-avalon-classic;"Clicker Magnético Avalon Classic";"Partes de arco > Arco recurvo > Clicker, Marcas > Avalon";;;;;;;90.00;;0.02;2.00;2.00;10.00;10;ND;;;SIM;NÃO;;clicker;"Clicker Magnético Avalon Classic";;Avalon;SIM;;Unissex;Adulto;
capa-protetora-avalon-para-estabilizador-longo;"Capa protetora Avalon para Estabilizador Longo";"Ferramentas e acessórios > Transporte e proteção > Capas protetoras";;;;;;;82.00;;0.15;10.00;10.00;20.00;0;ND;;;SIM;NÃO;;"arco e flecha, capa protetora, protecao";"Capa protetora Avalon para Estabilizador Longo";"Capa protetora para estabilizador longo de 100x14cm. Ideal para a proteção e transporte de estabilizadores";Avalon;SIM;;Unissex;Adulto;
capa-protetora-avalon-para-estabilizador-lateral;"Capa Protetora Avalon para Estabilizador Lateral";"Ferramentas e acessórios > Transporte e proteção > Capas protetoras";;;;;;;69.00;;0.15;10.00;10.00;20.00;0;ND;;;SIM;NÃO;;"capa protetora, protecao";"Capa Protetora Avalon para Estabilizador Lateral";;Avalon;SIM;;Unissex;Adulto;
capa-protetora-de-cam-avalon;"Capa Protetora de Cam Avalon";"Ferramentas e acessórios > Transporte e proteção > Capas protetoras";;;;;;;194.00;;0.28;10.00;20.00;20.00;6;ND;;;SIM;NÃO;;"Arco Composto, capa protetora, protecao";"Capa Protetora de Cam Avalon";;Avalon;SIM;;Unissex;Adulto;
button-avalon-tyro;"Button Avalon Tyro";"Partes de arco > Arco recurvo > Button, Marcas > Avalon";Cor;Vermelho;;;;;102.00;;0.05;3.00;3.00;8.00;21;ND;;;SIM;NÃO;;"Arco Recurvo, button";"Button Avalon Tyro";"Button Iniciante Tyro  Disponível em 9 cores. Acompanha chaves, molas e pino de reposição.";Avalon;SIM;;Unissex;Adulto;
button-avalon-tyro;;;Cor;Preto;;;;;102.00;;0.05;3.00;3.00;8.00;31;ND;;;;;;;;;;;;Unissex;Adulto;
button-avalon-tyro;;;Cor;Rosa;;;;;102.00;;0.05;3.00;3.00;8.00;21;ND;;;;;;;;;;;;Unissex;Adulto;
button-avalon-tyro;;;Cor;Turquesa;;;;;102.00;;0.05;3.00;3.00;8.00;22;ND;;;;;;;;;;;;Unissex;Adulto;
button-avalon-tyro;;;Cor;Azul;;;;;102.00;;0.05;3.00;3.00;8.00;18;ND;;;;;;;;;;;;Unissex;Adulto;
button-avalon-tyro;;;Cor;Cinza;;;;;102.00;;0.05;3.00;3.00;8.00;19;ND;;;;;;;;;;;;Unissex;Adulto;
button-avalon-tyro;;;Cor;Roxo;;;;;102.00;;0.05;3.00;3.00;8.00;27;ND;;;;;;;;;;;;Unissex;Adulto;
button-avalon-tyro;;;Cor;Laranja;;;;;102.00;;0.05;3.00;3.00;8.00;19;ND;;;;;;;;;;;;Unissex;Adulto;
button-avalon-tyro;;;Cor;Verde;;;;;102.00;;0.05;3.00;3.00;8.00;16;ND;;;;;;;;;;;;Unissex;Adulto;
bow-press-portatil-avalon;"Bow Press Portátil Avalon";"Partes de arco > Arco composto > Cordas e cabos, Ferramentas e acessórios > Ferramentas de regulagem";Tamanho;"Medium/ Medium";;;;;843.00;;1.00;10.00;15.00;20.00;1;ND;;;SIM;NÃO;;"Arco Composto, bowpress, manutencao";"Bow Press Portátil Avalon";"Bow Press de corda portátil e prático Ideal para manutenção do seu arco composto";Avalon;SIM;;;;
bow-press-portatil-avalon;;;Tamanho;Medium/Wide;;;;;843.00;;1.00;10.00;15.00;20.00;1;ND;;;;;;;;;;;;;;
bolso-para-aljava-tec-x;"Bolso para aljava Tec X";"Ferramentas e acessórios > Aljavas > Field, Ferramentas e acessórios > Aljavas > Target, Marcas > Avalon";Cor;Azul;;;;;155.00;;0.06;3.00;19.00;19.00;4;ND;;;SIM;NÃO;;;;;;SIM;;Unissex;;
bolso-para-aljava-tec-x;;;Cor;Cinza;;;;;155.00;;0.06;3.00;19.00;19.00;2;ND;;;;;;;;;;;;Unissex;;
bolso-para-aljava-tec-x;;;Cor;Verde;;;;;155.00;;0.06;3.00;19.00;19.00;1;ND;;;;;;;;;;;;Unissex;;
bolso-para-aljava-tec-x;;;Cor;Laranja;;;;;155.00;;0.06;3.00;19.00;19.00;3;ND;;;;;;;;;;;;Unissex;;
bolso-para-aljava-tec-x;;;Cor;Roxo;;;;;155.00;;0.06;3.00;19.00;19.00;6;ND;;;;;;;;;;;;Unissex;;
bolso-para-aljava-tec-x;;;Cor;Vermelho;;;;;155.00;;0.06;3.00;19.00;19.00;6;ND;;;;;;;;;;;;Unissex;;
bolso-para-aljava-tec-x;;;Cor;Branco;;;;;155.00;;0.06;3.00;19.00;19.00;5;ND;;;;;;;;;;;;Unissex;;
bolso-para-aljava-tec-x;;;Cor;Turquesa;;;;;155.00;;0.06;3.00;19.00;19.00;4;ND;;;;;;;;;;;;Unissex;;
bolso-para-aljava-tec-x;;;Cor;Preto;;;;;155.00;;0.06;3.00;19.00;19.00;2;ND;;;;;;;;;;;;;;
suporte-para-arco-composto-avalon-rack-bipe;"Suporte para Arco Composto Avalon - rack bipé";"Ferramentas e acessórios > Acessórios do arqueiro > Apoio de arco, Marcas > Avalon";Cor;Verde;;;;;140.00;;0.15;3.00;29.00;17.00;3;ND;;;SIM;NÃO;;;;"Bi pé para arco composto com borracha de proteção para lâmina. Disponível em 4 cores.";;SIM;;Unissex;;
suporte-para-arco-composto-avalon-rack-bipe;;;Cor;Azul;;;;;140.00;;0.15;3.00;29.00;17.00;5;ND;;;;;;;;;;;;Unissex;;
suporte-para-arco-composto-avalon-rack-bipe;;;Cor;Laranja;;;;;140.00;;0.15;3.00;29.00;17.00;6;ND;;;;;;;;;;;;Unissex;;
suporte-para-arco-composto-avalon-rack-bipe;;;Cor;Preto;;;;;140.00;;0.15;3.00;29.00;17.00;0;ND;;;;;;;;;;;;Unissex;;
encordoador-para-arco-recurvo-avalon;"Encordoador para arco recurvo - Avalon";"Ferramentas e acessórios > Acessórios do arqueiro > Encordador";;;;;;;67.00;;0.10;3.00;14.00;12.00;0;ND;;;SIM;NÃO;;"armador, bowstringer, encordoador";"Armador para arco recurvo Avalon";"Armador para arco recurvo Excelente para encordoar de forma adequada seu arco recurvo";Avalon;SIM;;Unissex;Adulto;
tripe-magnetico-para-arco-recurvo-avalon-tyro;"Tripé Magnético para arco recurvo - Avalon Tyro";"Ferramentas e acessórios > Acessórios do arqueiro > Apoio de arco, Marcas > Avalon";Cor;Preto;;;;;215.00;;0.20;5.00;5.00;0.10;7;ND;;;SIM;NÃO;;tripe;"Tripé Magnético Avalon Tyro";"Tripé magnético construído em alumínio para arco. Disponível em 4 cores.";Avalon;SIM;;Unissex;;
tripe-magnetico-para-arco-recurvo-avalon-tyro;;;Cor;Cinza;;;;;215.00;;0.20;5.00;5.00;0.10;5;ND;;;;;;;;;;;;Unissex;;
tripe-magnetico-para-arco-recurvo-avalon-tyro;;;Cor;Vermelho;;;;;215.00;;0.20;5.00;5.00;0.10;7;ND;;;;;;;;;;;;Unissex;;
tripe-magnetico-para-arco-recurvo-avalon-tyro;;;Cor;Azul;;;;;215.00;;0.20;5.00;5.00;0.10;5;ND;;;;;;;;;;;;Unissex;;
indoor-18m-alvo-oficial-wa-vegas-shoot-10-unidades-avalon;"INDOOR 18m - Alvo oficial WA Vegas Shoot (10 unidades) - Avalon";"Alvos e anteparos > Faces de alvo";;;;;;;60.00;;0.25;7.00;7.00;43.00;38;ND;;;SIM;NÃO;;"alvo, face de alvo, target face";;"Alvo para indoor triplo em disposição triangular. Centro com X e 10. 5 anéis. Alvo oficial de competição homologado pela World Archery";Avalon;SIM;;Unissex;Adulto;
indoor-18m-alvo-oficial-wa-triplo-40cm-10-unidades-avalon;"INDOOR 18m - Alvo Oficial WA Triplo 40cm (10 unidades) - Avalon";"Alvos e anteparos > Faces de alvo";;;;;;;49.00;;0.22;8.00;8.00;25.00;33;ND;;;SIM;NÃO;;"alvo, face de alvo, target face";;"Alvo para indoor triplo. Centro com X e 10. 5 anéis. Alvo oficial de competição homologado pela World Archery";Avalon;SIM;;Unissex;Adulto;
outdoor-composto-alvo-oficial-wa-80cm-10-unidades-avalon;"OUTDOOR COMPOSTO - Alvo oficial WA 80cm (10 unidades) - Avalon";"Alvos e anteparos > Faces de alvo";;;;;;;99.00;;0.35;7.00;7.00;60.00;0;ND;;;SIM;NÃO;;"alvo, face de alvo, target face";;"Alvo com 6 anéis. Alvo oficial para Arco Composto a 50 metros. Alvo oficial de competição homologado pela World Archery";Avalon;SIM;;Unissex;Adulto;
indoor-18m-alvo-oficial-wa-40cm-10-unidades-avalon;"INDOOR 18m - Alvo Oficial WA 40cm (10 unidades) - Avalon";"Alvos e anteparos > Faces de alvo";;;;;;;55.00;;0.25;7.00;7.00;43.00;0;ND;;;SIM;NÃO;;"alvo, face de alvo, target face";;"Alvo para indoor face única, centro (x e 10). 10 anéis. Pacote com 10 unidades. Alvo oficial de competição homologado pela World Archery";Avalon;SIM;;Unissex;Adulto;
outdoor-alvo-oficial-wa-122cm-avalon;"OUTDOOR - Alvo oficial WA 122cm - Avalon";"Alvos e anteparos > Faces de alvo";;;;;;;40.50;;0.12;6.00;6.00;122.00;646;ND;;;SIM;NÃO;;"alvo, face de alvo, target face";;"Alvo com 10 anéis. Alvo oficial de competição homologado pela World Archery";Avalon;SIM;;Unissex;Adulto;
aljava-avalon-tec-one;"Aljava Avalon Tec One";"Ferramentas e acessórios > Aljavas > Target, Marcas > Avalon";Cor;Preto;Orientação;"Destro (RH)";;;550.00;;0.60;20.00;20.00;52.00;1;ND;;;SIM;NÃO;;aljava;"Aljava Avalon Tec One";"4 divisórias de flechas 2 bolsos  Cinto incluso Disponível em 11 combinações de cores";Avalon;SIM;;Unissex;;
aljava-avalon-tec-one;;;Cor;Preto;Orientação;"Canhoto (LH)";;;550.00;;0.60;20.00;20.00;52.00;2;ND;;;;;;;;;;;;Unissex;;
aljava-avalon-tec-one;;;Cor;Azul;Orientação;"Destro (RH)";;;550.00;;0.60;20.00;20.00;52.00;2;ND;;;;;;;;;;;;Unissex;;
aljava-avalon-tec-one;;;Cor;Azul;Orientação;"Canhoto (LH)";;;550.00;;0.60;20.00;20.00;52.00;2;ND;;;;;;;;;;;;Unissex;;
aljava-avalon-tec-one;;;Cor;Dourado;Orientação;"Destro (RH)";;;550.00;;0.60;20.00;20.00;52.00;0;ND;;;;;;;;;;;;Unissex;;
aljava-avalon-tec-one;;;Cor;Dourado;Orientação;"Canhoto (LH)";;;550.00;;0.60;20.00;20.00;52.00;1;ND;;;;;;;;;;;;Unissex;;
aljava-avalon-tec-one;;;Cor;Cinza;Orientação;"Destro (RH)";;;550.00;;0.60;20.00;20.00;52.00;0;ND;;;;;;;;;;;;Unissex;;
aljava-avalon-tec-one;;;Cor;Cinza;Orientação;"Canhoto (LH)";;;550.00;;0.60;20.00;20.00;52.00;0;ND;;;;;;;;;;;;Unissex;;
aljava-avalon-tec-one;;;Cor;Verde;Orientação;"Destro (RH)";;;550.00;;0.60;20.00;20.00;52.00;3;ND;;;;;;;;;;;;Unissex;;
aljava-avalon-tec-one;;;Cor;Verde;Orientação;"Canhoto (LH)";;;550.00;;0.60;20.00;20.00;52.00;2;ND;;;;;;;;;;;;Unissex;;
aljava-avalon-tec-one;;;Cor;Laranja;Orientação;"Destro (RH)";;;550.00;;0.60;20.00;20.00;52.00;0;ND;;;;;;;;;;;;Unissex;;
aljava-avalon-tec-one;;;Cor;Laranja;Orientação;"Canhoto (LH)";;;550.00;;0.60;20.00;20.00;52.00;1;ND;;;;;;;;;;;;Unissex;;
aljava-avalon-tec-one;;;Cor;Rosa;Orientação;"Destro (RH)";;;550.00;;0.60;20.00;20.00;52.00;2;ND;;;;;;;;;;;;Unissex;;
aljava-avalon-tec-one;;;Cor;Rosa;Orientação;"Canhoto (LH)";;;550.00;;0.60;20.00;20.00;52.00;1;ND;;;;;;;;;;;;Unissex;;
aljava-avalon-tec-one;;;Cor;Roxo;Orientação;"Destro (RH)";;;550.00;;0.60;20.00;20.00;52.00;2;ND;;;;;;;;;;;;Unissex;;
aljava-avalon-tec-one;;;Cor;Roxo;Orientação;"Canhoto (LH)";;;550.00;;0.60;20.00;20.00;52.00;1;ND;;;;;;;;;;;;Unissex;;
aljava-avalon-tec-one;;;Cor;Vermelho;Orientação;"Destro (RH)";;;550.00;;0.60;20.00;20.00;52.00;0;ND;;;;;;;;;;;;Unissex;;
aljava-avalon-tec-one;;;Cor;Vermelho;Orientação;"Canhoto (LH)";;;550.00;;0.60;20.00;20.00;52.00;1;ND;;;;;;;;;;;;Unissex;;
aljava-avalon-tec-one;;;Cor;Turquesa;Orientação;"Destro (RH)";;;550.00;;0.60;20.00;20.00;52.00;1;ND;;;;;;;;;;;;Unissex;;
aljava-avalon-tec-one;;;Cor;Turquesa;Orientação;"Canhoto (LH)";;;550.00;;0.60;20.00;20.00;52.00;0;ND;;;;;;;;;;;;Unissex;;
aljava-avalon-classic;"Aljava Avalon Classic";"Ferramentas e acessórios > Aljavas > Target, Marcas > Avalon";Cor;Preto;Orientação;"Destro (RH)";;;240.00;;0.50;15.00;20.00;50.00;1;ND;;;SIM;NÃO;;"aljava, suporte de flecha";"Aljava Avalon Classic com 3 Tubos e Cinto Incluso";"Descubra a Aljava Avalon Classic com 3 tubos para flechas e 2 bolsos. Disponível em 10 combinações de cores. Garanta a sua agora!";Avalon;SIM;;Unissex;;
aljava-avalon-classic;;;Cor;Preto;Orientação;"Canhoto (LH)";;;240.00;;0.50;15.00;20.00;50.00;6;ND;;;;;;;;;;;;Unissex;;
aljava-avalon-classic;;;Cor;Azul;Orientação;"Destro (RH)";;;240.00;;0.50;15.00;20.00;50.00;16;ND;;;;;;;;;;;;Unissex;;
aljava-avalon-classic;;;Cor;Azul;Orientação;"Canhoto (LH)";;;240.00;;0.50;15.00;20.00;50.00;5;ND;;;;;;;;;;;;Unissex;;
aljava-avalon-classic;;;Cor;Verde;Orientação;"Destro (RH)";;;240.00;;0.50;15.00;20.00;50.00;7;ND;;;;;;;;;;;;Unissex;;
aljava-avalon-classic;;;Cor;Verde;Orientação;"Canhoto (LH)";;;240.00;;0.50;15.00;20.00;50.00;0;ND;;;;;;;;;;;;Unissex;;
aljava-avalon-classic;;;Cor;Cinza;Orientação;"Destro (RH)";;;240.00;;0.50;15.00;20.00;50.00;19;ND;;;;;;;;;;;;Unissex;;
aljava-avalon-classic;;;Cor;Cinza;Orientação;"Canhoto (LH)";;;240.00;;0.50;15.00;20.00;50.00;2;ND;;;;;;;;;;;;Unissex;;
aljava-avalon-classic;;;Cor;Laranja;Orientação;"Destro (RH)";;;240.00;;0.50;15.00;20.00;50.00;11;ND;;;;;;;;;;;;Unissex;;
aljava-avalon-classic;;;Cor;Laranja;Orientação;"Canhoto (LH)";;;240.00;;0.50;15.00;20.00;50.00;4;ND;;;;;;;;;;;;Unissex;;
aljava-avalon-classic;;;Cor;Rosa;Orientação;"Destro (RH)";;;240.00;;0.50;15.00;20.00;50.00;11;ND;;;;;;;;;;;;Unissex;;
aljava-avalon-classic;;;Cor;Rosa;Orientação;"Canhoto (LH)";;;240.00;;0.50;15.00;20.00;50.00;2;ND;;;;;;;;;;;;Unissex;;
aljava-avalon-classic;;;Cor;Roxo;Orientação;"Destro (RH)";;;240.00;;0.50;15.00;20.00;50.00;1;ND;;;;;;;;;;;;Unissex;;
aljava-avalon-classic;;;Cor;Roxo;Orientação;"Canhoto (LH)";;;240.00;;0.50;15.00;20.00;50.00;4;ND;;;;;;;;;;;;Unissex;;
aljava-avalon-classic;;;Cor;Vermelho;Orientação;"Destro (RH)";;;240.00;;0.50;15.00;20.00;50.00;1;ND;;;;;;;;;;;;Unissex;;
aljava-avalon-classic;;;Cor;Vermelho;Orientação;"Canhoto (LH)";;;240.00;;0.50;15.00;20.00;50.00;1;ND;;;;;;;;;;;;Unissex;;
aljava-avalon-classic;;;Cor;Bordô;Orientação;"Destro (RH)";;;240.00;;0.50;15.00;20.00;50.00;19;ND;;;;;;;;;;;;Unissex;;
aljava-avalon-classic;;;Cor;Bordô;Orientação;"Canhoto (LH)";;;240.00;;0.50;15.00;20.00;50.00;5;ND;;;;;;;;;;;;Unissex;;
aljava-avalon-classic;;;Cor;Marrom;Orientação;"Destro (RH)";;;240.00;;0.50;15.00;20.00;50.00;1;ND;;;;;;;;;;;;;;
aljava-avalon-classic;;;Cor;Marrom;Orientação;"Canhoto (LH)";;;240.00;;0.50;15.00;20.00;50.00;0;ND;;;;;;;;;;;;;;
alicate-avalon-para-d-loop-avalon;"Alicate Avalon para D-Loop - Avalon";"Ferramentas e acessórios > Ferramentas de regulagem";;;;;;;80.00;;0.31;2.00;7.00;20.00;4;ND;;;SIM;NÃO;;"acessorios, alicate";"Alicate Avalon para D-Loop";;Avalon;SIM;;Unissex;Adulto;
alicate-annex-para-nocking-point-avalon;"Alicate Annex para Nocking Point - Avalon";"Ferramentas e acessórios > Ferramentas de regulagem, Marcas > Avalon";;;;;;;65.00;;0.10;2.00;7.00;20.00;1;ND;;;SIM;NÃO;;"alicate, nocking point";"Alicate Annex Avalon para Nocking Point";"Alicate para nocking point com cabo reforçado";Avalon;SIM;;Unissex;;
rest-x9-composto-sanlida;"Rest X9 (Composto) - Sanlida";"Partes de arco > Arco composto > Rest, Marcas > Sanlida";Cor;Preto;;;;;430.00;;0.14;7.00;15.00;15.00;11;ND;;;SIM;NÃO;;"Arco Composto, rest";"Rest Salinda X9 (Composto)";"Rest para composto feito em alumínio 6061 T6  Ajuste vertical e lateral.  Possui lâminas de diferentes tamanho e dureza Disponível em 5 cores";Sanlida;SIM;;Unissex;Adulto;
rest-x9-composto-sanlida;;;Cor;Azul;;;;;430.00;;0.14;7.00;15.00;15.00;0;ND;;;;;;;;;;;;Unissex;Adulto;
rest-x9-composto-sanlida;;;Cor;Dourado;;;;;430.00;;0.14;7.00;15.00;15.00;0;ND;;;;;;;;;;;;Unissex;Adulto;
rest-x9-composto-sanlida;;;Cor;Verde;;;;;430.00;;0.14;7.00;15.00;15.00;0;ND;;;;;;;;;;;;Unissex;Adulto;
rest-x9-composto-sanlida;;;Cor;Vermelho;;;;;430.00;;0.14;7.00;15.00;15.00;0;ND;;;;;;;;;;;;Unissex;Adulto;
protetor-de-braco-x8-sanlida;"Protetor de braço x8 - Sanlida";"Ferramentas e acessórios > Acessórios do arqueiro > Protetor de braço, Marcas > Sanlida";Cor;Verde;;;;;35.00;;0.02;1.00;6.00;15.00;11;ND;;;SIM;NÃO;;"protecao, protetor de braco";"Protetor de braço Sanlida flexível";"Protetor de braço flexivel feito em silicone.  Disponível em 5 cores";Sanlida;SIM;;Unissex;Adulto;
protetor-de-braco-x8-sanlida;;;Cor;Vermelho;;;;;35.00;;0.02;1.00;6.00;15.00;16;ND;;;;;;;;;;;;Unissex;Adulto;
protetor-de-braco-x8-sanlida;;;Cor;Preto;;;;;35.00;;0.02;1.00;6.00;15.00;19;ND;;;;;;;;;;;;Unissex;Adulto;
protetor-de-braco-x8-sanlida;;;Cor;Azul;;;;;35.00;;0.02;1.00;6.00;15.00;18;ND;;;;;;;;;;;;Unissex;Adulto;
protetor-de-braco-x8-sanlida;;;Cor;Rosa;;;;;35.00;;0.02;1.00;6.00;15.00;15;ND;;;;;;;;;;;;Unissex;Adulto;
vbar-sanlida-ajustavel-1-lado;"V-Bar Sanlida Ajustável 1 Lado";"Partes de arco > Estabilizadores > V-bar";Cor;Preto;;;;;560.00;;0.16;3.00;14.00;15.00;7;ND;;;SIM;NÃO;;"Arco Composto, v-bar";"V-Bar Sanlida Ajustável 1 Lado";"Construído em Alumínio 6061 T6 O design permite uma gama ilimitada de ajustes, ao mesmo tempo que fornece alta resistência Sistema de Encaixe Rápido (Quick Disconnect) Disponível em 5 cores";Sanlida;SIM;;Unissex;Adulto;
estabilizador-lateral-sanlida-x10-18mm-composto;"Estabilizador Lateral Sanlida X10 18mm (Composto)";"Partes de arco > Estabilizadores > Laterais, Marcas > Sanlida";Tamanho;"12""";Cor;Preto;;;330.00;;0.13;3.00;3.00;36.00;0;ND;;;SIM;NÃO;;"Arco Composto, estabilizador";"Estabilizador Lateral Sanlida X10 18mm (Composto)";"Construído em carbono com acabamento de alumínio Ótima absorção de vibração Diâmetro: 18mm Tamanhos: 12"" Disponível em 5 cores";Sanlida;SIM;;Unissex;Adulto;
estabilizador-lateral-sanlida-x10-18mm-composto;;;Tamanho;"12""";Cor;Azul;;;330.00;;0.13;3.00;3.00;36.00;0;ND;;;;;;;;;;;;Unissex;Adulto;
estabilizador-lateral-sanlida-x10-18mm-composto;;;Tamanho;"12""";Cor;Dourado;;;330.00;;0.13;3.00;3.00;36.00;0;ND;;;;;;;;;;;;Unissex;Adulto;
estabilizador-lateral-sanlida-x10-18mm-composto;;;Tamanho;"12""";Cor;Vermelho;;;330.00;;0.13;3.00;3.00;36.00;2;ND;;;;;;;;;;;;Unissex;Adulto;
estabilizador-lateral-sanlida-x10-18mm-composto;;;Tamanho;"12""";Cor;Verde;;;330.00;;0.13;3.00;3.00;36.00;0;ND;;;;;;;;;;;;Unissex;Adulto;
estabilizador-lateral-sanlida-x10-18mm-composto;;;Tamanho;"15""";Cor;Preto;;;330.00;;0.13;3.00;3.00;36.00;0;ND;;;;;;;;;;;;;;
estabilizador-lateral-sanlida-x10-18mm-composto;;;Tamanho;"15""";Cor;Azul;;;330.00;;0.13;3.00;3.00;36.00;0;ND;;;;;;;;;;;;;;
estabilizador-lateral-sanlida-x10-18mm-composto;;;Tamanho;"15""";Cor;Dourado;;;330.00;;0.13;3.00;3.00;36.00;1;ND;;;;;;;;;;;;;;
estabilizador-lateral-sanlida-x10-18mm-composto;;;Tamanho;"15""";Cor;Vermelho;;;330.00;;0.13;3.00;3.00;36.00;0;ND;;;;;;;;;;;;;;
estabilizador-lateral-sanlida-x10-18mm-composto;;;Tamanho;"15""";Cor;Verde;;;330.00;;0.13;3.00;3.00;36.00;0;ND;;;;;;;;;;;;;;
estabilizador-longo-sanlida-x10-18mm-composto;"Estabilizador Longo Sanlida X10 18mm (Composto)";"Partes de arco > Estabilizadores > Longos, Marcas > Sanlida";Cor;Preto;Tamanho;"30""";;;480.00;;0.30;3.00;3.00;91.00;0;ND;;;SIM;NÃO;;"Arco Composto, estabilizador";"Estabilizador Longo Sanlida X10 18mm (Composto)";"Construído em carbono com acabamento de alumínio Ótima absorção de vibração Diâmetro: 18mm Tamanho: 28"" Disponível em 5 cores";Sanlida;SIM;;;;
estabilizador-longo-sanlida-x10-18mm-composto;;;Cor;Azul;Tamanho;"30""";;;480.00;;0.30;3.00;3.00;91.00;0;ND;;;;;;;;;;;;;;
estabilizador-longo-sanlida-x10-18mm-composto;;;Cor;Dourado;Tamanho;"30""";;;480.00;;0.30;3.00;3.00;91.00;0;ND;;;;;;;;;;;;;;
estabilizador-longo-sanlida-x10-18mm-composto;;;Cor;Vermelho;Tamanho;"30""";;;480.00;;0.30;3.00;3.00;91.00;0;ND;;;;;;;;;;;;;;
estabilizador-longo-sanlida-x10-18mm-composto;;;Cor;Verde;Tamanho;"30""";;;480.00;;0.30;3.00;3.00;91.00;0;ND;;;;;;;;;;;;;;
estabilizador-lateral-sanlida-x10-14mm;"Estabilizador Lateral Sanlida X10 14mm";"Partes de arco > Estabilizadores > Laterais, Marcas > Sanlida";Tamanho;"12""";Cor;Preto;;;600.00;;0.13;3.00;3.00;36.00;0;ND;;;SIM;NÃO;;estabilizador;"Estabilizador Lateral Sanlida X10 14mm";"Construído em carbono com acabamento de alumínio Ótima absorção de vibração Diâmetro: 14mm Tamanhos: 12"" Disponível em 5 cores";Sanlida;SIM;;Unissex;Adulto;
estabilizador-lateral-sanlida-x10-14mm;;;Tamanho;"12""";Cor;Azul;;;600.00;;0.13;3.00;3.00;36.00;0;ND;;;;;;;;;;;;Unissex;Adulto;
estabilizador-lateral-sanlida-x10-14mm;;;Tamanho;"12""";Cor;Dourado;;;600.00;;0.13;3.00;3.00;36.00;0;ND;;;;;;;;;;;;Unissex;Adulto;
estabilizador-lateral-sanlida-x10-14mm;;;Tamanho;"12""";Cor;Vermelho;;;600.00;;0.13;3.00;3.00;36.00;2;ND;;;;;;;;;;;;Unissex;Adulto;
estabilizador-lateral-sanlida-x10-14mm;;;Tamanho;"12""";Cor;Verde;;;600.00;;0.13;3.00;3.00;36.00;2;ND;;;;;;;;;;;;Unissex;Adulto;
estabilizador-lateral-sanlida-x10-14mm;;;Tamanho;"15""";Cor;Preto;;;600.00;;0.13;3.00;3.00;36.00;5;ND;;;;;;;;;;;;;;
estabilizador-lateral-sanlida-x10-14mm;;;Tamanho;"15""";Cor;Azul;;;600.00;;0.13;3.00;3.00;36.00;1;ND;;;;;;;;;;;;;;
estabilizador-lateral-sanlida-x10-14mm;;;Tamanho;"15""";Cor;Dourado;;;600.00;;0.13;3.00;3.00;36.00;2;ND;;;;;;;;;;;;;;
estabilizador-lateral-sanlida-x10-14mm;;;Tamanho;"15""";Cor;Vermelho;;;600.00;;0.13;3.00;3.00;36.00;1;ND;;;;;;;;;;;;;;
estabilizador-lateral-sanlida-x10-14mm;;;Tamanho;"15""";Cor;Verde;;;600.00;;0.13;3.00;3.00;36.00;3;ND;;;;;;;;;;;;;;
estabilizador-sanlida-x10-14mm;"Estabilizador Longo Sanlida X10 14mm";"Partes de arco > Estabilizadores > Longos, Marcas > Sanlida";Cor;Preto;Tamanho;"30""";;;1,230.00;;0.30;3.00;3.00;91.00;0;ND;;;SIM;NÃO;;estabilizador;"Estabilizador Sanlida X10 14mm";"Construído em carbono com acabamento de alumínio Ótima absorção de vibração Diâmetro: 14mm Tamanhos: 33"" Disponível em 5 cores";Sanlida;SIM;;;;
estabilizador-sanlida-x10-14mm;;;Cor;Preto;Tamanho;"33""";;;1,230.00;;0.30;3.00;3.00;91.00;6;ND;;;;;;;;;;;;;;
estabilizador-sanlida-x10-14mm;;;Cor;Azul;Tamanho;"30""";;;1,230.00;;0.30;3.00;3.00;91.00;1;ND;;;;;;;;;;;;;;
estabilizador-sanlida-x10-14mm;;;Cor;Azul;Tamanho;"33""";;;1,230.00;;0.30;3.00;3.00;91.00;2;ND;;;;;;;;;;;;;;
estabilizador-sanlida-x10-14mm;;;Cor;Dourado;Tamanho;"30""";;;1,230.00;;0.30;3.00;3.00;91.00;0;ND;;;;;;;;;;;;;;
estabilizador-sanlida-x10-14mm;;;Cor;Dourado;Tamanho;"33""";;;1,230.00;;0.30;3.00;3.00;91.00;2;ND;;;;;;;;;;;;;;
estabilizador-sanlida-x10-14mm;;;Cor;Vermelho;Tamanho;"30""";;;1,230.00;;0.30;3.00;3.00;91.00;0;ND;;;;;;;;;;;;;;
estabilizador-sanlida-x10-14mm;;;Cor;Vermelho;Tamanho;"33""";;;1,230.00;;0.30;3.00;3.00;91.00;2;ND;;;;;;;;;;;;;;
estabilizador-sanlida-x10-14mm;;;Cor;Verde;Tamanho;"30""";;;1,230.00;;0.30;3.00;3.00;91.00;1;ND;;;;;;;;;;;;;;
estabilizador-sanlida-x10-14mm;;;Cor;Verde;Tamanho;"33""";;;1,230.00;;0.30;3.00;3.00;91.00;0;ND;;;;;;;;;;;;;;
estabilizador-lateral-sanlida-x9;"Estabilizador Lateral Sanlida X9";"Partes de arco > Estabilizadores > Laterais, Marcas > Sanlida";Tamanho;"11""";;;;;220.00;;0.13;3.00;3.00;36.00;43;ND;;;SIM;NÃO;;"Arco Recurvo, estabilizador";"Estabilizador Lateral Sanlida X9";"Construído em carbono com acabamento de alumínio Ótima absorção de vibração Tamanhos: 11"" e 12""";Sanlida;SIM;;Unissex;Adulto;
estabilizador-longo-sanlida-x9;"Estabilizador Longo Sanlida X9";"Partes de arco > Estabilizadores > Longos, Marcas > Sanlida";Tamanho;"28""";;;;;350.00;;0.30;3.00;3.00;91.00;20;ND;;;SIM;NÃO;;"Arco Recurvo, estabilizador";"Estabilizador Longo Sanlida X9";"Construído em carbono com acabamento de alumínio Ótima absorção de vibração Tamanhos: 28"" e 30"" Disponível em 5 cores";Sanlida;SIM;;Unissex;Adulto;
rest-magnetico-sanlida-x10;"Rest Magnético Sanlida X10";"Partes de arco > Arco recurvo > Rest, Marcas > Sanlida";;;;;;;180.00;;0.05;3.00;10.00;10.00;40;ND;;;SIM;NÃO;;"Arco Recurvo, rest, rest magnetico";"Rest Magnético Sanlida X10";"Rest magnético Sistema de ajuste horizontal e vertical Reversível para Destro e Canhoto";Sanlida;SIM;;;;
clicker-sanlida-x10;"Clicker Sanlida X10";"Partes de arco > Arco recurvo > Clicker, Marcas > Sanlida";;;;;;;62.00;;0.02;3.00;7.00;12.00;38;ND;;;SIM;NÃO;;clicker;"Clicker Sanlida X10";"Clicker 0.25"" Som único e nítido.";Sanlida;SIM;;Unissex;Adulto;
vbar-sanlida-x10;"V-Bar fixo x10 - Sanlida";"Partes de arco > Estabilizadores > V-bar, Marcas > Sanlida";Ângulo;40°;;;;;226.00;;0.16;3.00;14.00;15.00;9;ND;;;SIM;NÃO;;v-bar;"V-Bar Sanlida X10";"Construído em Alumínio 6061 T6 Disponível nas angulações: 40° e 45° Sistema de encaixe rápido (Quick Disconnect)";Sanlida;SIM;;Unissex;;
vbar-sanlida-x10;;;Ângulo;45°;;;;;226.00;;0.16;3.00;14.00;15.00;18;ND;;;;;;;;;;;;;;
extensor-sanlida-x10;"Extensor Sanlida X10";"Partes de arco > Estabilizadores > Extensor, Marcas > Sanlida";Tamanho;"4""";Cor;Preto;;;152.00;;0.11;3.00;3.00;16.00;12;ND;;;SIM;NÃO;;extensor;"Extensor Sanlida X10";"Construído em Alumínio 6061 T6 Tamanho: 5"" Disponível em 6 cores";Sanlida;SIM;;;;
extensor-sanlida-x10;;;Tamanho;"4""";Cor;Prata;;;152.00;;0.11;3.00;3.00;16.00;;ND;;;;;;;;;;;;;;
extensor-sanlida-x10;;;Tamanho;"5""";Cor;Preto;;;152.00;;0.11;3.00;3.00;16.00;11;ND;;;;;;;;;;;;;;
extensor-sanlida-x10;;;Tamanho;"5""";Cor;Prata;;;152.00;;0.11;3.00;3.00;16.00;1;ND;;;;;;;;;;;;;;
estabilizador-lateral-sanlida-miracle-x10-18mm-recurvo;"Estabilizador Lateral Sanlida MIRACLE X10 18mm (Recurvo)";"Partes de arco > Estabilizadores > Laterais, Marcas > Sanlida";Tamanho;"12""";Cor;Preto;;;308.00;;0.13;3.00;3.00;36.00;22;ND;;;SIM;NÃO;;"Arco Recurvo, estabilizador";"Estabilizador Lateral Sanlida MIRACLE X10 18mm (Recurvo)";"Construído em carbono com acabamento de alumínio Ótima absorção de vibração Diâmetro: 18mm Tamanhos: 12"" Disponível em 5 cores";Sanlida;SIM;;Unissex;Adulto;
estabilizador-lateral-sanlida-miracle-x10-18mm-recurvo;;;Tamanho;"12""";Cor;Azul;;;308.00;;0.13;3.00;3.00;36.00;1;ND;;;;;;;;;;;;Unissex;Adulto;
estabilizador-lateral-sanlida-miracle-x10-18mm-recurvo;;;Tamanho;"12""";Cor;Vermelho;;;308.00;;0.13;3.00;3.00;36.00;6;ND;;;;;;;;;;;;Unissex;Adulto;
estabilizador-lateral-sanlida-miracle-x10-18mm-recurvo;;;Tamanho;"12""";Cor;Laranja;;;308.00;;0.13;3.00;3.00;36.00;5;ND;;;;;;;;;;;;Unissex;Adulto;
estabilizador-lateral-sanlida-miracle-x10-18mm-recurvo;;;Tamanho;"12""";Cor;Roxo;;;308.00;;0.13;3.00;3.00;36.00;0;ND;;;;;;;;;;;;Unissex;Adulto;
estabilizador-lateral-sanlida-miracle-x10-18mm-recurvo;;;Tamanho;"12""";Cor;Dourado;;;308.00;;0.13;3.00;3.00;36.00;5;ND;;;;;;;;;;;;;;
estabilizador-lateral-sanlida-miracle-x10-18mm-recurvo;;;Tamanho;"12""";Cor;Verde;;;308.00;;0.13;3.00;3.00;36.00;6;ND;;;;;;;;;;;;;;
estabilizador-lateral-sanlida-miracle-x10-18mm-recurvo;;;Tamanho;"12""";Cor;Rosa;;;308.00;;0.13;3.00;3.00;36.00;5;ND;;;;;;;;;;;;;;
estabilizador-lateral-sanlida-miracle-x10-18mm-recurvo;;;Tamanho;"12""";Cor;Prata;;;308.00;;0.13;3.00;3.00;36.00;2;ND;;;;;;;;;;;;;;
estabilizador-longo-sanlida-miracle-x10-recurvo;"Estabilizador Longo Sanlida X10 18mm (Recurvo)";"Partes de arco > Estabilizadores > Longos, Marcas > Sanlida";Tamanho;"30""";Cor;Preto;;;480.00;;0.30;3.00;3.00;81.00;17;ND;;;SIM;NÃO;;"Arco Recurvo, estabilizador";"Estabilizador Longo Sanlida X10 18mm (Recurvo)";"Construído em carbono com acabamento de alumínio Ótima absorção de vibração Diâmetro: 18mm Tamanhos: 28"" e 30"" Disponível em 5 cores";Sanlida;SIM;;Unissex;Adulto;
estabilizador-longo-sanlida-miracle-x10-recurvo;;;Tamanho;"30""";Cor;Azul;;;480.00;;0.30;3.00;3.00;81.00;1;ND;;;;;;;;;;;;Unissex;Adulto;
estabilizador-longo-sanlida-miracle-x10-recurvo;;;Tamanho;"30""";Cor;Vermelho;;;480.00;;0.30;3.00;3.00;81.00;3;ND;;;;;;;;;;;;Unissex;Adulto;
estabilizador-longo-sanlida-miracle-x10-recurvo;;;Tamanho;"30""";Cor;Roxo;;;480.00;;0.30;3.00;3.00;81.00;0;ND;;;;;;;;;;;;Unissex;Adulto;
estabilizador-longo-sanlida-miracle-x10-recurvo;;;Tamanho;"30""";Cor;Dourado;;;480.00;;0.30;3.00;3.00;81.00;0;ND;;;;;;;;;;;;;;
estabilizador-longo-sanlida-miracle-x10-recurvo;;;Tamanho;"30""";Cor;Verde;;;480.00;;0.30;3.00;3.00;81.00;2;ND;;;;;;;;;;;;;;
estabilizador-longo-sanlida-miracle-x10-recurvo;;;Tamanho;"30""";Cor;Rosa;;;480.00;;0.30;3.00;3.00;81.00;2;ND;;;;;;;;;;;;;;
estabilizador-longo-sanlida-miracle-x10-recurvo;;;Tamanho;"30""";Cor;Prata;;;480.00;;0.30;3.00;3.00;81.00;0;ND;;;;;;;;;;;;;;
estabilizador-longo-sanlida-miracle-x10-recurvo;;;Tamanho;"30""";Cor;Laranja;;;480.00;;0.30;3.00;3.00;81.00;1;ND;;;;;;;;;;;;;;
arco-recurvo-escola-magnesio-jandao;"Arco Recurvo Escola (Magnésio) - Jandao";"Arcos > Arcos iniciantes > Kits";"Tamanho/ Potência";"66""14#";"Cor/ Orientação";"Amarelo RH (Destro)";;;1,010.00;;1.33;7.00;15.00;65.00;;ND;;;SIM;NÃO;;"arco e flecha, Arco Recurvo, escola, kit iniciante";"Kit Arco Recurvo Escola Jandao";"O kit Arco Recurvo Escola Jandao acompanha:  1 Punho iniciante construído em liga de magnésio (Indicar cor e orientação) 1 par de Lâminas de madeira (Indicar tamanho e potência) 1 Mira de alumínio 1 Rest Plástico";Jandao;SIM;;;;
arco-recurvo-escola-magnesio-jandao;;;"Tamanho/ Potência";"66""14#";"Cor/ Orientação";"Branco RH (Destro)";;;1,010.00;;1.33;7.00;15.00;65.00;;ND;;;;;;;;;;;;;;
arco-recurvo-escola-magnesio-jandao;;;"Tamanho/ Potência";"66""14#";"Cor/ Orientação";"Azul RH (Destro)";;;1,010.00;;1.33;7.00;15.00;65.00;;ND;;;;;;;;;;;;;;
arco-recurvo-escola-magnesio-jandao;;;"Tamanho/ Potência";"66""14#";"Cor/ Orientação";"Vermelho RH (Destro)";;;1,010.00;;1.33;7.00;15.00;65.00;;ND;;;;;;;;;;;;;;
arco-recurvo-escola-magnesio-jandao;;;"Tamanho/ Potência";"66""14#";"Cor/ Orientação";"Amarelo LH (Canhoto)";;;1,010.00;;1.33;7.00;15.00;65.00;;ND;;;;;;;;;;;;;;
arco-recurvo-escola-magnesio-jandao;;;"Tamanho/ Potência";"66""14#";"Cor/ Orientação";"Branco LH (Canhoto)";;;1,010.00;;1.33;7.00;15.00;65.00;;ND;;;;;;;;;;;;;;
arco-recurvo-escola-magnesio-jandao;;;"Tamanho/ Potência";"66""14#";"Cor/ Orientação";"Azul LH (Canhoto)";;;1,010.00;;1.33;7.00;15.00;65.00;;ND;;;;;;;;;;;;;;
arco-recurvo-escola-magnesio-jandao;;;"Tamanho/ Potência";"66""14#";"Cor/ Orientação";"Preto LH (Canhoto)";;;1,010.00;;1.33;7.00;15.00;65.00;10;ND;;;;;;;;;;;;;;
arco-recurvo-escola-magnesio-jandao;;;"Tamanho/ Potência";"66""14#";"Cor/ Orientação";"Verde LH (Canhoto)";;;1,010.00;;1.33;7.00;15.00;65.00;;ND;;;;;;;;;;;;;;
arco-recurvo-escola-magnesio-jandao;;;"Tamanho/ Potência";"66""14#";"Cor/ Orientação";"Vermelho LH (Canhoto)";;;1,010.00;;1.33;7.00;15.00;65.00;;ND;;;;;;;;;;;;;;
arco-recurvo-escola-magnesio-jandao;;;"Tamanho/ Potência";"66""16#";"Cor/ Orientação";"Amarelo RH (Destro)";;;1,010.00;;1.33;7.00;15.00;65.00;;ND;;;;;;;;;;;;;;
arco-recurvo-escola-magnesio-jandao;;;"Tamanho/ Potência";"66""16#";"Cor/ Orientação";"Branco RH (Destro)";;;1,010.00;;1.33;7.00;15.00;65.00;;ND;;;;;;;;;;;;;;
arco-recurvo-escola-magnesio-jandao;;;"Tamanho/ Potência";"66""16#";"Cor/ Orientação";"Azul RH (Destro)";;;1,010.00;;1.33;7.00;15.00;65.00;;ND;;;;;;;;;;;;;;
arco-recurvo-escola-magnesio-jandao;;;"Tamanho/ Potência";"66""16#";"Cor/ Orientação";"Vermelho RH (Destro)";;;1,010.00;;1.33;7.00;15.00;65.00;;ND;;;;;;;;;;;;;;
arco-recurvo-escola-magnesio-jandao;;;"Tamanho/ Potência";"66""16#";"Cor/ Orientação";"Amarelo LH (Canhoto)";;;1,010.00;;1.33;7.00;15.00;65.00;;ND;;;;;;;;;;;;;;
arco-recurvo-escola-magnesio-jandao;;;"Tamanho/ Potência";"66""16#";"Cor/ Orientação";"Branco LH (Canhoto)";;;1,010.00;;1.33;7.00;15.00;65.00;;ND;;;;;;;;;;;;;;
arco-recurvo-escola-magnesio-jandao;;;"Tamanho/ Potência";"66""16#";"Cor/ Orientação";"Azul LH (Canhoto)";;;1,010.00;;1.33;7.00;15.00;65.00;;ND;;;;;;;;;;;;;;
arco-recurvo-escola-magnesio-jandao;;;"Tamanho/ Potência";"66""16#";"Cor/ Orientação";"Preto LH (Canhoto)";;;1,010.00;;1.33;7.00;15.00;65.00;;ND;;;;;;;;;;;;;;
arco-recurvo-escola-magnesio-jandao;;;"Tamanho/ Potência";"66""16#";"Cor/ Orientação";"Verde LH (Canhoto)";;;1,010.00;;1.33;7.00;15.00;65.00;;ND;;;;;;;;;;;;;;
arco-recurvo-escola-magnesio-jandao;;;"Tamanho/ Potência";"66""16#";"Cor/ Orientação";"Vermelho LH (Canhoto)";;;1,010.00;;1.33;7.00;15.00;65.00;;ND;;;;;;;;;;;;;;
arco-recurvo-escola-magnesio-jandao;;;"Tamanho/ Potência";"66""18#";"Cor/ Orientação";"Amarelo RH (Destro)";;;1,010.00;;1.33;7.00;15.00;65.00;;ND;;;;;;;;;;;;;;
arco-recurvo-escola-magnesio-jandao;;;"Tamanho/ Potência";"66""18#";"Cor/ Orientação";"Branco RH (Destro)";;;1,010.00;;1.33;7.00;15.00;65.00;;ND;;;;;;;;;;;;;;
arco-recurvo-escola-magnesio-jandao;;;"Tamanho/ Potência";"66""18#";"Cor/ Orientação";"Azul RH (Destro)";;;1,010.00;;1.33;7.00;15.00;65.00;;ND;;;;;;;;;;;;;;
arco-recurvo-escola-magnesio-jandao;;;"Tamanho/ Potência";"66""18#";"Cor/ Orientação";"Vermelho RH (Destro)";;;1,010.00;;1.33;7.00;15.00;65.00;;ND;;;;;;;;;;;;;;
arco-recurvo-escola-magnesio-jandao;;;"Tamanho/ Potência";"66""18#";"Cor/ Orientação";"Amarelo LH (Canhoto)";;;1,010.00;;1.33;7.00;15.00;65.00;;ND;;;;;;;;;;;;;;
arco-recurvo-escola-magnesio-jandao;;;"Tamanho/ Potência";"66""18#";"Cor/ Orientação";"Branco LH (Canhoto)";;;1,010.00;;1.33;7.00;15.00;65.00;;ND;;;;;;;;;;;;;;
arco-recurvo-escola-magnesio-jandao;;;"Tamanho/ Potência";"66""18#";"Cor/ Orientação";"Azul LH (Canhoto)";;;1,010.00;;1.33;7.00;15.00;65.00;;ND;;;;;;;;;;;;;;
arco-recurvo-escola-magnesio-jandao;;;"Tamanho/ Potência";"66""18#";"Cor/ Orientação";"Preto LH (Canhoto)";;;1,010.00;;1.33;7.00;15.00;65.00;;ND;;;;;;;;;;;;;;
arco-recurvo-escola-magnesio-jandao;;;"Tamanho/ Potência";"66""18#";"Cor/ Orientação";"Verde LH (Canhoto)";;;1,010.00;;1.33;7.00;15.00;65.00;;ND;;;;;;;;;;;;;;
arco-recurvo-escola-magnesio-jandao;;;"Tamanho/ Potência";"66""18#";"Cor/ Orientação";"Vermelho LH (Canhoto)";;;1,010.00;;1.33;7.00;15.00;65.00;;ND;;;;;;;;;;;;;;
arco-recurvo-escola-magnesio-jandao;;;"Tamanho/ Potência";"66""20#";"Cor/ Orientação";"Amarelo RH (Destro)";;;1,010.00;;1.33;7.00;15.00;65.00;;ND;;;;;;;;;;;;;;
arco-recurvo-escola-magnesio-jandao;;;"Tamanho/ Potência";"66""20#";"Cor/ Orientação";"Branco RH (Destro)";;;1,010.00;;1.33;7.00;15.00;65.00;;ND;;;;;;;;;;;;;;
arco-recurvo-escola-magnesio-jandao;;;"Tamanho/ Potência";"66""20#";"Cor/ Orientação";"Azul RH (Destro)";;;1,010.00;;1.33;7.00;15.00;65.00;;ND;;;;;;;;;;;;;;
arco-recurvo-escola-magnesio-jandao;;;"Tamanho/ Potência";"66""20#";"Cor/ Orientação";"Vermelho RH (Destro)";;;1,010.00;;1.33;7.00;15.00;65.00;;ND;;;;;;;;;;;;;;
arco-recurvo-escola-magnesio-jandao;;;"Tamanho/ Potência";"66""20#";"Cor/ Orientação";"Amarelo LH (Canhoto)";;;1,010.00;;1.33;7.00;15.00;65.00;;ND;;;;;;;;;;;;;;
arco-recurvo-escola-magnesio-jandao;;;"Tamanho/ Potência";"66""20#";"Cor/ Orientação";"Branco LH (Canhoto)";;;1,010.00;;1.33;7.00;15.00;65.00;;ND;;;;;;;;;;;;;;
arco-recurvo-escola-magnesio-jandao;;;"Tamanho/ Potência";"66""20#";"Cor/ Orientação";"Azul LH (Canhoto)";;;1,010.00;;1.33;7.00;15.00;65.00;;ND;;;;;;;;;;;;;;
arco-recurvo-escola-magnesio-jandao;;;"Tamanho/ Potência";"66""20#";"Cor/ Orientação";"Preto LH (Canhoto)";;;1,010.00;;1.33;7.00;15.00;65.00;;ND;;;;;;;;;;;;;;
arco-recurvo-escola-magnesio-jandao;;;"Tamanho/ Potência";"66""20#";"Cor/ Orientação";"Verde LH (Canhoto)";;;1,010.00;;1.33;7.00;15.00;65.00;;ND;;;;;;;;;;;;;;
arco-recurvo-escola-magnesio-jandao;;;"Tamanho/ Potência";"66""20#";"Cor/ Orientação";"Vermelho LH (Canhoto)";;;1,010.00;;1.33;7.00;15.00;65.00;;ND;;;;;;;;;;;;;;
arco-recurvo-escola-magnesio-jandao;;;"Tamanho/ Potência";"66""22#";"Cor/ Orientação";"Amarelo RH (Destro)";;;1,010.00;;1.33;7.00;15.00;65.00;;ND;;;;;;;;;;;;;;
arco-recurvo-escola-magnesio-jandao;;;"Tamanho/ Potência";"66""22#";"Cor/ Orientação";"Branco RH (Destro)";;;1,010.00;;1.33;7.00;15.00;65.00;;ND;;;;;;;;;;;;;;
arco-recurvo-escola-magnesio-jandao;;;"Tamanho/ Potência";"66""22#";"Cor/ Orientação";"Azul RH (Destro)";;;1,010.00;;1.33;7.00;15.00;65.00;;ND;;;;;;;;;;;;;;
arco-recurvo-escola-magnesio-jandao;;;"Tamanho/ Potência";"66""22#";"Cor/ Orientação";"Vermelho RH (Destro)";;;1,010.00;;1.33;7.00;15.00;65.00;;ND;;;;;;;;;;;;;;
arco-recurvo-escola-magnesio-jandao;;;"Tamanho/ Potência";"66""22#";"Cor/ Orientação";"Amarelo LH (Canhoto)";;;1,010.00;;1.33;7.00;15.00;65.00;;ND;;;;;;;;;;;;;;
arco-recurvo-escola-magnesio-jandao;;;"Tamanho/ Potência";"66""22#";"Cor/ Orientação";"Branco LH (Canhoto)";;;1,010.00;;1.33;7.00;15.00;65.00;;ND;;;;;;;;;;;;;;
arco-recurvo-escola-magnesio-jandao;;;"Tamanho/ Potência";"66""22#";"Cor/ Orientação";"Azul LH (Canhoto)";;;1,010.00;;1.33;7.00;15.00;65.00;;ND;;;;;;;;;;;;;;
arco-recurvo-escola-magnesio-jandao;;;"Tamanho/ Potência";"66""22#";"Cor/ Orientação";"Preto LH (Canhoto)";;;1,010.00;;1.33;7.00;15.00;65.00;;ND;;;;;;;;;;;;;;
arco-recurvo-escola-magnesio-jandao;;;"Tamanho/ Potência";"66""22#";"Cor/ Orientação";"Verde LH (Canhoto)";;;1,010.00;;1.33;7.00;15.00;65.00;;ND;;;;;;;;;;;;;;
arco-recurvo-escola-magnesio-jandao;;;"Tamanho/ Potência";"66""22#";"Cor/ Orientação";"Vermelho LH (Canhoto)";;;1,010.00;;1.33;7.00;15.00;65.00;;ND;;;;;;;;;;;;;;
arco-recurvo-escola-magnesio-jandao;;;"Tamanho/ Potência";"66""24#";"Cor/ Orientação";"Amarelo RH (Destro)";;;1,010.00;;1.33;7.00;15.00;65.00;;ND;;;;;;;;;;;;;;
arco-recurvo-escola-magnesio-jandao;;;"Tamanho/ Potência";"66""24#";"Cor/ Orientação";"Branco RH (Destro)";;;1,010.00;;1.33;7.00;15.00;65.00;;ND;;;;;;;;;;;;;;
arco-recurvo-escola-magnesio-jandao;;;"Tamanho/ Potência";"66""24#";"Cor/ Orientação";"Azul RH (Destro)";;;1,010.00;;1.33;7.00;15.00;65.00;;ND;;;;;;;;;;;;;;
arco-recurvo-escola-magnesio-jandao;;;"Tamanho/ Potência";"66""24#";"Cor/ Orientação";"Vermelho RH (Destro)";;;1,010.00;;1.33;7.00;15.00;65.00;;ND;;;;;;;;;;;;;;
arco-recurvo-escola-magnesio-jandao;;;"Tamanho/ Potência";"66""24#";"Cor/ Orientação";"Amarelo LH (Canhoto)";;;1,010.00;;1.33;7.00;15.00;65.00;;ND;;;;;;;;;;;;;;
arco-recurvo-escola-magnesio-jandao;;;"Tamanho/ Potência";"66""24#";"Cor/ Orientação";"Branco LH (Canhoto)";;;1,010.00;;1.33;7.00;15.00;65.00;;ND;;;;;;;;;;;;;;
arco-recurvo-escola-magnesio-jandao;;;"Tamanho/ Potência";"66""24#";"Cor/ Orientação";"Azul LH (Canhoto)";;;1,010.00;;1.33;7.00;15.00;65.00;;ND;;;;;;;;;;;;;;
arco-recurvo-escola-magnesio-jandao;;;"Tamanho/ Potência";"66""24#";"Cor/ Orientação";"Preto LH (Canhoto)";;;1,010.00;;1.33;7.00;15.00;65.00;;ND;;;;;;;;;;;;;;
arco-recurvo-escola-magnesio-jandao;;;"Tamanho/ Potência";"66""24#";"Cor/ Orientação";"Verde LH (Canhoto)";;;1,010.00;;1.33;7.00;15.00;65.00;;ND;;;;;;;;;;;;;;
arco-recurvo-escola-magnesio-jandao;;;"Tamanho/ Potência";"66""24#";"Cor/ Orientação";"Vermelho LH (Canhoto)";;;1,010.00;;1.33;7.00;15.00;65.00;;ND;;;;;;;;;;;;;;
arco-recurvo-escola-magnesio-jandao;;;"Tamanho/ Potência";"66""26#";"Cor/ Orientação";"Amarelo RH (Destro)";;;1,010.00;;1.33;7.00;15.00;65.00;;ND;;;;;;;;;;;;;;
arco-recurvo-escola-magnesio-jandao;;;"Tamanho/ Potência";"66""26#";"Cor/ Orientação";"Branco RH (Destro)";;;1,010.00;;1.33;7.00;15.00;65.00;;ND;;;;;;;;;;;;;;
arco-recurvo-escola-magnesio-jandao;;;"Tamanho/ Potência";"66""26#";"Cor/ Orientação";"Azul RH (Destro)";;;1,010.00;;1.33;7.00;15.00;65.00;;ND;;;;;;;;;;;;;;
arco-recurvo-escola-magnesio-jandao;;;"Tamanho/ Potência";"66""26#";"Cor/ Orientação";"Vermelho RH (Destro)";;;1,010.00;;1.33;7.00;15.00;65.00;;ND;;;;;;;;;;;;;;
arco-recurvo-escola-magnesio-jandao;;;"Tamanho/ Potência";"66""26#";"Cor/ Orientação";"Amarelo LH (Canhoto)";;;1,010.00;;1.33;7.00;15.00;65.00;;ND;;;;;;;;;;;;;;
arco-recurvo-escola-magnesio-jandao;;;"Tamanho/ Potência";"66""26#";"Cor/ Orientação";"Branco LH (Canhoto)";;;1,010.00;;1.33;7.00;15.00;65.00;;ND;;;;;;;;;;;;;;
arco-recurvo-escola-magnesio-jandao;;;"Tamanho/ Potência";"66""26#";"Cor/ Orientação";"Azul LH (Canhoto)";;;1,010.00;;1.33;7.00;15.00;65.00;;ND;;;;;;;;;;;;;;
arco-recurvo-escola-magnesio-jandao;;;"Tamanho/ Potência";"66""26#";"Cor/ Orientação";"Preto LH (Canhoto)";;;1,010.00;;1.33;7.00;15.00;65.00;;ND;;;;;;;;;;;;;;
arco-recurvo-escola-magnesio-jandao;;;"Tamanho/ Potência";"66""26#";"Cor/ Orientação";"Verde LH (Canhoto)";;;1,010.00;;1.33;7.00;15.00;65.00;;ND;;;;;;;;;;;;;;
arco-recurvo-escola-magnesio-jandao;;;"Tamanho/ Potência";"66""26#";"Cor/ Orientação";"Vermelho LH (Canhoto)";;;1,010.00;;1.33;7.00;15.00;65.00;;ND;;;;;;;;;;;;;;
arco-recurvo-escola-magnesio-jandao;;;"Tamanho/ Potência";"68""16#";"Cor/ Orientação";"Amarelo RH (Destro)";;;1,010.00;;1.33;7.00;15.00;65.00;;ND;;;;;;;;;;;;;;
arco-recurvo-escola-magnesio-jandao;;;"Tamanho/ Potência";"68""16#";"Cor/ Orientação";"Branco RH (Destro)";;;1,010.00;;1.33;7.00;15.00;65.00;;ND;;;;;;;;;;;;;;
arco-recurvo-escola-magnesio-jandao;;;"Tamanho/ Potência";"68""16#";"Cor/ Orientação";"Azul RH (Destro)";;;1,010.00;;1.33;7.00;15.00;65.00;;ND;;;;;;;;;;;;;;
arco-recurvo-escola-magnesio-jandao;;;"Tamanho/ Potência";"68""16#";"Cor/ Orientação";"Vermelho RH (Destro)";;;1,010.00;;1.33;7.00;15.00;65.00;;ND;;;;;;;;;;;;;;
arco-recurvo-escola-magnesio-jandao;;;"Tamanho/ Potência";"68""16#";"Cor/ Orientação";"Amarelo LH (Canhoto)";;;1,010.00;;1.33;7.00;15.00;65.00;;ND;;;;;;;;;;;;;;
arco-recurvo-escola-magnesio-jandao;;;"Tamanho/ Potência";"68""16#";"Cor/ Orientação";"Branco LH (Canhoto)";;;1,010.00;;1.33;7.00;15.00;65.00;;ND;;;;;;;;;;;;;;
arco-recurvo-escola-magnesio-jandao;;;"Tamanho/ Potência";"68""16#";"Cor/ Orientação";"Azul LH (Canhoto)";;;1,010.00;;1.33;7.00;15.00;65.00;;ND;;;;;;;;;;;;;;
arco-recurvo-escola-magnesio-jandao;;;"Tamanho/ Potência";"68""16#";"Cor/ Orientação";"Preto LH (Canhoto)";;;1,010.00;;1.33;7.00;15.00;65.00;;ND;;;;;;;;;;;;;;
arco-recurvo-escola-magnesio-jandao;;;"Tamanho/ Potência";"68""16#";"Cor/ Orientação";"Verde LH (Canhoto)";;;1,010.00;;1.33;7.00;15.00;65.00;;ND;;;;;;;;;;;;;;
arco-recurvo-escola-magnesio-jandao;;;"Tamanho/ Potência";"68""16#";"Cor/ Orientação";"Vermelho LH (Canhoto)";;;1,010.00;;1.33;7.00;15.00;65.00;;ND;;;;;;;;;;;;;;
arco-recurvo-escola-magnesio-jandao;;;"Tamanho/ Potência";"68""18#";"Cor/ Orientação";"Amarelo RH (Destro)";;;1,010.00;;1.33;7.00;15.00;65.00;;ND;;;;;;;;;;;;;;
arco-recurvo-escola-magnesio-jandao;;;"Tamanho/ Potência";"68""18#";"Cor/ Orientação";"Branco RH (Destro)";;;1,010.00;;1.33;7.00;15.00;65.00;;ND;;;;;;;;;;;;;;
arco-recurvo-escola-magnesio-jandao;;;"Tamanho/ Potência";"68""18#";"Cor/ Orientação";"Azul RH (Destro)";;;1,010.00;;1.33;7.00;15.00;65.00;;ND;;;;;;;;;;;;;;
arco-recurvo-escola-magnesio-jandao;;;"Tamanho/ Potência";"68""18#";"Cor/ Orientação";"Vermelho RH (Destro)";;;1,010.00;;1.33;7.00;15.00;65.00;;ND;;;;;;;;;;;;;;
arco-recurvo-escola-magnesio-jandao;;;"Tamanho/ Potência";"68""18#";"Cor/ Orientação";"Amarelo LH (Canhoto)";;;1,010.00;;1.33;7.00;15.00;65.00;;ND;;;;;;;;;;;;;;
arco-recurvo-escola-magnesio-jandao;;;"Tamanho/ Potência";"68""18#";"Cor/ Orientação";"Branco LH (Canhoto)";;;1,010.00;;1.33;7.00;15.00;65.00;;ND;;;;;;;;;;;;;;
arco-recurvo-escola-magnesio-jandao;;;"Tamanho/ Potência";"68""18#";"Cor/ Orientação";"Azul LH (Canhoto)";;;1,010.00;;1.33;7.00;15.00;65.00;;ND;;;;;;;;;;;;;;
arco-recurvo-escola-magnesio-jandao;;;"Tamanho/ Potência";"68""18#";"Cor/ Orientação";"Preto LH (Canhoto)";;;1,010.00;;1.33;7.00;15.00;65.00;;ND;;;;;;;;;;;;;;
arco-recurvo-escola-magnesio-jandao;;;"Tamanho/ Potência";"68""18#";"Cor/ Orientação";"Verde LH (Canhoto)";;;1,010.00;;1.33;7.00;15.00;65.00;;ND;;;;;;;;;;;;;;
arco-recurvo-escola-magnesio-jandao;;;"Tamanho/ Potência";"68""18#";"Cor/ Orientação";"Vermelho LH (Canhoto)";;;1,010.00;;1.33;7.00;15.00;65.00;;ND;;;;;;;;;;;;;;
arco-recurvo-escola-magnesio-jandao;;;"Tamanho/ Potência";"68""20#";"Cor/ Orientação";"Amarelo RH (Destro)";;;1,010.00;;1.33;7.00;15.00;65.00;;ND;;;;;;;;;;;;;;
arco-recurvo-escola-magnesio-jandao;;;"Tamanho/ Potência";"68""20#";"Cor/ Orientação";"Branco RH (Destro)";;;1,010.00;;1.33;7.00;15.00;65.00;;ND;;;;;;;;;;;;;;
arco-recurvo-escola-magnesio-jandao;;;"Tamanho/ Potência";"68""20#";"Cor/ Orientação";"Azul RH (Destro)";;;1,010.00;;1.33;7.00;15.00;65.00;;ND;;;;;;;;;;;;;;
arco-recurvo-escola-magnesio-jandao;;;"Tamanho/ Potência";"68""20#";"Cor/ Orientação";"Vermelho RH (Destro)";;;1,010.00;;1.33;7.00;15.00;65.00;;ND;;;;;;;;;;;;;;
arco-recurvo-escola-magnesio-jandao;;;"Tamanho/ Potência";"68""20#";"Cor/ Orientação";"Amarelo LH (Canhoto)";;;1,010.00;;1.33;7.00;15.00;65.00;;ND;;;;;;;;;;;;;;
arco-recurvo-escola-magnesio-jandao;;;"Tamanho/ Potência";"68""20#";"Cor/ Orientação";"Branco LH (Canhoto)";;;1,010.00;;1.33;7.00;15.00;65.00;;ND;;;;;;;;;;;;;;
arco-recurvo-escola-magnesio-jandao;;;"Tamanho/ Potência";"68""20#";"Cor/ Orientação";"Azul LH (Canhoto)";;;1,010.00;;1.33;7.00;15.00;65.00;;ND;;;;;;;;;;;;;;
arco-recurvo-escola-magnesio-jandao;;;"Tamanho/ Potência";"68""20#";"Cor/ Orientação";"Preto LH (Canhoto)";;;1,010.00;;1.33;7.00;15.00;65.00;;ND;;;;;;;;;;;;;;
arco-recurvo-escola-magnesio-jandao;;;"Tamanho/ Potência";"68""20#";"Cor/ Orientação";"Verde LH (Canhoto)";;;1,010.00;;1.33;7.00;15.00;65.00;;ND;;;;;;;;;;;;;;
arco-recurvo-escola-magnesio-jandao;;;"Tamanho/ Potência";"68""20#";"Cor/ Orientação";"Vermelho LH (Canhoto)";;;1,010.00;;1.33;7.00;15.00;65.00;;ND;;;;;;;;;;;;;;
arco-recurvo-escola-magnesio-jandao;;;"Tamanho/ Potência";"68""22#";"Cor/ Orientação";"Amarelo RH (Destro)";;;1,010.00;;1.33;7.00;15.00;65.00;;ND;;;;;;;;;;;;;;
arco-recurvo-escola-magnesio-jandao;;;"Tamanho/ Potência";"68""22#";"Cor/ Orientação";"Branco RH (Destro)";;;1,010.00;;1.33;7.00;15.00;65.00;;ND;;;;;;;;;;;;;;
arco-recurvo-escola-magnesio-jandao;;;"Tamanho/ Potência";"68""22#";"Cor/ Orientação";"Azul RH (Destro)";;;1,010.00;;1.33;7.00;15.00;65.00;;ND;;;;;;;;;;;;;;
arco-recurvo-escola-magnesio-jandao;;;"Tamanho/ Potência";"68""22#";"Cor/ Orientação";"Vermelho RH (Destro)";;;1,010.00;;1.33;7.00;15.00;65.00;;ND;;;;;;;;;;;;;;
arco-recurvo-escola-magnesio-jandao;;;"Tamanho/ Potência";"68""22#";"Cor/ Orientação";"Amarelo LH (Canhoto)";;;1,010.00;;1.33;7.00;15.00;65.00;;ND;;;;;;;;;;;;;;
arco-recurvo-escola-magnesio-jandao;;;"Tamanho/ Potência";"68""22#";"Cor/ Orientação";"Branco LH (Canhoto)";;;1,010.00;;1.33;7.00;15.00;65.00;;ND;;;;;;;;;;;;;;
arco-recurvo-escola-magnesio-jandao;;;"Tamanho/ Potência";"68""22#";"Cor/ Orientação";"Azul LH (Canhoto)";;;1,010.00;;1.33;7.00;15.00;65.00;;ND;;;;;;;;;;;;;;
arco-recurvo-escola-magnesio-jandao;;;"Tamanho/ Potência";"68""22#";"Cor/ Orientação";"Preto LH (Canhoto)";;;1,010.00;;1.33;7.00;15.00;65.00;;ND;;;;;;;;;;;;;;
arco-recurvo-escola-magnesio-jandao;;;"Tamanho/ Potência";"68""22#";"Cor/ Orientação";"Verde LH (Canhoto)";;;1,010.00;;1.33;7.00;15.00;65.00;;ND;;;;;;;;;;;;;;
arco-recurvo-escola-magnesio-jandao;;;"Tamanho/ Potência";"68""22#";"Cor/ Orientação";"Vermelho LH (Canhoto)";;;1,010.00;;1.33;7.00;15.00;65.00;;ND;;;;;;;;;;;;;;
arco-recurvo-escola-magnesio-jandao;;;"Tamanho/ Potência";"68""24#";"Cor/ Orientação";"Amarelo RH (Destro)";;;1,010.00;;1.33;7.00;15.00;65.00;;ND;;;;;;;;;;;;;;
arco-recurvo-escola-magnesio-jandao;;;"Tamanho/ Potência";"68""24#";"Cor/ Orientação";"Branco RH (Destro)";;;1,010.00;;1.33;7.00;15.00;65.00;;ND;;;;;;;;;;;;;;
arco-recurvo-escola-magnesio-jandao;;;"Tamanho/ Potência";"68""24#";"Cor/ Orientação";"Azul RH (Destro)";;;1,010.00;;1.33;7.00;15.00;65.00;;ND;;;;;;;;;;;;;;
arco-recurvo-escola-magnesio-jandao;;;"Tamanho/ Potência";"68""24#";"Cor/ Orientação";"Vermelho RH (Destro)";;;1,010.00;;1.33;7.00;15.00;65.00;;ND;;;;;;;;;;;;;;
arco-recurvo-escola-magnesio-jandao;;;"Tamanho/ Potência";"68""24#";"Cor/ Orientação";"Amarelo LH (Canhoto)";;;1,010.00;;1.33;7.00;15.00;65.00;;ND;;;;;;;;;;;;;;
arco-recurvo-escola-magnesio-jandao;;;"Tamanho/ Potência";"68""24#";"Cor/ Orientação";"Branco LH (Canhoto)";;;1,010.00;;1.33;7.00;15.00;65.00;;ND;;;;;;;;;;;;;;
arco-recurvo-escola-magnesio-jandao;;;"Tamanho/ Potência";"68""24#";"Cor/ Orientação";"Azul LH (Canhoto)";;;1,010.00;;1.33;7.00;15.00;65.00;;ND;;;;;;;;;;;;;;
arco-recurvo-escola-magnesio-jandao;;;"Tamanho/ Potência";"68""24#";"Cor/ Orientação";"Preto LH (Canhoto)";;;1,010.00;;1.33;7.00;15.00;65.00;;ND;;;;;;;;;;;;;;
arco-recurvo-escola-magnesio-jandao;;;"Tamanho/ Potência";"68""24#";"Cor/ Orientação";"Verde LH (Canhoto)";;;1,010.00;;1.33;7.00;15.00;65.00;;ND;;;;;;;;;;;;;;
arco-recurvo-escola-magnesio-jandao;;;"Tamanho/ Potência";"68""24#";"Cor/ Orientação";"Vermelho LH (Canhoto)";;;1,010.00;;1.33;7.00;15.00;65.00;;ND;;;;;;;;;;;;;;
arco-recurvo-escola-magnesio-jandao;;;"Tamanho/ Potência";"68""26#";"Cor/ Orientação";"Amarelo RH (Destro)";;;1,010.00;;1.33;7.00;15.00;65.00;;ND;;;;;;;;;;;;;;
arco-recurvo-escola-magnesio-jandao;;;"Tamanho/ Potência";"68""26#";"Cor/ Orientação";"Branco RH (Destro)";;;1,010.00;;1.33;7.00;15.00;65.00;;ND;;;;;;;;;;;;;;
arco-recurvo-escola-magnesio-jandao;;;"Tamanho/ Potência";"68""26#";"Cor/ Orientação";"Azul RH (Destro)";;;1,010.00;;1.33;7.00;15.00;65.00;;ND;;;;;;;;;;;;;;
arco-recurvo-escola-magnesio-jandao;;;"Tamanho/ Potência";"68""26#";"Cor/ Orientação";"Vermelho RH (Destro)";;;1,010.00;;1.33;7.00;15.00;65.00;;ND;;;;;;;;;;;;;;
arco-recurvo-escola-magnesio-jandao;;;"Tamanho/ Potência";"68""26#";"Cor/ Orientação";"Amarelo LH (Canhoto)";;;1,010.00;;1.33;7.00;15.00;65.00;;ND;;;;;;;;;;;;;;
arco-recurvo-escola-magnesio-jandao;;;"Tamanho/ Potência";"68""26#";"Cor/ Orientação";"Branco LH (Canhoto)";;;1,010.00;;1.33;7.00;15.00;65.00;;ND;;;;;;;;;;;;;;
arco-recurvo-escola-magnesio-jandao;;;"Tamanho/ Potência";"68""26#";"Cor/ Orientação";"Azul LH (Canhoto)";;;1,010.00;;1.33;7.00;15.00;65.00;;ND;;;;;;;;;;;;;;
arco-recurvo-escola-magnesio-jandao;;;"Tamanho/ Potência";"68""26#";"Cor/ Orientação";"Preto LH (Canhoto)";;;1,010.00;;1.33;7.00;15.00;65.00;;ND;;;;;;;;;;;;;;
arco-recurvo-escola-magnesio-jandao;;;"Tamanho/ Potência";"68""26#";"Cor/ Orientação";"Verde LH (Canhoto)";;;1,010.00;;1.33;7.00;15.00;65.00;;ND;;;;;;;;;;;;;;
arco-recurvo-escola-magnesio-jandao;;;"Tamanho/ Potência";"68""26#";"Cor/ Orientação";"Vermelho LH (Canhoto)";;;1,010.00;;1.33;7.00;15.00;65.00;;ND;;;;;;;;;;;;;;
arco-recurvo-escola-magnesio-jandao;;;"Tamanho/ Potência";"68""28#";"Cor/ Orientação";"Amarelo RH (Destro)";;;1,010.00;;1.33;7.00;15.00;65.00;;ND;;;;;;;;;;;;;;0.00
arco-recurvo-escola-magnesio-jandao;;;"Tamanho/ Potência";"68""28#";"Cor/ Orientação";"Branco RH (Destro)";;;1,010.00;;1.33;7.00;15.00;65.00;;ND;;;;;;;;;;;;;;0.00
arco-recurvo-escola-magnesio-jandao;;;"Tamanho/ Potência";"68""28#";"Cor/ Orientação";"Azul RH (Destro)";;;1,010.00;;1.33;7.00;15.00;65.00;;ND;;;;;;;;;;;;;;0.00
arco-recurvo-escola-magnesio-jandao;;;"Tamanho/ Potência";"68""28#";"Cor/ Orientação";"Vermelho RH (Destro)";;;1,010.00;;1.33;7.00;15.00;65.00;;ND;;;;;;;;;;;;;;0.00
arco-recurvo-escola-magnesio-jandao;;;"Tamanho/ Potência";"68""28#";"Cor/ Orientação";"Amarelo LH (Canhoto)";;;1,010.00;;1.33;7.00;15.00;65.00;;ND;;;;;;;;;;;;;;0.00
arco-recurvo-escola-magnesio-jandao;;;"Tamanho/ Potência";"68""28#";"Cor/ Orientação";"Branco LH (Canhoto)";;;1,010.00;;1.33;7.00;15.00;65.00;;ND;;;;;;;;;;;;;;0.00
arco-recurvo-escola-magnesio-jandao;;;"Tamanho/ Potência";"68""28#";"Cor/ Orientação";"Azul LH (Canhoto)";;;1,010.00;;1.33;7.00;15.00;65.00;;ND;;;;;;;;;;;;;;0.00
arco-recurvo-escola-magnesio-jandao;;;"Tamanho/ Potência";"68""28#";"Cor/ Orientação";"Preto LH (Canhoto)";;;1,010.00;;1.33;7.00;15.00;65.00;;ND;;;;;;;;;;;;;;0.00
arco-recurvo-escola-magnesio-jandao;;;"Tamanho/ Potência";"68""28#";"Cor/ Orientação";"Verde LH (Canhoto)";;;1,010.00;;1.33;7.00;15.00;65.00;;ND;;;;;;;;;;;;;;0.00
arco-recurvo-escola-magnesio-jandao;;;"Tamanho/ Potência";"68""28#";"Cor/ Orientação";"Vermelho LH (Canhoto)";;;1,010.00;;1.33;7.00;15.00;65.00;;ND;;;;;;;;;;;;;;0.00
arco-recurvo-escola-magnesio-jandao;;;"Tamanho/ Potência";"68""30#";"Cor/ Orientação";"Amarelo RH (Destro)";;;1,010.00;;1.33;7.00;15.00;65.00;;ND;;;;;;;;;;;;;;0.00
arco-recurvo-escola-magnesio-jandao;;;"Tamanho/ Potência";"68""30#";"Cor/ Orientação";"Branco RH (Destro)";;;1,010.00;;1.33;7.00;15.00;65.00;;ND;;;;;;;;;;;;;;0.00
arco-recurvo-escola-magnesio-jandao;;;"Tamanho/ Potência";"68""30#";"Cor/ Orientação";"Azul RH (Destro)";;;1,010.00;;1.33;7.00;15.00;65.00;;ND;;;;;;;;;;;;;;0.00
arco-recurvo-escola-magnesio-jandao;;;"Tamanho/ Potência";"68""30#";"Cor/ Orientação";"Vermelho RH (Destro)";;;1,010.00;;1.33;7.00;15.00;65.00;;ND;;;;;;;;;;;;;;0.00
arco-recurvo-escola-magnesio-jandao;;;"Tamanho/ Potência";"68""30#";"Cor/ Orientação";"Amarelo LH (Canhoto)";;;1,010.00;;1.33;7.00;15.00;65.00;;ND;;;;;;;;;;;;;;0.00
arco-recurvo-escola-magnesio-jandao;;;"Tamanho/ Potência";"68""30#";"Cor/ Orientação";"Branco LH (Canhoto)";;;1,010.00;;1.33;7.00;15.00;65.00;;ND;;;;;;;;;;;;;;0.00
arco-recurvo-escola-magnesio-jandao;;;"Tamanho/ Potência";"68""30#";"Cor/ Orientação";"Azul LH (Canhoto)";;;1,010.00;;1.33;7.00;15.00;65.00;;ND;;;;;;;;;;;;;;0.00
arco-recurvo-escola-magnesio-jandao;;;"Tamanho/ Potência";"68""30#";"Cor/ Orientação";"Preto LH (Canhoto)";;;1,010.00;;1.33;7.00;15.00;65.00;;ND;;;;;;;;;;;;;;0.00
arco-recurvo-escola-magnesio-jandao;;;"Tamanho/ Potência";"68""30#";"Cor/ Orientação";"Verde LH (Canhoto)";;;1,010.00;;1.33;7.00;15.00;65.00;;ND;;;;;;;;;;;;;;0.00
arco-recurvo-escola-magnesio-jandao;;;"Tamanho/ Potência";"68""30#";"Cor/ Orientação";"Vermelho LH (Canhoto)";;;1,010.00;;1.33;7.00;15.00;65.00;;ND;;;;;;;;;;;;;;0.00
arco-recurvo-escola-magnesio-jandao;;;"Tamanho/ Potência";"70""18#";"Cor/ Orientação";"Amarelo RH (Destro)";;;1,010.00;;1.33;7.00;15.00;65.00;;ND;;;;;;;;;;;;;;0.00
arco-recurvo-escola-magnesio-jandao;;;"Tamanho/ Potência";"70""18#";"Cor/ Orientação";"Branco RH (Destro)";;;1,010.00;;1.33;7.00;15.00;65.00;;ND;;;;;;;;;;;;;;0.00
arco-recurvo-escola-magnesio-jandao;;;"Tamanho/ Potência";"70""18#";"Cor/ Orientação";"Azul RH (Destro)";;;1,010.00;;1.33;7.00;15.00;65.00;;ND;;;;;;;;;;;;;;0.00
arco-recurvo-escola-magnesio-jandao;;;"Tamanho/ Potência";"70""18#";"Cor/ Orientação";"Vermelho RH (Destro)";;;1,010.00;;1.33;7.00;15.00;65.00;;ND;;;;;;;;;;;;;;0.00
arco-recurvo-escola-magnesio-jandao;;;"Tamanho/ Potência";"70""18#";"Cor/ Orientação";"Amarelo LH (Canhoto)";;;1,010.00;;1.33;7.00;15.00;65.00;;ND;;;;;;;;;;;;;;0.00
arco-recurvo-escola-magnesio-jandao;;;"Tamanho/ Potência";"70""18#";"Cor/ Orientação";"Branco LH (Canhoto)";;;1,010.00;;1.33;7.00;15.00;65.00;;ND;;;;;;;;;;;;;;0.00
arco-recurvo-escola-magnesio-jandao;;;"Tamanho/ Potência";"70""18#";"Cor/ Orientação";"Azul LH (Canhoto)";;;1,010.00;;1.33;7.00;15.00;65.00;;ND;;;;;;;;;;;;;;0.00
arco-recurvo-escola-magnesio-jandao;;;"Tamanho/ Potência";"70""18#";"Cor/ Orientação";"Preto LH (Canhoto)";;;1,010.00;;1.33;7.00;15.00;65.00;;ND;;;;;;;;;;;;;;0.00
arco-recurvo-escola-magnesio-jandao;;;"Tamanho/ Potência";"70""18#";"Cor/ Orientação";"Verde LH (Canhoto)";;;1,010.00;;1.33;7.00;15.00;65.00;;ND;;;;;;;;;;;;;;0.00
arco-recurvo-escola-magnesio-jandao;;;"Tamanho/ Potência";"70""18#";"Cor/ Orientação";"Vermelho LH (Canhoto)";;;1,010.00;;1.33;7.00;15.00;65.00;;ND;;;;;;;;;;;;;;0.00
arco-recurvo-escola-magnesio-jandao;;;"Tamanho/ Potência";"70""20#";"Cor/ Orientação";"Amarelo RH (Destro)";;;1,010.00;;1.33;7.00;15.00;65.00;;ND;;;;;;;;;;;;;;
arco-recurvo-escola-magnesio-jandao;;;"Tamanho/ Potência";"70""20#";"Cor/ Orientação";"Branco RH (Destro)";;;1,010.00;;1.33;7.00;15.00;65.00;;ND;;;;;;;;;;;;;;
arco-recurvo-escola-magnesio-jandao;;;"Tamanho/ Potência";"70""20#";"Cor/ Orientação";"Azul RH (Destro)";;;1,010.00;;1.33;7.00;15.00;65.00;;ND;;;;;;;;;;;;;;
arco-recurvo-escola-magnesio-jandao;;;"Tamanho/ Potência";"70""20#";"Cor/ Orientação";"Vermelho RH (Destro)";;;1,010.00;;1.33;7.00;15.00;65.00;;ND;;;;;;;;;;;;;;
arco-recurvo-escola-magnesio-jandao;;;"Tamanho/ Potência";"70""20#";"Cor/ Orientação";"Amarelo LH (Canhoto)";;;1,010.00;;1.33;7.00;15.00;65.00;;ND;;;;;;;;;;;;;;
arco-recurvo-escola-magnesio-jandao;;;"Tamanho/ Potência";"70""20#";"Cor/ Orientação";"Branco LH (Canhoto)";;;1,010.00;;1.33;7.00;15.00;65.00;;ND;;;;;;;;;;;;;;
arco-recurvo-escola-magnesio-jandao;;;"Tamanho/ Potência";"70""20#";"Cor/ Orientação";"Azul LH (Canhoto)";;;1,010.00;;1.33;7.00;15.00;65.00;;ND;;;;;;;;;;;;;;
arco-recurvo-escola-magnesio-jandao;;;"Tamanho/ Potência";"70""20#";"Cor/ Orientação";"Preto LH (Canhoto)";;;1,010.00;;1.33;7.00;15.00;65.00;;ND;;;;;;;;;;;;;;
arco-recurvo-escola-magnesio-jandao;;;"Tamanho/ Potência";"70""20#";"Cor/ Orientação";"Verde LH (Canhoto)";;;1,010.00;;1.33;7.00;15.00;65.00;;ND;;;;;;;;;;;;;;
arco-recurvo-escola-magnesio-jandao;;;"Tamanho/ Potência";"70""20#";"Cor/ Orientação";"Vermelho LH (Canhoto)";;;1,010.00;;1.33;7.00;15.00;65.00;;ND;;;;;;;;;;;;;;
arco-recurvo-escola-magnesio-jandao;;;"Tamanho/ Potência";"70""22#";"Cor/ Orientação";"Amarelo RH (Destro)";;;1,010.00;;1.33;7.00;15.00;65.00;;ND;;;;;;;;;;;;;;
arco-recurvo-escola-magnesio-jandao;;;"Tamanho/ Potência";"70""22#";"Cor/ Orientação";"Branco RH (Destro)";;;1,010.00;;1.33;7.00;15.00;65.00;;ND;;;;;;;;;;;;;;
arco-recurvo-escola-magnesio-jandao;;;"Tamanho/ Potência";"70""22#";"Cor/ Orientação";"Azul RH (Destro)";;;1,010.00;;1.33;7.00;15.00;65.00;;ND;;;;;;;;;;;;;;
arco-recurvo-escola-magnesio-jandao;;;"Tamanho/ Potência";"70""22#";"Cor/ Orientação";"Vermelho RH (Destro)";;;1,010.00;;1.33;7.00;15.00;65.00;;ND;;;;;;;;;;;;;;
arco-recurvo-escola-magnesio-jandao;;;"Tamanho/ Potência";"70""22#";"Cor/ Orientação";"Amarelo LH (Canhoto)";;;1,010.00;;1.33;7.00;15.00;65.00;;ND;;;;;;;;;;;;;;
arco-recurvo-escola-magnesio-jandao;;;"Tamanho/ Potência";"70""22#";"Cor/ Orientação";"Branco LH (Canhoto)";;;1,010.00;;1.33;7.00;15.00;65.00;;ND;;;;;;;;;;;;;;
arco-recurvo-escola-magnesio-jandao;;;"Tamanho/ Potência";"70""22#";"Cor/ Orientação";"Azul LH (Canhoto)";;;1,010.00;;1.33;7.00;15.00;65.00;;ND;;;;;;;;;;;;;;
arco-recurvo-escola-magnesio-jandao;;;"Tamanho/ Potência";"70""22#";"Cor/ Orientação";"Preto LH (Canhoto)";;;1,010.00;;1.33;7.00;15.00;65.00;;ND;;;;;;;;;;;;;;
arco-recurvo-escola-magnesio-jandao;;;"Tamanho/ Potência";"70""22#";"Cor/ Orientação";"Verde LH (Canhoto)";;;1,010.00;;1.33;7.00;15.00;65.00;;ND;;;;;;;;;;;;;;
arco-recurvo-escola-magnesio-jandao;;;"Tamanho/ Potência";"70""22#";"Cor/ Orientação";"Vermelho LH (Canhoto)";;;1,010.00;;1.33;7.00;15.00;65.00;;ND;;;;;;;;;;;;;;
arco-recurvo-escola-magnesio-jandao;;;"Tamanho/ Potência";"70""24#";"Cor/ Orientação";"Amarelo RH (Destro)";;;1,010.00;;1.33;7.00;15.00;65.00;;ND;;;;;;;;;;;;;;
arco-recurvo-escola-magnesio-jandao;;;"Tamanho/ Potência";"70""24#";"Cor/ Orientação";"Branco RH (Destro)";;;1,010.00;;1.33;7.00;15.00;65.00;;ND;;;;;;;;;;;;;;
arco-recurvo-escola-magnesio-jandao;;;"Tamanho/ Potência";"70""24#";"Cor/ Orientação";"Azul RH (Destro)";;;1,010.00;;1.33;7.00;15.00;65.00;;ND;;;;;;;;;;;;;;
arco-recurvo-escola-magnesio-jandao;;;"Tamanho/ Potência";"70""24#";"Cor/ Orientação";"Vermelho RH (Destro)";;;1,010.00;;1.33;7.00;15.00;65.00;;ND;;;;;;;;;;;;;;
arco-recurvo-escola-magnesio-jandao;;;"Tamanho/ Potência";"70""24#";"Cor/ Orientação";"Amarelo LH (Canhoto)";;;1,010.00;;1.33;7.00;15.00;65.00;;ND;;;;;;;;;;;;;;
arco-recurvo-escola-magnesio-jandao;;;"Tamanho/ Potência";"70""24#";"Cor/ Orientação";"Branco LH (Canhoto)";;;1,010.00;;1.33;7.00;15.00;65.00;;ND;;;;;;;;;;;;;;
arco-recurvo-escola-magnesio-jandao;;;"Tamanho/ Potência";"70""24#";"Cor/ Orientação";"Azul LH (Canhoto)";;;1,010.00;;1.33;7.00;15.00;65.00;;ND;;;;;;;;;;;;;;
arco-recurvo-escola-magnesio-jandao;;;"Tamanho/ Potência";"70""24#";"Cor/ Orientação";"Preto LH (Canhoto)";;;1,010.00;;1.33;7.00;15.00;65.00;;ND;;;;;;;;;;;;;;
arco-recurvo-escola-magnesio-jandao;;;"Tamanho/ Potência";"70""24#";"Cor/ Orientação";"Verde LH (Canhoto)";;;1,010.00;;1.33;7.00;15.00;65.00;;ND;;;;;;;;;;;;;;
arco-recurvo-escola-magnesio-jandao;;;"Tamanho/ Potência";"70""24#";"Cor/ Orientação";"Vermelho LH (Canhoto)";;;1,010.00;;1.33;7.00;15.00;65.00;;ND;;;;;;;;;;;;;;
arco-recurvo-escola-magnesio-jandao;;;"Tamanho/ Potência";"70""26#";"Cor/ Orientação";"Amarelo RH (Destro)";;;1,010.00;;1.33;7.00;15.00;65.00;;ND;;;;;;;;;;;;;;
arco-recurvo-escola-magnesio-jandao;;;"Tamanho/ Potência";"70""26#";"Cor/ Orientação";"Branco RH (Destro)";;;1,010.00;;1.33;7.00;15.00;65.00;;ND;;;;;;;;;;;;;;
arco-recurvo-escola-magnesio-jandao;;;"Tamanho/ Potência";"70""26#";"Cor/ Orientação";"Azul RH (Destro)";;;1,010.00;;1.33;7.00;15.00;65.00;;ND;;;;;;;;;;;;;;
arco-recurvo-escola-magnesio-jandao;;;"Tamanho/ Potência";"70""26#";"Cor/ Orientação";"Vermelho RH (Destro)";;;1,010.00;;1.33;7.00;15.00;65.00;;ND;;;;;;;;;;;;;;
arco-recurvo-escola-magnesio-jandao;;;"Tamanho/ Potência";"70""26#";"Cor/ Orientação";"Amarelo LH (Canhoto)";;;1,010.00;;1.33;7.00;15.00;65.00;;ND;;;;;;;;;;;;;;
arco-recurvo-escola-magnesio-jandao;;;"Tamanho/ Potência";"70""26#";"Cor/ Orientação";"Branco LH (Canhoto)";;;1,010.00;;1.33;7.00;15.00;65.00;;ND;;;;;;;;;;;;;;
arco-recurvo-escola-magnesio-jandao;;;"Tamanho/ Potência";"70""26#";"Cor/ Orientação";"Azul LH (Canhoto)";;;1,010.00;;1.33;7.00;15.00;65.00;;ND;;;;;;;;;;;;;;
arco-recurvo-escola-magnesio-jandao;;;"Tamanho/ Potência";"70""26#";"Cor/ Orientação";"Preto LH (Canhoto)";;;1,010.00;;1.33;7.00;15.00;65.00;;ND;;;;;;;;;;;;;;
arco-recurvo-escola-magnesio-jandao;;;"Tamanho/ Potência";"70""26#";"Cor/ Orientação";"Verde LH (Canhoto)";;;1,010.00;;1.33;7.00;15.00;65.00;;ND;;;;;;;;;;;;;;
arco-recurvo-escola-magnesio-jandao;;;"Tamanho/ Potência";"70""26#";"Cor/ Orientação";"Vermelho LH (Canhoto)";;;1,010.00;;1.33;7.00;15.00;65.00;;ND;;;;;;;;;;;;;;
arco-recurvo-escola-magnesio-jandao;;;"Tamanho/ Potência";"70""28#";"Cor/ Orientação";"Amarelo RH (Destro)";;;1,010.00;;1.33;7.00;15.00;65.00;;ND;;;;;;;;;;;;;;
arco-recurvo-escola-magnesio-jandao;;;"Tamanho/ Potência";"70""28#";"Cor/ Orientação";"Branco RH (Destro)";;;1,010.00;;1.33;7.00;15.00;65.00;;ND;;;;;;;;;;;;;;
arco-recurvo-escola-magnesio-jandao;;;"Tamanho/ Potência";"70""28#";"Cor/ Orientação";"Azul RH (Destro)";;;1,010.00;;1.33;7.00;15.00;65.00;;ND;;;;;;;;;;;;;;
arco-recurvo-escola-magnesio-jandao;;;"Tamanho/ Potência";"70""28#";"Cor/ Orientação";"Vermelho RH (Destro)";;;1,010.00;;1.33;7.00;15.00;65.00;;ND;;;;;;;;;;;;;;
arco-recurvo-escola-magnesio-jandao;;;"Tamanho/ Potência";"70""28#";"Cor/ Orientação";"Amarelo LH (Canhoto)";;;1,010.00;;1.33;7.00;15.00;65.00;;ND;;;;;;;;;;;;;;
arco-recurvo-escola-magnesio-jandao;;;"Tamanho/ Potência";"70""28#";"Cor/ Orientação";"Branco LH (Canhoto)";;;1,010.00;;1.33;7.00;15.00;65.00;;ND;;;;;;;;;;;;;;
arco-recurvo-escola-magnesio-jandao;;;"Tamanho/ Potência";"70""28#";"Cor/ Orientação";"Azul LH (Canhoto)";;;1,010.00;;1.33;7.00;15.00;65.00;;ND;;;;;;;;;;;;;;
arco-recurvo-escola-magnesio-jandao;;;"Tamanho/ Potência";"70""28#";"Cor/ Orientação";"Preto LH (Canhoto)";;;1,010.00;;1.33;7.00;15.00;65.00;;ND;;;;;;;;;;;;;;
arco-recurvo-escola-magnesio-jandao;;;"Tamanho/ Potência";"70""28#";"Cor/ Orientação";"Verde LH (Canhoto)";;;1,010.00;;1.33;7.00;15.00;65.00;;ND;;;;;;;;;;;;;;
arco-recurvo-escola-magnesio-jandao;;;"Tamanho/ Potência";"70""28#";"Cor/ Orientação";"Vermelho LH (Canhoto)";;;1,010.00;;1.33;7.00;15.00;65.00;;ND;;;;;;;;;;;;;;
arco-recurvo-escola-magnesio-jandao;;;"Tamanho/ Potência";"70""30#";"Cor/ Orientação";"Amarelo RH (Destro)";;;1,010.00;;1.33;7.00;15.00;65.00;;ND;;;;;;;;;;;;;;
arco-recurvo-escola-magnesio-jandao;;;"Tamanho/ Potência";"70""30#";"Cor/ Orientação";"Branco RH (Destro)";;;1,010.00;;1.33;7.00;15.00;65.00;;ND;;;;;;;;;;;;;;
arco-recurvo-escola-magnesio-jandao;;;"Tamanho/ Potência";"70""30#";"Cor/ Orientação";"Azul RH (Destro)";;;1,010.00;;1.33;7.00;15.00;65.00;;ND;;;;;;;;;;;;;;
arco-recurvo-escola-magnesio-jandao;;;"Tamanho/ Potência";"70""30#";"Cor/ Orientação";"Vermelho RH (Destro)";;;1,010.00;;1.33;7.00;15.00;65.00;;ND;;;;;;;;;;;;;;
arco-recurvo-escola-magnesio-jandao;;;"Tamanho/ Potência";"70""30#";"Cor/ Orientação";"Amarelo LH (Canhoto)";;;1,010.00;;1.33;7.00;15.00;65.00;;ND;;;;;;;;;;;;;;
arco-recurvo-escola-magnesio-jandao;;;"Tamanho/ Potência";"70""30#";"Cor/ Orientação";"Branco LH (Canhoto)";;;1,010.00;;1.33;7.00;15.00;65.00;;ND;;;;;;;;;;;;;;
arco-recurvo-escola-magnesio-jandao;;;"Tamanho/ Potência";"70""30#";"Cor/ Orientação";"Azul LH (Canhoto)";;;1,010.00;;1.33;7.00;15.00;65.00;;ND;;;;;;;;;;;;;;
arco-recurvo-escola-magnesio-jandao;;;"Tamanho/ Potência";"70""30#";"Cor/ Orientação";"Preto LH (Canhoto)";;;1,010.00;;1.33;7.00;15.00;65.00;;ND;;;;;;;;;;;;;;
arco-recurvo-escola-magnesio-jandao;;;"Tamanho/ Potência";"70""30#";"Cor/ Orientação";"Verde LH (Canhoto)";;;1,010.00;;1.33;7.00;15.00;65.00;;ND;;;;;;;;;;;;;;
arco-recurvo-escola-magnesio-jandao;;;"Tamanho/ Potência";"70""30#";"Cor/ Orientação";"Vermelho LH (Canhoto)";;;1,010.00;;1.33;7.00;15.00;65.00;;ND;;;;;;;;;;;;;;
arco-recurvo-escola-magnesio-jandao;;;"Tamanho/ Potência";"70""32#";"Cor/ Orientação";"Amarelo RH (Destro)";;;1,010.00;;1.33;7.00;15.00;65.00;;ND;;;;;;;;;;;;;;
arco-recurvo-escola-magnesio-jandao;;;"Tamanho/ Potência";"70""32#";"Cor/ Orientação";"Branco RH (Destro)";;;1,010.00;;1.33;7.00;15.00;65.00;;ND;;;;;;;;;;;;;;
arco-recurvo-escola-magnesio-jandao;;;"Tamanho/ Potência";"70""32#";"Cor/ Orientação";"Azul RH (Destro)";;;1,010.00;;1.33;7.00;15.00;65.00;;ND;;;;;;;;;;;;;;
arco-recurvo-escola-magnesio-jandao;;;"Tamanho/ Potência";"70""32#";"Cor/ Orientação";"Vermelho RH (Destro)";;;1,010.00;;1.33;7.00;15.00;65.00;;ND;;;;;;;;;;;;;;
arco-recurvo-escola-magnesio-jandao;;;"Tamanho/ Potência";"70""32#";"Cor/ Orientação";"Amarelo LH (Canhoto)";;;1,010.00;;1.33;7.00;15.00;65.00;;ND;;;;;;;;;;;;;;
arco-recurvo-escola-magnesio-jandao;;;"Tamanho/ Potência";"70""32#";"Cor/ Orientação";"Branco LH (Canhoto)";;;1,010.00;;1.33;7.00;15.00;65.00;;ND;;;;;;;;;;;;;;
arco-recurvo-escola-magnesio-jandao;;;"Tamanho/ Potência";"70""32#";"Cor/ Orientação";"Azul LH (Canhoto)";;;1,010.00;;1.33;7.00;15.00;65.00;;ND;;;;;;;;;;;;;;
arco-recurvo-escola-magnesio-jandao;;;"Tamanho/ Potência";"70""32#";"Cor/ Orientação";"Preto LH (Canhoto)";;;1,010.00;;1.33;7.00;15.00;65.00;;ND;;;;;;;;;;;;;;
arco-recurvo-escola-magnesio-jandao;;;"Tamanho/ Potência";"70""32#";"Cor/ Orientação";"Verde LH (Canhoto)";;;1,010.00;;1.33;7.00;15.00;65.00;;ND;;;;;;;;;;;;;;
arco-recurvo-escola-magnesio-jandao;;;"Tamanho/ Potência";"70""32#";"Cor/ Orientação";"Vermelho LH (Canhoto)";;;1,010.00;;1.33;7.00;15.00;65.00;;ND;;;;;;;;;;;;;;
laminas-sanlida-miracle-x8;"Lâminas Sanlida MIRACLE X8";"Arcos > Arcos recurvos > Lâminas, Marcas > Sanlida";Tamanho;"66""";Potência;20#;;;860.00;;0.70;6.00;15.00;65.00;0;ND;;;SIM;NÃO;;"Arco Recurvo, Laminas";"Lâminas Sanlida Miracle X8";"As lâminas Sanlida Miracle X9 apresentam um design avançado, com um formato fino, durável e de alto desempenho.Seu design avançado nas pontas proporciona uma velocidade inicial mais rápida  Disponível de 28# a 46# (subindo de 2# em 2#) Tamanho: 66"", 68"" e 70"" Sistema de encaixe: ILF (International Limb Fitting) L";Sanlida;SIM;;;;
laminas-sanlida-miracle-x8;;;Tamanho;"66""";Potência;22#;;;860.00;;0.70;6.00;15.00;65.00;0;ND;;;;;;;;;;;;;;
laminas-sanlida-miracle-x8;;;Tamanho;"66""";Potência;24#;;;860.00;;0.70;6.00;15.00;65.00;0;ND;;;;;;;;;;;;;;
laminas-sanlida-miracle-x8;;;Tamanho;"66""";Potência;26#;;;860.00;;0.70;6.00;15.00;65.00;0;ND;;;;;;;;;;;;;;
laminas-sanlida-miracle-x8;;;Tamanho;"66""";Potência;28#;;;860.00;;0.70;6.00;15.00;65.00;0;ND;;;;;;;;;;;;;;
laminas-sanlida-miracle-x8;;;Tamanho;"66""";Potência;30#;;;860.00;;0.70;6.00;15.00;65.00;0;ND;;;;;;;;;;;;;;
laminas-sanlida-miracle-x8;;;Tamanho;"66""";Potência;32#;;;860.00;;0.70;6.00;15.00;65.00;0;ND;;;;;;;;;;;;;;
laminas-sanlida-miracle-x8;;;Tamanho;"66""";Potência;34#;;;860.00;;0.70;6.00;15.00;65.00;0;ND;;;;;;;;;;;;;;
laminas-sanlida-miracle-x8;;;Tamanho;"66""";Potência;36#;;;860.00;;0.70;6.00;15.00;65.00;0;ND;;;;;;;;;;;;;;
laminas-sanlida-miracle-x8;;;Tamanho;"66""";Potência;38#;;;860.00;;0.70;6.00;15.00;65.00;0;ND;;;;;;;;;;;;;;
laminas-sanlida-miracle-x8;;;Tamanho;"68""";Potência;20#;;;860.00;;0.70;6.00;15.00;65.00;0;ND;;;;;;;;;;;;;;
laminas-sanlida-miracle-x8;;;Tamanho;"68""";Potência;22#;;;860.00;;0.70;6.00;15.00;65.00;0;ND;;;;;;;;;;;;;;
laminas-sanlida-miracle-x8;;;Tamanho;"68""";Potência;24#;;;860.00;;0.70;6.00;15.00;65.00;0;ND;;;;;;;;;;;;;;
laminas-sanlida-miracle-x8;;;Tamanho;"68""";Potência;26#;;;860.00;;0.70;6.00;15.00;65.00;0;ND;;;;;;;;;;;;;;
laminas-sanlida-miracle-x8;;;Tamanho;"68""";Potência;28#;;;860.00;;0.70;6.00;15.00;65.00;0;ND;;;;;;;;;;;;;;
laminas-sanlida-miracle-x8;;;Tamanho;"68""";Potência;30#;;;860.00;;0.70;6.00;15.00;65.00;0;ND;;;;;;;;;;;;;;
laminas-sanlida-miracle-x8;;;Tamanho;"68""";Potência;32#;;;860.00;;0.70;6.00;15.00;65.00;0;ND;;;;;;;;;;;;;;
laminas-sanlida-miracle-x8;;;Tamanho;"68""";Potência;34#;;;860.00;;0.70;6.00;15.00;65.00;0;ND;;;;;;;;;;;;;;
laminas-sanlida-miracle-x8;;;Tamanho;"68""";Potência;36#;;;860.00;;0.70;6.00;15.00;65.00;0;ND;;;;;;;;;;;;;;
laminas-sanlida-miracle-x8;;;Tamanho;"68""";Potência;38#;;;860.00;;0.70;6.00;15.00;65.00;3;ND;;;;;;;;;;;;;;
laminas-sanlida-miracle-x8;;;Tamanho;"70""";Potência;20#;;;860.00;;0.70;6.00;15.00;65.00;0;ND;;;;;;;;;;;;;;
laminas-sanlida-miracle-x8;;;Tamanho;"70""";Potência;22#;;;860.00;;0.70;6.00;15.00;65.00;0;ND;;;;;;;;;;;;;;
laminas-sanlida-miracle-x8;;;Tamanho;"70""";Potência;24#;;;860.00;;0.70;6.00;15.00;65.00;0;ND;;;;;;;;;;;;;;
laminas-sanlida-miracle-x8;;;Tamanho;"70""";Potência;26#;;;860.00;;0.70;6.00;15.00;65.00;0;ND;;;;;;;;;;;;;;
laminas-sanlida-miracle-x8;;;Tamanho;"70""";Potência;28#;;;860.00;;0.70;6.00;15.00;65.00;0;ND;;;;;;;;;;;;;;
laminas-sanlida-miracle-x8;;;Tamanho;"70""";Potência;30#;;;860.00;;0.70;6.00;15.00;65.00;0;ND;;;;;;;;;;;;;;
laminas-sanlida-miracle-x8;;;Tamanho;"70""";Potência;32#;;;860.00;;0.70;6.00;15.00;65.00;0;ND;;;;;;;;;;;;;;
laminas-sanlida-miracle-x8;;;Tamanho;"70""";Potência;34#;;;860.00;;0.70;6.00;15.00;65.00;0;ND;;;;;;;;;;;;;;
laminas-sanlida-miracle-x8;;;Tamanho;"70""";Potência;36#;;;860.00;;0.70;6.00;15.00;65.00;0;ND;;;;;;;;;;;;;;
laminas-sanlida-miracle-x8;;;Tamanho;"70""";Potência;38#;;;860.00;;0.70;6.00;15.00;65.00;0;ND;;;;;;;;;;;;;;
laminas-sanlida-miracle-x9;"Lâminas Sanlida MIRACLE X9";"Arcos > Arcos recurvos > Lâminas, Marcas > Sanlida";Tamanho;"66""";Potência;20#;;;990.00;;0.71;6.00;15.00;65.00;0;ND;;;SIM;NÃO;;"Arco Recurvo, Laminas";;;;SIM;;;;
laminas-sanlida-miracle-x9;;;Tamanho;"66""";Potência;22#;;;990.00;;0.71;6.00;15.00;65.00;2;ND;;;;;;;;;;;;;;
laminas-sanlida-miracle-x9;;;Tamanho;"66""";Potência;24#;;;990.00;;0.71;6.00;15.00;65.00;0;ND;;;;;;;;;;;;;;
laminas-sanlida-miracle-x9;;;Tamanho;"66""";Potência;26#;;;990.00;;0.71;6.00;15.00;65.00;2;ND;;;;;;;;;;;;;;
laminas-sanlida-miracle-x9;;;Tamanho;"66""";Potência;28#;;;990.00;;0.71;6.00;15.00;65.00;3;ND;;;;;;;;;;;;;;
laminas-sanlida-miracle-x9;;;Tamanho;"66""";Potência;30#;;;990.00;;0.71;6.00;15.00;65.00;0;ND;;;;;;;;;;;;;;
laminas-sanlida-miracle-x9;;;Tamanho;"66""";Potência;32#;;;990.00;;0.71;6.00;15.00;65.00;3;ND;;;;;;;;;;;;;;
laminas-sanlida-miracle-x9;;;Tamanho;"66""";Potência;34#;;;990.00;;0.71;6.00;15.00;65.00;0;ND;;;;;;;;;;;;;;
laminas-sanlida-miracle-x9;;;Tamanho;"66""";Potência;36#;;;990.00;;0.71;6.00;15.00;65.00;0;ND;;;;;;;;;;;;;;
laminas-sanlida-miracle-x9;;;Tamanho;"66""";Potência;38#;;;990.00;;0.71;6.00;15.00;65.00;0;ND;;;;;;;;;;;;;;
laminas-sanlida-miracle-x9;;;Tamanho;"66""";Potência;40#;;;990.00;;0.71;6.00;15.00;65.00;0;ND;;;;;;;;;;;;;;
laminas-sanlida-miracle-x9;;;Tamanho;"66""";Potência;42#;;;990.00;;0.71;6.00;15.00;65.00;0;ND;;;;;;;;;;;;;;
laminas-sanlida-miracle-x9;;;Tamanho;"68""";Potência;20#;;;990.00;;0.71;6.00;15.00;65.00;2;ND;;;;;;;;;;;;;;
laminas-sanlida-miracle-x9;;;Tamanho;"68""";Potência;22#;;;990.00;;0.71;6.00;15.00;65.00;5;ND;;;;;;;;;;;;;;
laminas-sanlida-miracle-x9;;;Tamanho;"68""";Potência;24#;;;990.00;;0.71;6.00;15.00;65.00;5;ND;;;;;;;;;;;;;;
laminas-sanlida-miracle-x9;;;Tamanho;"68""";Potência;26#;;;990.00;;0.71;6.00;15.00;65.00;0;ND;;;;;;;;;;;;;;
laminas-sanlida-miracle-x9;;;Tamanho;"68""";Potência;28#;;;990.00;;0.71;6.00;15.00;65.00;3;ND;;;;;;;;;;;;;;
laminas-sanlida-miracle-x9;;;Tamanho;"68""";Potência;30#;;;990.00;;0.71;6.00;15.00;65.00;9;ND;;;;;;;;;;;;;;
laminas-sanlida-miracle-x9;;;Tamanho;"68""";Potência;32#;;;990.00;;0.71;6.00;15.00;65.00;9;ND;;;;;;;;;;;;;;
laminas-sanlida-miracle-x9;;;Tamanho;"68""";Potência;34#;;;990.00;;0.71;6.00;15.00;65.00;14;ND;;;;;;;;;;;;;;
laminas-sanlida-miracle-x9;;;Tamanho;"68""";Potência;36#;;;990.00;;0.71;6.00;15.00;65.00;5;ND;;;;;;;;;;;;;;
laminas-sanlida-miracle-x9;;;Tamanho;"68""";Potência;38#;;;990.00;;0.71;6.00;15.00;65.00;3;ND;;;;;;;;;;;;;;
laminas-sanlida-miracle-x9;;;Tamanho;"68""";Potência;40#;;;990.00;;0.71;6.00;15.00;65.00;0;ND;;;;;;;;;;;;;;
laminas-sanlida-miracle-x9;;;Tamanho;"68""";Potência;42#;;;990.00;;0.71;6.00;15.00;65.00;0;ND;;;;;;;;;;;;;;
laminas-sanlida-miracle-x9;;;Tamanho;"70""";Potência;20#;;;990.00;;0.71;6.00;15.00;65.00;4;ND;;;;;;;;;;;;;;
laminas-sanlida-miracle-x9;;;Tamanho;"70""";Potência;22#;;;990.00;;0.71;6.00;15.00;65.00;5;ND;;;;;;;;;;;;;;
laminas-sanlida-miracle-x9;;;Tamanho;"70""";Potência;24#;;;990.00;;0.71;6.00;15.00;65.00;4;ND;;;;;;;;;;;;;;
laminas-sanlida-miracle-x9;;;Tamanho;"70""";Potência;26#;;;990.00;;0.71;6.00;15.00;65.00;6;ND;;;;;;;;;;;;;;
laminas-sanlida-miracle-x9;;;Tamanho;"70""";Potência;28#;;;990.00;;0.71;6.00;15.00;65.00;8;ND;;;;;;;;;;;;;;
laminas-sanlida-miracle-x9;;;Tamanho;"70""";Potência;30#;;;990.00;;0.71;6.00;15.00;65.00;13;ND;;;;;;;;;;;;;;
laminas-sanlida-miracle-x9;;;Tamanho;"70""";Potência;32#;;;990.00;;0.71;6.00;15.00;65.00;16;ND;;;;;;;;;;;;;;
laminas-sanlida-miracle-x9;;;Tamanho;"70""";Potência;34#;;;990.00;;0.71;6.00;15.00;65.00;11;ND;;;;;;;;;;;;;;
laminas-sanlida-miracle-x9;;;Tamanho;"70""";Potência;36#;;;990.00;;0.71;6.00;15.00;65.00;18;ND;;;;;;;;;;;;;;
laminas-sanlida-miracle-x9;;;Tamanho;"70""";Potência;38#;;;990.00;;0.71;6.00;15.00;65.00;2;ND;;;;;;;;;;;;;;
laminas-sanlida-miracle-x9;;;Tamanho;"70""";Potência;40#;;;990.00;;0.71;6.00;15.00;65.00;0;ND;;;;;;;;;;;;;;
laminas-sanlida-miracle-x9;;;Tamanho;"70""";Potência;42#;;;990.00;;0.71;6.00;15.00;65.00;3;ND;;;;;;;;;;;;;;
punh-recurvo-sanlida-miracle-x9;"Punho Recurvo Sanlida MIRACLE X9";"Arcos > Arcos recurvos > Punhos, Marcas > Sanlida";Tamanho;"""25";Cor;Azul;;;760.00;;1.45;7.00;17.00;70.00;4;ND;;;SIM;NÃO;;"Arco Recurvo, empunhadura, punho, riser";;;;SIM;;;;
punh-recurvo-sanlida-miracle-x9;;;Tamanho;"""25";Cor;Branco;;;760.00;;1.45;7.00;17.00;70.00;2;ND;;;;;;;;;;;;;;
punh-recurvo-sanlida-miracle-x9;;;Tamanho;"""25";Cor;Vermelho;;;760.00;;1.45;7.00;17.00;70.00;7;ND;;;;;;;;;;;;;;
punh-recurvo-sanlida-miracle-x9;;;Tamanho;"""25";Cor;Roxo;;;760.00;;1.45;7.00;17.00;70.00;6;ND;;;;;;;;;;;;;;
punh-recurvo-sanlida-miracle-x9;;;Tamanho;"""25";Cor;Amarelo;;;760.00;;1.45;7.00;17.00;70.00;9;ND;;;;;;;;;;;;;;
punh-recurvo-sanlida-miracle-x9;;;Tamanho;"""25";Cor;Verde;;;760.00;;1.45;7.00;17.00;70.00;7;ND;;;;;;;;;;;;;;
punh-recurvo-sanlida-miracle-x9;;;Tamanho;"""25";Cor;Preto;;;760.00;;1.45;7.00;17.00;70.00;3;ND;;;;;;;;;;;;;;
arco-composto-sanlida-hero-x8;"Arco Composto Sanlida HERO X8";"Arcos > Arcos composto > Hero X8, Arcos > Arcos iniciantes > Kits, Marcas > Sanlida";Orientação;"Destro (RH)";Potência;25-40#;Cor;Verde;2,170.00;;2.90;9.00;35.00;90.00;0;ND;;;NÃO;NÃO;;"Arco Composto";"Arco Composto Sanlida Hero X8";"O Arco composto Hero X8 da Sanlida, é um arco intermediário que dispõe de um ótimo custo x benefício para aqueles que querem iniciar na prática com um bom equipamento. Por conta da sua vasta possibilidade de regulagens, este arco irá se adaptar as suas necessidades conforme o desenvolvimento técnico.  Contruíd";Sanlida;SIM;;Unissex;;
arco-composto-sanlida-hero-x8;;;Orientação;"Destro (RH)";Potência;25-40#;Cor;Branco;2,170.00;;2.90;9.00;35.00;90.00;0;ND;;;;;;;;;;;;Unissex;;
arco-composto-sanlida-hero-x8;;;Orientação;"Destro (RH)";Potência;25-40#;Cor;Preto;2,170.00;;2.90;9.00;35.00;90.00;0;ND;;;;;;;;;;;;Unissex;;
arco-composto-sanlida-hero-x8;;;Orientação;"Destro (RH)";Potência;25-40#;Cor;Vermelho;2,170.00;;2.90;9.00;35.00;90.00;0;ND;;;;;;;;;;;;Unissex;;
arco-composto-sanlida-hero-x8;;;Orientação;"Destro (RH)";Potência;25-40#;Cor;Azul;2,170.00;;2.90;9.00;35.00;90.00;0;ND;;;;;;;;;;;;Unissex;;
arco-composto-sanlida-hero-x8;;;Orientação;"Destro (RH)";Potência;35-50#;Cor;Verde;2,170.00;;2.90;9.00;35.00;90.00;0;ND;;;;;;;;;;;;Unissex;;
arco-composto-sanlida-hero-x8;;;Orientação;"Destro (RH)";Potência;35-50#;Cor;Branco;2,170.00;;2.90;9.00;35.00;90.00;0;ND;;;;;;;;;;;;Unissex;;
arco-composto-sanlida-hero-x8;;;Orientação;"Destro (RH)";Potência;35-50#;Cor;Preto;2,170.00;;2.90;9.00;35.00;90.00;0;ND;;;;;;;;;;;;Unissex;;
arco-composto-sanlida-hero-x8;;;Orientação;"Destro (RH)";Potência;35-50#;Cor;Vermelho;2,170.00;;2.90;9.00;35.00;90.00;0;ND;;;;;;;;;;;;Unissex;;
arco-composto-sanlida-hero-x8;;;Orientação;"Destro (RH)";Potência;35-50#;Cor;Azul;2,170.00;;2.90;9.00;35.00;90.00;0;ND;;;;;;;;;;;;Unissex;;
arco-composto-sanlida-hero-x8;;;Orientação;"Destro (RH)";Potência;45-60#;Cor;Verde;2,170.00;;2.90;9.00;35.00;90.00;0;ND;;;;;;;;;;;;Unissex;;
arco-composto-sanlida-hero-x8;;;Orientação;"Destro (RH)";Potência;45-60#;Cor;Branco;2,170.00;;2.90;9.00;35.00;90.00;0;ND;;;;;;;;;;;;Unissex;;
arco-composto-sanlida-hero-x8;;;Orientação;"Destro (RH)";Potência;45-60#;Cor;Preto;2,170.00;;2.90;9.00;35.00;90.00;0;ND;;;;;;;;;;;;Unissex;;
arco-composto-sanlida-hero-x8;;;Orientação;"Destro (RH)";Potência;45-60#;Cor;Vermelho;2,170.00;;2.90;9.00;35.00;90.00;0;ND;;;;;;;;;;;;Unissex;;
arco-composto-sanlida-hero-x8;;;Orientação;"Destro (RH)";Potência;45-60#;Cor;Azul;2,170.00;;2.90;9.00;35.00;90.00;0;ND;;;;;;;;;;;;Unissex;;
arco-composto-sanlida-hero-x8;;;Orientação;"Canhoto (LH)";Potência;25-40#;Cor;Verde;2,170.00;;2.90;9.00;35.00;90.00;0;ND;;;;;;;;;;;;Unissex;;
arco-composto-sanlida-hero-x8;;;Orientação;"Canhoto (LH)";Potência;25-40#;Cor;Branco;2,170.00;;2.90;9.00;35.00;90.00;0;ND;;;;;;;;;;;;Unissex;;
arco-composto-sanlida-hero-x8;;;Orientação;"Canhoto (LH)";Potência;25-40#;Cor;Preto;2,170.00;;2.90;9.00;35.00;90.00;0;ND;;;;;;;;;;;;Unissex;;
arco-composto-sanlida-hero-x8;;;Orientação;"Canhoto (LH)";Potência;25-40#;Cor;Vermelho;2,170.00;;2.90;9.00;35.00;90.00;0;ND;;;;;;;;;;;;Unissex;;
arco-composto-sanlida-hero-x8;;;Orientação;"Canhoto (LH)";Potência;25-40#;Cor;Azul;2,170.00;;2.90;9.00;35.00;90.00;0;ND;;;;;;;;;;;;Unissex;;
arco-composto-sanlida-hero-x8;;;Orientação;"Canhoto (LH)";Potência;35-50#;Cor;Verde;2,170.00;;2.90;9.00;35.00;90.00;0;ND;;;;;;;;;;;;Unissex;;
arco-composto-sanlida-hero-x8;;;Orientação;"Canhoto (LH)";Potência;35-50#;Cor;Branco;2,170.00;;2.90;9.00;35.00;90.00;0;ND;;;;;;;;;;;;Unissex;;
arco-composto-sanlida-hero-x8;;;Orientação;"Canhoto (LH)";Potência;35-50#;Cor;Preto;2,170.00;;2.90;9.00;35.00;90.00;0;ND;;;;;;;;;;;;Unissex;;
arco-composto-sanlida-hero-x8;;;Orientação;"Canhoto (LH)";Potência;35-50#;Cor;Vermelho;2,170.00;;2.90;9.00;35.00;90.00;0;ND;;;;;;;;;;;;Unissex;;
arco-composto-sanlida-hero-x8;;;Orientação;"Canhoto (LH)";Potência;35-50#;Cor;Azul;2,170.00;;2.90;9.00;35.00;90.00;0;ND;;;;;;;;;;;;Unissex;;
arco-composto-sanlida-hero-x8;;;Orientação;"Canhoto (LH)";Potência;45-60#;Cor;Verde;2,170.00;;2.90;9.00;35.00;90.00;0;ND;;;;;;;;;;;;Unissex;;
arco-composto-sanlida-hero-x8;;;Orientação;"Canhoto (LH)";Potência;45-60#;Cor;Branco;2,170.00;;2.90;9.00;35.00;90.00;0;ND;;;;;;;;;;;;Unissex;;
arco-composto-sanlida-hero-x8;;;Orientação;"Canhoto (LH)";Potência;45-60#;Cor;Preto;2,170.00;;2.90;9.00;35.00;90.00;0;ND;;;;;;;;;;;;Unissex;;
arco-composto-sanlida-hero-x8;;;Orientação;"Canhoto (LH)";Potência;45-60#;Cor;Vermelho;2,170.00;;2.90;9.00;35.00;90.00;0;ND;;;;;;;;;;;;Unissex;;
arco-composto-sanlida-hero-x8;;;Orientação;"Canhoto (LH)";Potência;45-60#;Cor;Azul;2,170.00;;2.90;9.00;35.00;90.00;0;ND;;;;;;;;;;;;Unissex;;
laminas-sanlida-miracle-x10;"Lâminas Sanlida MIRACLE X10";"Arcos > Arcos recurvos > Lâminas, Marcas > Sanlida";"Tamanho/ Potência";"66""32";;;;;2,120.00;;0.71;6.00;15.00;64.00;1;ND;;;SIM;NÃO;;"Arco Recurvo, Laminas";"Lâminas Sanlida Miracle X10";"As lâminas Sanlida Miracle X10 apresentam um design avançado, com um formato fino, durável e de alto desempenho.Seu design avançado nas pontas proporciona uma velocidade inicial mais rápida  Disponível de 28# a 48# (subindo de 2# em 2#) Tamanho: 66"", 68"" e 70"" Lâminas com núclero de espuma (foam) Feita de fibra";Sanlida;SIM;;Unissex;Adulto;
laminas-sanlida-miracle-x10;;;"Tamanho/ Potência";"66""34";;;;;2,120.00;;0.71;6.00;15.00;64.00;1;ND;;;;;;;;;;;;Unissex;Adulto;
laminas-sanlida-miracle-x10;;;"Tamanho/ Potência";"68""26";;;;;2,120.00;;0.71;6.00;15.00;64.00;0;ND;;;;;;;;;;;;Unissex;Adulto;
laminas-sanlida-miracle-x10;;;"Tamanho/ Potência";"68""28";;;;;2,120.00;;0.71;6.00;15.00;64.00;6;ND;;;;;;;;;;;;Unissex;Adulto;
laminas-sanlida-miracle-x10;;;"Tamanho/ Potência";"68""30";;;;;2,120.00;;0.71;6.00;15.00;64.00;6;ND;;;;;;;;;;;;Unissex;Adulto;
laminas-sanlida-miracle-x10;;;"Tamanho/ Potência";"68""32";;;;;2,120.00;;0.71;6.00;15.00;64.00;3;ND;;;;;;;;;;;;Unissex;Adulto;
laminas-sanlida-miracle-x10;;;"Tamanho/ Potência";"68""34";;;;;2,120.00;;0.71;6.00;15.00;64.00;10;ND;;;;;;;;;;;;Unissex;Adulto;
laminas-sanlida-miracle-x10;;;"Tamanho/ Potência";"68""36";;;;;2,120.00;;0.71;6.00;15.00;64.00;10;ND;;;;;;;;;;;;Unissex;Adulto;
laminas-sanlida-miracle-x10;;;"Tamanho/ Potência";"68""38";;;;;2,120.00;;0.71;6.00;15.00;64.00;0;ND;;;;;;;;;;;;Unissex;Adulto;
laminas-sanlida-miracle-x10;;;"Tamanho/ Potência";"68""40";;;;;2,120.00;;0.71;6.00;15.00;64.00;0;ND;;;;;;;;;;;;Unissex;Adulto;
laminas-sanlida-miracle-x10;;;"Tamanho/ Potência";"68""42";;;;;2,120.00;;0.71;6.00;15.00;64.00;2;ND;;;;;;;;;;;;Unissex;Adulto;
laminas-sanlida-miracle-x10;;;"Tamanho/ Potência";"70""26";;;;;2,120.00;;0.71;6.00;15.00;64.00;1;ND;;;;;;;;;;;;Unissex;Adulto;
laminas-sanlida-miracle-x10;;;"Tamanho/ Potência";"70""28";;;;;2,120.00;;0.71;6.00;15.00;64.00;1;ND;;;;;;;;;;;;Unissex;Adulto;
laminas-sanlida-miracle-x10;;;"Tamanho/ Potência";"70""30";;;;;2,120.00;;0.71;6.00;15.00;64.00;15;ND;;;;;;;;;;;;Unissex;Adulto;
laminas-sanlida-miracle-x10;;;"Tamanho/ Potência";"70""32";;;;;2,120.00;;0.71;6.00;15.00;64.00;17;ND;;;;;;;;;;;;Unissex;Adulto;
laminas-sanlida-miracle-x10;;;"Tamanho/ Potência";"70""34";;;;;2,120.00;;0.71;6.00;15.00;64.00;4;ND;;;;;;;;;;;;Unissex;Adulto;
laminas-sanlida-miracle-x10;;;"Tamanho/ Potência";"70""36";;;;;2,120.00;;0.71;6.00;15.00;64.00;15;ND;;;;;;;;;;;;Unissex;Adulto;
laminas-sanlida-miracle-x10;;;"Tamanho/ Potência";"70""38";;;;;2,120.00;;0.71;6.00;15.00;64.00;11;ND;;;;;;;;;;;;Unissex;Adulto;
laminas-sanlida-miracle-x10;;;"Tamanho/ Potência";"70""40";;;;;2,120.00;;0.71;6.00;15.00;64.00;0;ND;;;;;;;;;;;;Unissex;Adulto;
laminas-sanlida-miracle-x10;;;"Tamanho/ Potência";"70""42";;;;;2,120.00;;0.71;6.00;15.00;64.00;3;ND;;;;;;;;;;;;Unissex;Adulto;
laminas-sanlida-miracle-x10;;;"Tamanho/ Potência";"70""44";;;;;2,120.00;;0.71;6.00;15.00;64.00;12;ND;;;;;;;;;;;;Unissex;Adulto;
laminas-sanlida-miracle-x10;;;"Tamanho/ Potência";"70""46#";;;;;2,120.00;;0.71;6.00;15.00;64.00;4;ND;;;;;;;;;;;;Unissex;Adulto;
punho-recurvo-sanlida-miracle-x10;"Punho Recurvo Sanlida MIRACLE X10";"Arcos > Arcos recurvos > Punhos, Marcas > Sanlida";Orientação;"Destro (RH)";Cor;Azul;"Sistema de alinhamento";Arruelas;2,550.00;;1.75;7.00;17.00;70.00;0;ND;;;SIM;NÃO;;"Arco Recurvo, empunhadura, handle, punho, riser";"Punho Recurvo Sanlida Miracle X10";"Lindo punho Olímpico construído em Alumínio 6061 T6  Pintura Anonizada Grip ergonomico em madeira trabalhada na cor do punho Peso: 1300g Sistema de alinhamento: block limb ou bolt limb  Sistema de encaixe: ILF (International Limb Fitting)";Sanlida;SIM;;;;
punho-recurvo-sanlida-miracle-x10;;;Orientação;"Destro (RH)";Cor;Azul;"Sistema de alinhamento";Parafuso;2,550.00;;1.75;7.00;17.00;70.00;0;ND;;;;;;;;;;;;;;
punho-recurvo-sanlida-miracle-x10;;;Orientação;"Destro (RH)";Cor;Vermelho;"Sistema de alinhamento";Arruelas;2,550.00;;1.75;7.00;17.00;70.00;2;ND;;;;;;;;;;;;;;
punho-recurvo-sanlida-miracle-x10;;;Orientação;"Destro (RH)";Cor;Vermelho;"Sistema de alinhamento";Parafuso;2,550.00;;1.75;7.00;17.00;70.00;1;ND;;;;;;;;;;;;;;
punho-recurvo-sanlida-miracle-x10;;;Orientação;"Destro (RH)";Cor;Dourado;"Sistema de alinhamento";Arruelas;2,550.00;;1.75;7.00;17.00;70.00;2;ND;;;;;;;;;;;;;;
punho-recurvo-sanlida-miracle-x10;;;Orientação;"Destro (RH)";Cor;Dourado;"Sistema de alinhamento";Parafuso;2,550.00;;1.75;7.00;17.00;70.00;1;ND;;;;;;;;;;;;;;
punho-recurvo-sanlida-miracle-x10;;;Orientação;"Destro (RH)";Cor;Verde;"Sistema de alinhamento";Arruelas;2,550.00;;1.75;7.00;17.00;70.00;2;ND;;;;;;;;;;;;;;
punho-recurvo-sanlida-miracle-x10;;;Orientação;"Destro (RH)";Cor;Verde;"Sistema de alinhamento";Parafuso;2,550.00;;1.75;7.00;17.00;70.00;2;ND;;;;;;;;;;;;;;
punho-recurvo-sanlida-miracle-x10;;;Orientação;"Destro (RH)";Cor;Preto;"Sistema de alinhamento";Arruelas;2,550.00;;1.75;7.00;17.00;70.00;3;ND;;;;;;;;;;;;;;
punho-recurvo-sanlida-miracle-x10;;;Orientação;"Destro (RH)";Cor;Preto;"Sistema de alinhamento";Parafuso;2,550.00;;1.75;7.00;17.00;70.00;4;ND;;;;;;;;;;;;;;
punho-recurvo-sanlida-miracle-x10;;;Orientação;"Destro (RH)";Cor;Roxo;"Sistema de alinhamento";Arruelas;2,550.00;;1.75;7.00;17.00;70.00;2;ND;;;;;;;;;;;;;;
punho-recurvo-sanlida-miracle-x10;;;Orientação;"Destro (RH)";Cor;Roxo;"Sistema de alinhamento";Parafuso;2,550.00;;1.75;7.00;17.00;70.00;0;ND;;;;;;;;;;;;;;
punho-recurvo-sanlida-miracle-x10;;;Orientação;"Destro (RH)";Cor;Ciano;"Sistema de alinhamento";Arruelas;2,550.00;;1.75;7.00;17.00;70.00;1;ND;;;;;;;;;;;;;;
punho-recurvo-sanlida-miracle-x10;;;Orientação;"Destro (RH)";Cor;Ciano;"Sistema de alinhamento";Parafuso;2,550.00;;1.75;7.00;17.00;70.00;2;ND;;;;;;;;;;;;;;
punho-recurvo-sanlida-miracle-x10;;;Orientação;"Destro (RH)";Cor;Laranja;"Sistema de alinhamento";Arruelas;2,550.00;;1.75;7.00;17.00;70.00;0;ND;;;;;;;;;;;;;;
punho-recurvo-sanlida-miracle-x10;;;Orientação;"Destro (RH)";Cor;Laranja;"Sistema de alinhamento";Parafuso;2,550.00;;1.75;7.00;17.00;70.00;2;ND;;;;;;;;;;;;;;
punho-recurvo-sanlida-miracle-x10;;;Orientação;"Destro (RH)";Cor;Prata;"Sistema de alinhamento";Arruelas;2,550.00;;1.75;7.00;17.00;70.00;0;ND;;;;;;;;;;;;;;
punho-recurvo-sanlida-miracle-x10;;;Orientação;"Destro (RH)";Cor;Prata;"Sistema de alinhamento";Parafuso;2,550.00;;1.75;7.00;17.00;70.00;3;ND;;;;;;;;;;;;;;
punho-recurvo-sanlida-miracle-x10;;;Orientação;"Destro (RH)";Cor;Pink;"Sistema de alinhamento";Arruelas;2,550.00;;1.75;7.00;17.00;70.00;1;ND;;;;;;;;;;;;;;
punho-recurvo-sanlida-miracle-x10;;;Orientação;"Destro (RH)";Cor;Pink;"Sistema de alinhamento";Parafuso;2,550.00;;1.75;7.00;17.00;70.00;1;ND;;;;;;;;;;;;;;
punho-recurvo-sanlida-miracle-x10;;;Orientação;"Canhoto (LH)";Cor;Azul;"Sistema de alinhamento";Arruelas;2,550.00;;1.75;7.00;17.00;70.00;;ND;;;;;;;;;;;;;;
punho-recurvo-sanlida-miracle-x10;;;Orientação;"Canhoto (LH)";Cor;Azul;"Sistema de alinhamento";Parafuso;2,550.00;;1.75;7.00;17.00;70.00;2;ND;;;;;;;;;;;;;;
punho-recurvo-sanlida-miracle-x10;;;Orientação;"Canhoto (LH)";Cor;Vermelho;"Sistema de alinhamento";Arruelas;2,550.00;;1.75;7.00;17.00;70.00;;ND;;;;;;;;;;;;;;
punho-recurvo-sanlida-miracle-x10;;;Orientação;"Canhoto (LH)";Cor;Vermelho;"Sistema de alinhamento";Parafuso;2,550.00;;1.75;7.00;17.00;70.00;0;ND;;;;;;;;;;;;;;
punho-recurvo-sanlida-miracle-x10;;;Orientação;"Canhoto (LH)";Cor;Dourado;"Sistema de alinhamento";Arruelas;2,550.00;;1.75;7.00;17.00;70.00;;ND;;;;;;;;;;;;;;
punho-recurvo-sanlida-miracle-x10;;;Orientação;"Canhoto (LH)";Cor;Dourado;"Sistema de alinhamento";Parafuso;2,550.00;;1.75;7.00;17.00;70.00;0;ND;;;;;;;;;;;;;;
punho-recurvo-sanlida-miracle-x10;;;Orientação;"Canhoto (LH)";Cor;Verde;"Sistema de alinhamento";Arruelas;2,550.00;;1.75;7.00;17.00;70.00;;ND;;;;;;;;;;;;;;
punho-recurvo-sanlida-miracle-x10;;;Orientação;"Canhoto (LH)";Cor;Verde;"Sistema de alinhamento";Parafuso;2,550.00;;1.75;7.00;17.00;70.00;0;ND;;;;;;;;;;;;;;
punho-recurvo-sanlida-miracle-x10;;;Orientação;"Canhoto (LH)";Cor;Preto;"Sistema de alinhamento";Arruelas;2,550.00;;1.75;7.00;17.00;70.00;;ND;;;;;;;;;;;;;;
punho-recurvo-sanlida-miracle-x10;;;Orientação;"Canhoto (LH)";Cor;Preto;"Sistema de alinhamento";Parafuso;2,550.00;;1.75;7.00;17.00;70.00;2;ND;;;;;;;;;;;;;;
punho-recurvo-sanlida-miracle-x10;;;Orientação;"Canhoto (LH)";Cor;Roxo;"Sistema de alinhamento";Arruelas;2,550.00;;1.75;7.00;17.00;70.00;;ND;;;;;;;;;;;;;;
punho-recurvo-sanlida-miracle-x10;;;Orientação;"Canhoto (LH)";Cor;Roxo;"Sistema de alinhamento";Parafuso;2,550.00;;1.75;7.00;17.00;70.00;0;ND;;;;;;;;;;;;;;
punho-recurvo-sanlida-miracle-x10;;;Orientação;"Canhoto (LH)";Cor;Ciano;"Sistema de alinhamento";Arruelas;2,550.00;;1.75;7.00;17.00;70.00;;ND;;;;;;;;;;;;;;
punho-recurvo-sanlida-miracle-x10;;;Orientação;"Canhoto (LH)";Cor;Ciano;"Sistema de alinhamento";Parafuso;2,550.00;;1.75;7.00;17.00;70.00;1;ND;;;;;;;;;;;;;;
punho-recurvo-sanlida-miracle-x10;;;Orientação;"Canhoto (LH)";Cor;Laranja;"Sistema de alinhamento";Arruelas;2,550.00;;1.75;7.00;17.00;70.00;;ND;;;;;;;;;;;;;;
punho-recurvo-sanlida-miracle-x10;;;Orientação;"Canhoto (LH)";Cor;Laranja;"Sistema de alinhamento";Parafuso;2,550.00;;1.75;7.00;17.00;70.00;2;ND;;;;;;;;;;;;;;
punho-recurvo-sanlida-miracle-x10;;;Orientação;"Canhoto (LH)";Cor;Prata;"Sistema de alinhamento";Arruelas;2,550.00;;1.75;7.00;17.00;70.00;;ND;;;;;;;;;;;;;;
punho-recurvo-sanlida-miracle-x10;;;Orientação;"Canhoto (LH)";Cor;Prata;"Sistema de alinhamento";Parafuso;2,550.00;;1.75;7.00;17.00;70.00;4;ND;;;;;;;;;;;;;;
punho-recurvo-sanlida-miracle-x10;;;Orientação;"Canhoto (LH)";Cor;Pink;"Sistema de alinhamento";Arruelas;2,550.00;;1.75;7.00;17.00;70.00;;ND;;;;;;;;;;;;;;
punho-recurvo-sanlida-miracle-x10;;;Orientação;"Canhoto (LH)";Cor;Pink;"Sistema de alinhamento";Parafuso;2,550.00;;1.75;7.00;17.00;70.00;1;ND;;;;;;;;;;;;;;
arco-composto-sanlida-hero-x10-cam-l;"Arco Composto Sanlida HERO X10 CAM ""L""";"Arcos > Arcos composto > Hero X10, Marcas > Sanlida";Potência;"40 - 50#";Cor;Dourado;;;7,000.00;;3.00;9.00;33.00;116.00;1;ND;;;SIM;NÃO;;"arco e flecha, target, tiro com arco";"Arco Composto Sanlida HERO X10";"Construído em Alumínio 6061 T6 Pintura Anonizada Cordas BCY  Velocidade: 330 FPS Potência: 40-50lbs, 50-60lbs Puxada: de 27-27,5"", 28-28,5"", 29-29,5"", 30-32"" Let off: 65%-70% Peso: 4,6lbs (2,09kg) Tamanho: 40""";Sanlida;SIM;;;;
arco-composto-sanlida-hero-x10-cam-l;;;Potência;"40 - 50#";Cor;Azul;;;7,000.00;;3.00;9.00;33.00;116.00;;ND;;;;;;;;;;;;;;
arco-composto-sanlida-hero-x10-cam-l;;;Potência;"40 - 50#";Cor;"Azul Claro";;;7,000.00;;3.00;9.00;33.00;116.00;;ND;;;;;;;;;;;;;;
arco-composto-sanlida-hero-x10-cam-l;;;Potência;"40 - 50#";Cor;Vermelho;;;7,000.00;;3.00;9.00;33.00;116.00;;ND;;;;;;;;;;;;;;
arco-composto-sanlida-hero-x10-cam-l;;;Potência;"40 - 50#";Cor;"Amarelo Escuro";;;7,000.00;;3.00;9.00;33.00;116.00;;ND;;;;;;;;;;;;;;
arco-composto-sanlida-hero-x10-cam-l;;;Potência;"40 - 50#";Cor;Verde;;;7,000.00;;3.00;9.00;33.00;116.00;;ND;;;;;;;;;;;;;;
arco-composto-sanlida-hero-x10-cam-l;;;Potência;"50 - 60#";Cor;Dourado;;;7,000.00;;3.00;9.00;33.00;116.00;;ND;;;;;;;;;;;;;;
arco-composto-sanlida-hero-x10-cam-l;;;Potência;"50 - 60#";Cor;Azul;;;7,000.00;;3.00;9.00;33.00;116.00;0;ND;;;;;;;;;;;;;;
arco-composto-sanlida-hero-x10-cam-l;;;Potência;"50 - 60#";Cor;"Azul Claro";;;7,000.00;;3.00;9.00;33.00;116.00;0;ND;;;;;;;;;;;;;;
arco-composto-sanlida-hero-x10-cam-l;;;Potência;"50 - 60#";Cor;Vermelho;;;7,000.00;;3.00;9.00;33.00;116.00;0;ND;;;;;;;;;;;;;;
arco-composto-sanlida-hero-x10-cam-l;;;Potência;"50 - 60#";Cor;"Amarelo Escuro";;;7,000.00;;3.00;9.00;33.00;116.00;0;ND;;;;;;;;;;;;;;
arco-composto-sanlida-hero-x10-cam-l;;;Potência;"50 - 60#";Cor;Verde;;;7,000.00;;3.00;9.00;33.00;116.00;1;ND;;;;;;;;;;;;;;
