id,store_id,name,handle,images,published,created_at,updated_at
39289275,1034705,"{""pt"": ""Arco Composto Sanlida HERO X10 CAM \""L\""""}","{""pt"":""arco-composto-sanlida-hero-x10-cam-l""}","[{""id"": 76701460, ""alt"": [], ""src"": ""https://acdn-us.mitiendanube.com/stores/001/034/705/products/comb1-0553217f77b88dd4a315753744922183-1024-1024.jpg"", ""width"": 1024, ""height"": 1024, ""position"": 1, ""created_at"": ""2019-12-03T11:51:36+0000"", ""product_id"": 39289275, ""updated_at"": ""2023-02-22T00:22:59+0000"", ""thumbnails_generated"": 2}, {""id"": 76701607, ""alt"": [], ""src"": ""https://acdn-us.mitiendanube.com/stores/001/034/705/products/bow011-918628bedc14629d1915753744922268-1024-1024.jpg"", ""width"": 1024, ""height"": 1024, ""position"": 2, ""created_at"": ""2019-12-03T11:56:56+0000"", ""product_id"": 39289275, ""updated_at"": ""2023-02-22T00:22:59+0000"", ""thumbnails_generated"": 2}, {""id"": 76701614, ""alt"": [], ""src"": ""https://acdn-us.mitiendanube.com/stores/001/034/705/products/gold-limb11-b3dfbe15ad1cce02a115753744923503-1024-1024.jpg"", ""width"": 1024, ""height"": 1024, ""position"": 3, ""created_at"": ""2019-12-03T11:57:06+0000"", ""product_id"": 39289275, ""updated_at"": ""2023-02-22T00:22:59+0000"", ""thumbnails_generated"": 2}, {""id"": 76701615, ""alt"": [], ""src"": ""https://acdn-us.mitiendanube.com/stores/001/034/705/products/gold-ss1-e9dec5b770bb8864cf15753744923879-1024-1024.jpg"", ""width"": 1024, ""height"": 1024, ""position"": 4, ""created_at"": ""2019-12-03T11:57:08+0000"", ""product_id"": 39289275, ""updated_at"": ""2023-02-22T00:22:59+0000"", ""thumbnails_generated"": 2}, {""id"": 130934181, ""alt"": [], ""src"": ""https://acdn-us.mitiendanube.com/stores/001/034/705/products/cam-modulo-puxada-f457a8b8149ec2838516055303241689-1024-1024.png"", ""width"": 441, ""height"": 440, ""position"": 5, ""created_at"": ""2020-11-16T12:38:39+0000"", ""product_id"": 39289275, ""updated_at"": ""2023-02-22T00:22:59+0000"", ""thumbnails_generated"": 2}]",true,2026-03-19 04:00:47.52498+00,2026-03-19 04:00:47.416+00
43801498,1034705,"{""pt"": ""Punho Recurvo Sanlida MIRACLE X10""}","{""pt"":""punho-recurvo-sanlida-miracle-x10""}","[{""id"": 76704059, ""alt"": [], ""src"": ""https://acdn-us.mitiendanube.com/stores/001/034/705/products/comb-81-2bfa6218850eb1792215753810247166-1024-1024.jpg"", ""width"": 1024, ""height"": 1024, ""position"": 1, ""created_at"": ""2019-12-03T13:02:05+0000"", ""product_id"": 43801498, ""updated_at"": ""2023-10-06T23:02:52+0000"", ""thumbnails_generated"": 2}, {""id"": 76704109, ""alt"": [], ""src"": ""https://acdn-us.mitiendanube.com/stores/001/034/705/products/block1-27860f76f3121fc69f15753810247266-1024-1024.jpg"", ""width"": 1147, ""height"": 1000, ""position"": 2, ""created_at"": ""2019-12-03T13:03:30+0000"", ""product_id"": 43801498, ""updated_at"": ""2023-10-06T23:02:52+0000"", ""thumbnails_generated"": 2}, {""id"": 76704113, ""alt"": [], ""src"": ""https://acdn-us.mitiendanube.com/stores/001/034/705/products/bolt1-49a038812aefa4be3015753810259150-1024-1024.jpg"", ""width"": 1147, ""height"": 1000, ""position"": 3, ""created_at"": ""2019-12-03T13:03:31+0000"", ""product_id"": 43801498, ""updated_at"": ""2023-10-06T23:02:52+0000"", ""thumbnails_generated"": 2}, {""id"": 76704118, ""alt"": [], ""src"": ""https://acdn-us.mitiendanube.com/stores/001/034/705/products/curve-finish1-de2896d87f2b5525b215753810255546-1024-1024.jpg"", ""width"": 1147, ""height"": 1000, ""position"": 4, ""created_at"": ""2019-12-03T13:03:37+0000"", ""product_id"": 43801498, ""updated_at"": ""2023-10-06T23:02:52+0000"", ""thumbnails_generated"": 2}, {""id"": 76704120, ""alt"": [], ""src"": ""https://acdn-us.mitiendanube.com/stores/001/034/705/products/grip1-9f17ba6b56a3a25bbf15753810258186-1024-1024.jpg"", ""width"": 1147, ""height"": 1000, ""position"": 5, ""created_at"": ""2019-12-03T13:03:39+0000"", ""product_id"": 43801498, ""updated_at"": ""2023-10-06T23:02:52+0000"", ""thumbnails_generated"": 2}, {""id"": 76704121, ""alt"": [], ""src"": ""https://acdn-us.mitiendanube.com/stores/001/034/705/products/grip-21-1f52d5238e2bba4e8315753810258156-1024-1024.jpg"", ""width"": 298, ""height"": 482, ""position"": 6, ""created_at"": ""2019-12-03T13:03:40+0000"", ""product_id"": 43801498, ""updated_at"": ""2023-10-06T23:02:52+0000"", ""thumbnails_generated"": 2}, {""id"": 76704123, ""alt"": [], ""src"": ""https://acdn-us.mitiendanube.com/stores/001/034/705/products/packing1-832e43a1b5471fe68a15753810257189-1024-1024.jpg"", ""width"": 757, ""height"": 282, ""position"": 7, ""created_at"": ""2019-12-03T13:03:41+0000"", ""product_id"": 43801498, ""updated_at"": ""2023-10-06T23:02:52+0000"", ""thumbnails_generated"": 2}, {""id"": 76704115, ""alt"": [], ""src"": ""https://acdn-us.mitiendanube.com/stores/001/034/705/products/comb-block1-e0ff7e5ef0468d4e4f15753810266505-1024-1024.jpg"", ""width"": 960, ""height"": 2294, ""position"": 8, ""created_at"": ""2019-12-03T13:03:33+0000"", ""product_id"": 43801498, ""updated_at"": ""2023-10-06T23:02:52+0000"", ""thumbnails_generated"": 2}, {""id"": 76704117, ""alt"": [], ""src"": ""https://acdn-us.mitiendanube.com/stores/001/034/705/products/comb-bolt1-5f088c4202854eec6f15753810261511-1024-1024.jpg"", ""width"": 960, ""height"": 2358, ""position"": 9, ""created_at"": ""2019-12-03T13:03:36+0000"", ""product_id"": 43801498, ""updated_at"": ""2023-10-06T23:02:52+0000"", ""thumbnails_generated"": 2}]",true,2026-03-19 04:00:48.315771+00,2026-03-19 04:00:48.215+00
43801761,1034705,"{""pt"": ""Lâminas Sanlida MIRACLE X10""}","{""pt"":""laminas-sanlida-miracle-x10""}","[{""id"": 76708283, ""alt"": [], ""src"": ""https://acdn-us.mitiendanube.com/stores/001/034/705/products/limbs311-037f0290eaf376b7d915753821842740-1024-1024.jpg"", ""width"": 1024, ""height"": 1024, ""position"": 1, ""created_at"": ""2019-12-03T14:09:32+0000"", ""product_id"": 43801761, ""updated_at"": ""2023-06-01T02:26:55+0000"", ""thumbnails_generated"": 2}, {""id"": 76707744, ""alt"": [], ""src"": ""https://acdn-us.mitiendanube.com/stores/001/034/705/products/limb-21-2479e150651e957a3d15753818277291-1024-1024.jpg"", ""width"": 460, ""height"": 436, ""position"": 2, ""created_at"": ""2019-12-03T14:00:00+0000"", ""product_id"": 43801761, ""updated_at"": ""2023-06-01T02:26:55+0000"", ""thumbnails_generated"": 2}, {""id"": 76707745, ""alt"": [], ""src"": ""https://acdn-us.mitiendanube.com/stores/001/034/705/products/limbs1-db17222c623bb32dad15753818281815-1024-1024.jpg"", ""width"": 1147, ""height"": 1000, ""position"": 3, ""created_at"": ""2019-12-03T14:00:01+0000"", ""product_id"": 43801761, ""updated_at"": ""2023-06-01T02:26:55+0000"", ""thumbnails_generated"": 2}, {""id"": 76707746, ""alt"": [], ""src"": ""https://acdn-us.mitiendanube.com/stores/001/034/705/products/limbs21-c31405db740dbc8d0f15753818280392-1024-1024.jpg"", ""width"": 1147, ""height"": 1000, ""position"": 4, ""created_at"": ""2019-12-03T14:00:03+0000"", ""product_id"": 43801761, ""updated_at"": ""2023-06-01T02:26:55+0000"", ""thumbnails_generated"": 2}]",true,2026-03-19 04:00:48.969946+00,2026-03-19 04:00:48.876+00
43812858,1034705,"{""pt"": ""Arco Composto Sanlida HERO X8""}","{""pt"":""arco-composto-sanlida-hero-x8""}","[{""id"": 76723930, ""alt"": [], ""src"": ""https://acdn-us.mitiendanube.com/stores/001/034/705/products/hero-x8-compound-bow-colors1-224b18bf1c6aa6f3ae15753950968917-1024-1024.jpg"", ""width"": 3007, ""height"": 3000, ""position"": 1, ""created_at"": ""2019-12-03T17:38:07+0000"", ""product_id"": 43812858, ""updated_at"": ""2021-05-07T21:10:26+0000"", ""thumbnails_generated"": 2}, {""id"": 76723953, ""alt"": [], ""src"": ""https://acdn-us.mitiendanube.com/stores/001/034/705/products/hero-x8-compound-bow-cam-0961-2007fb84d2806d043815753950965464-1024-1024.jpg"", ""width"": 1147, ""height"": 1000, ""position"": 2, ""created_at"": ""2019-12-03T17:38:28+0000"", ""product_id"": 43812858, ""updated_at"": ""2021-05-07T21:10:26+0000"", ""thumbnails_generated"": 2}, {""id"": 76723958, ""alt"": [], ""src"": ""https://acdn-us.mitiendanube.com/stores/001/034/705/products/hero-x8-compound-bow-cnc011-e75339cf505628cd0a15753950965238-1024-1024.jpg"", ""width"": 1147, ""height"": 1000, ""position"": 3, ""created_at"": ""2019-12-03T17:38:30+0000"", ""product_id"": 43812858, ""updated_at"": ""2021-05-07T21:10:26+0000"", ""thumbnails_generated"": 2}, {""id"": 76723962, ""alt"": [], ""src"": ""https://acdn-us.mitiendanube.com/stores/001/034/705/products/hero-x8-compound-bow-cnc02-0961-c0ad1d93145425826815753950964367-1024-1024.jpg"", ""width"": 1147, ""height"": 1000, ""position"": 4, ""created_at"": ""2019-12-03T17:38:32+0000"", ""product_id"": 43812858, ""updated_at"": ""2021-05-07T21:10:26+0000"", ""thumbnails_generated"": 2}, {""id"": 76723967, ""alt"": [], ""src"": ""https://acdn-us.mitiendanube.com/stores/001/034/705/products/hero-x8-compound-bow-limb02-0961-7d292efdf51fe06cbc15753950967159-1024-1024.jpg"", ""width"": 1147, ""height"": 1000, ""position"": 5, ""created_at"": ""2019-12-03T17:38:33+0000"", ""product_id"": 43812858, ""updated_at"": ""2021-05-07T21:10:26+0000"", ""thumbnails_generated"": 2}, {""id"": 76723969, ""alt"": [], ""src"": ""https://acdn-us.mitiendanube.com/stores/001/034/705/products/hero-x8-compound-bow-string01-0961-7f38b9bdbd615fce0f15753950964285-1024-1024.jpg"", ""width"": 1147, ""height"": 1000, ""position"": 6, ""created_at"": ""2019-12-03T17:38:35+0000"", ""product_id"": 43812858, ""updated_at"": ""2021-05-07T21:10:26+0000"", ""thumbnails_generated"": 2}, {""id"": 76723971, ""alt"": [], ""src"": ""https://acdn-us.mitiendanube.com/stores/001/034/705/products/riser-bl1-814648cea7f5f8fb8e15753950966828-1024-1024.jpg"", ""width"": 2524, ""height"": 2201, ""position"": 7, ""created_at"": ""2019-12-03T17:38:37+0000"", ""product_id"": 43812858, ""updated_at"": ""2021-05-07T21:10:26+0000"", ""thumbnails_generated"": 2}, {""id"": 130934789, ""alt"": [], ""src"": ""https://acdn-us.mitiendanube.com/stores/001/034/705/products/relacao-x8-8ca19c68ea9b09730216055306094102-1024-1024.jpg"", ""width"": 1024, ""height"": 1024, ""position"": 8, ""created_at"": ""2020-11-16T12:43:24+0000"", ""product_id"": 43812858, ""updated_at"": ""2021-05-07T21:10:26+0000"", ""thumbnails_generated"": 2}]",false,2026-03-19 04:00:49.707447+00,2026-03-19 04:00:49.626+00
43813325,1034705,"{""pt"": ""Punho Recurvo Sanlida MIRACLE X9""}","{""pt"":""punh-recurvo-sanlida-miracle-x9""}","[{""id"": 76724953, ""alt"": [], ""src"": ""https://acdn-us.mitiendanube.com/stores/001/034/705/products/comb11-7936e29a15c8ffd46415753957015163-1024-1024.jpg"", ""width"": 1024, ""height"": 1024, ""position"": 1, ""created_at"": ""2019-12-03T17:53:47+0000"", ""product_id"": 43813325, ""updated_at"": ""2022-12-13T18:42:50+0000"", ""thumbnails_generated"": 2}, {""id"": 76725006, ""alt"": [], ""src"": ""https://acdn-us.mitiendanube.com/stores/001/034/705/products/ilf1-06bad6dda92b6d2d4315753957015904-1024-1024.jpg"", ""width"": 1147, ""height"": 1000, ""position"": 2, ""created_at"": ""2019-12-03T17:54:18+0000"", ""product_id"": 43813325, ""updated_at"": ""2022-12-13T18:42:50+0000"", ""thumbnails_generated"": 2}, {""id"": 76725010, ""alt"": [], ""src"": ""https://acdn-us.mitiendanube.com/stores/001/034/705/products/riser1-724de70110ab6ec4a715753957014901-1024-1024.jpg"", ""width"": 1147, ""height"": 1000, ""position"": 3, ""created_at"": ""2019-12-03T17:54:20+0000"", ""product_id"": 43813325, ""updated_at"": ""2022-12-13T18:42:50+0000"", ""thumbnails_generated"": 2}, {""id"": 76725002, ""alt"": [], ""src"": ""https://acdn-us.mitiendanube.com/stores/001/034/705/products/cnc11-42953339d492676b2815753957015646-1024-1024.jpg"", ""width"": 1147, ""height"": 1000, ""position"": 4, ""created_at"": ""2019-12-03T17:54:16+0000"", ""product_id"": 43813325, ""updated_at"": ""2022-12-13T18:42:50+0000"", ""thumbnails_generated"": 2}, {""id"": 76724998, ""alt"": [], ""src"": ""https://acdn-us.mitiendanube.com/stores/001/034/705/products/b7-pic-011-cefd1b3b6f3f65323515753957015275-1024-1024.jpg"", ""width"": 960, ""height"": 1897, ""position"": 5, ""created_at"": ""2019-12-03T17:54:13+0000"", ""product_id"": 43813325, ""updated_at"": ""2022-12-13T18:42:50+0000"", ""thumbnails_generated"": 2}, {""id"": 76725001, ""alt"": [], ""src"": ""https://acdn-us.mitiendanube.com/stores/001/034/705/products/b7-pic-021-428759e05f2b1640d515753957013343-1024-1024.jpg"", ""width"": 960, ""height"": 2339, ""position"": 6, ""created_at"": ""2019-12-03T17:54:15+0000"", ""product_id"": 43813325, ""updated_at"": ""2022-12-13T18:42:50+0000"", ""thumbnails_generated"": 2}]",true,2026-03-19 04:00:50.21289+00,2026-03-19 04:00:50.133+00
43813454,1034705,"{""pt"": ""Lâminas Sanlida MIRACLE X9""}","{""pt"":""laminas-sanlida-miracle-x9""}","[{""id"": 76725375, ""alt"": [], ""src"": ""https://acdn-us.mitiendanube.com/stores/001/034/705/products/x9-limbs021-e2cde07da02da827ac15753960138659-1024-1024.jpg"", ""width"": 1024, ""height"": 1024, ""position"": 1, ""created_at"": ""2019-12-03T17:59:47+0000"", ""product_id"": 43813454, ""updated_at"": ""2023-08-10T14:06:01+0000"", ""thumbnails_generated"": 2}, {""id"": 76725371, ""alt"": [], ""src"": ""https://acdn-us.mitiendanube.com/stores/001/034/705/products/x9-interface1-c52166cc2beb43f27615753960138766-1024-1024.jpg"", ""width"": 1147, ""height"": 1000, ""position"": 2, ""created_at"": ""2019-12-03T17:59:43+0000"", ""product_id"": 43813454, ""updated_at"": ""2023-08-10T14:06:01+0000"", ""thumbnails_generated"": 2}, {""id"": 76725373, ""alt"": [], ""src"": ""https://acdn-us.mitiendanube.com/stores/001/034/705/products/x9-limbs-011-c96680b37b8ca38a1e15753960136896-1024-1024.jpg"", ""width"": 1147, ""height"": 1000, ""position"": 3, ""created_at"": ""2019-12-03T17:59:45+0000"", ""product_id"": 43813454, ""updated_at"": ""2023-08-10T14:06:01+0000"", ""thumbnails_generated"": 2}, {""id"": 76725379, ""alt"": [], ""src"": ""https://acdn-us.mitiendanube.com/stores/001/034/705/products/x9-limbs031-828888401924e5b97e15753960136976-1024-1024.jpg"", ""width"": 1147, ""height"": 1000, ""position"": 4, ""created_at"": ""2019-12-03T17:59:48+0000"", ""product_id"": 43813454, ""updated_at"": ""2023-08-10T14:06:01+0000"", ""thumbnails_generated"": 2}, {""id"": 76725381, ""alt"": [], ""src"": ""https://acdn-us.mitiendanube.com/stores/001/034/705/products/x9-material1-6f9d8b50ed687d8d5415753960136893-1024-1024.jpg"", ""width"": 1147, ""height"": 1000, ""position"": 5, ""created_at"": ""2019-12-03T17:59:51+0000"", ""product_id"": 43813454, ""updated_at"": ""2023-08-10T14:06:01+0000"", ""thumbnails_generated"": 2}, {""id"": 76725382, ""alt"": [], ""src"": ""https://acdn-us.mitiendanube.com/stores/001/034/705/products/x9-tips1-4605a4cf08ad22acaf15753960137538-1024-1024.jpg"", ""width"": 1147, ""height"": 1000, ""position"": 6, ""created_at"": ""2019-12-03T17:59:53+0000"", ""product_id"": 43813454, ""updated_at"": ""2023-08-10T14:06:01+0000"", ""thumbnails_generated"": 2}]",true,2026-03-19 04:00:50.705501+00,2026-03-19 04:00:50.623+00
43816552,1034705,"{""pt"": ""Lâminas Sanlida MIRACLE X8""}","{""pt"":""laminas-sanlida-miracle-x8""}","[{""id"": 76732131, ""alt"": [], ""src"": ""https://acdn-us.mitiendanube.com/stores/001/034/705/products/x8-limbs-e3287da860278bc8a815754015824544-1024-1024.jpg"", ""width"": 1024, ""height"": 1024, ""position"": 1, ""created_at"": ""2019-12-03T19:31:12+0000"", ""product_id"": 43816552, ""updated_at"": ""2023-08-10T14:02:26+0000"", ""thumbnails_generated"": 2}, {""id"": 76732143, ""alt"": [], ""src"": ""https://acdn-us.mitiendanube.com/stores/001/034/705/products/interface-7c3b44e16ccb41ca0c15754015823561-1024-1024.jpg"", ""width"": 1147, ""height"": 1000, ""position"": 2, ""created_at"": ""2019-12-03T19:31:22+0000"", ""product_id"": 43816552, ""updated_at"": ""2023-08-10T14:02:27+0000"", ""thumbnails_generated"": 2}, {""id"": 76732145, ""alt"": [], ""src"": ""https://acdn-us.mitiendanube.com/stores/001/034/705/products/material-1e11cdf72be4b4a14c15754015823709-1024-1024.jpg"", ""width"": 1147, ""height"": 1000, ""position"": 3, ""created_at"": ""2019-12-03T19:31:24+0000"", ""product_id"": 43816552, ""updated_at"": ""2023-08-10T14:02:27+0000"", ""thumbnails_generated"": 2}, {""id"": 76732151, ""alt"": [], ""src"": ""https://acdn-us.mitiendanube.com/stores/001/034/705/products/tips-022f9b2a144c908fae15754015824919-1024-1024.jpg"", ""width"": 1147, ""height"": 1000, ""position"": 4, ""created_at"": ""2019-12-03T19:31:25+0000"", ""product_id"": 43816552, ""updated_at"": ""2023-08-10T14:02:27+0000"", ""thumbnails_generated"": 2}, {""id"": 76732156, ""alt"": [], ""src"": ""https://acdn-us.mitiendanube.com/stores/001/034/705/products/x8-limbs-031-06d09462cd11cc2f4615754015825784-1024-1024.jpg"", ""width"": 1147, ""height"": 1000, ""position"": 5, ""created_at"": ""2019-12-03T19:31:27+0000"", ""product_id"": 43816552, ""updated_at"": ""2023-08-10T14:02:27+0000"", ""thumbnails_generated"": 2}]",true,2026-03-19 04:00:51.430528+00,2026-03-19 04:00:51.35+00
43816876,1034705,"{""pt"": ""Arco Recurvo Escola (Magnésio) - Jandao""}","{""pt"":""arco-recurvo-escola-magnesio-jandao""}","[{""id"": 76733193, ""alt"": [], ""src"": ""https://acdn-us.mitiendanube.com/stores/001/034/705/products/005-142b6aaad01f766cbd15754023710215-1024-1024.jpg"", ""width"": 1024, ""height"": 1024, ""position"": 1, ""created_at"": ""2019-12-03T19:41:54+0000"", ""product_id"": 43816876, ""updated_at"": ""2023-06-01T01:41:40+0000"", ""thumbnails_generated"": 2}, {""id"": 76733249, ""alt"": [], ""src"": ""https://acdn-us.mitiendanube.com/stores/001/034/705/products/colors-34fecb1cd15bc53b2215754023714302-1024-1024.jpg"", ""width"": 2524, ""height"": 2201, ""position"": 2, ""created_at"": ""2019-12-03T19:42:27+0000"", ""product_id"": 43816876, ""updated_at"": ""2023-06-01T01:41:40+0000"", ""thumbnails_generated"": 2}, {""id"": 76733252, ""alt"": [], ""src"": ""https://acdn-us.mitiendanube.com/stores/001/034/705/products/grip2-62023ede70fd7faa4715754023710481-1024-1024.jpg"", ""width"": 1147, ""height"": 1000, ""position"": 3, ""created_at"": ""2019-12-03T19:42:29+0000"", ""product_id"": 43816876, ""updated_at"": ""2023-06-01T01:41:40+0000"", ""thumbnails_generated"": 2}, {""id"": 76733262, ""alt"": [], ""src"": ""https://acdn-us.mitiendanube.com/stores/001/034/705/products/sight-cff581a28a592a7d4715754023711980-1024-1024.jpg"", ""width"": 1147, ""height"": 1000, ""position"": 5, ""created_at"": ""2019-12-03T19:42:34+0000"", ""product_id"": 43816876, ""updated_at"": ""2023-06-01T01:41:40+0000"", ""thumbnails_generated"": 2}]",true,2026-03-19 04:00:52.077441+00,2026-03-19 04:00:51.985+00
43817633,1034705,"{""pt"": ""Estabilizador Longo Sanlida X10 18mm (Recurvo)""}","{""pt"":""estabilizador-longo-sanlida-miracle-x10-recurvo""}","[{""id"": 76735336, ""alt"": [], ""src"": ""https://acdn-us.mitiendanube.com/stores/001/034/705/products/x10-estabilizador-recurvo-longo-22-9819a5d310aed6441a15754042329114-1024-1024.jpg"", ""width"": 1024, ""height"": 1024, ""position"": 1, ""created_at"": ""2019-12-03T20:06:58+0000"", ""product_id"": 43817633, ""updated_at"": ""2023-02-13T01:08:17+0000"", ""thumbnails_generated"": 2}, {""id"": 76735337, ""alt"": [], ""src"": ""https://acdn-us.mitiendanube.com/stores/001/034/705/products/x10-estabilizador-recurvo-longo1-b6f57eb2475e62b73015754042328291-1024-1024.jpg"", ""width"": 1024, ""height"": 1024, ""position"": 2, ""created_at"": ""2019-12-03T20:07:00+0000"", ""product_id"": 43817633, ""updated_at"": ""2023-02-13T01:08:17+0000"", ""thumbnails_generated"": 2}, {""id"": 76736132, ""alt"": [], ""src"": ""https://acdn-us.mitiendanube.com/stores/001/034/705/products/x10-estabilizador-recurvo-longo-211-fd4bb94c8dc70366c415754042330096-1024-1024.jpg"", ""width"": 1024, ""height"": 1024, ""position"": 3, ""created_at"": ""2019-12-03T20:17:00+0000"", ""product_id"": 43817633, ""updated_at"": ""2023-02-13T01:08:17+0000"", ""thumbnails_generated"": 2}]",true,2026-03-19 04:00:52.720003+00,2026-03-19 04:00:52.639+00
43817844,1034705,"{""pt"": ""Estabilizador Lateral Sanlida MIRACLE X10 18mm (Recurvo)""}","{""pt"":""estabilizador-lateral-sanlida-miracle-x10-18mm-recurvo""}","[{""id"": 175348235, ""alt"": [], ""src"": ""https://acdn-us.mitiendanube.com/stores/001/034/705/products/lateral-x10-18mm1-a5be2b5c968be698eb16214393690670-1024-1024.jpg"", ""width"": 1024, ""height"": 1024, ""position"": 1, ""created_at"": ""2021-05-19T15:49:10+0000"", ""product_id"": 43817844, ""updated_at"": ""2023-02-13T00:59:18+0000"", ""thumbnails_generated"": 2}, {""id"": 76736548, ""alt"": [], ""src"": ""https://acdn-us.mitiendanube.com/stores/001/034/705/products/x10-estabilizador-recurvo-longo-31-c3712eaf5cc1c20cf815754046870680-1024-1024.jpg"", ""width"": 1024, ""height"": 1024, ""position"": 2, ""created_at"": ""2019-12-03T20:23:06+0000"", ""product_id"": 43817844, ""updated_at"": ""2023-02-13T00:59:18+0000"", ""thumbnails_generated"": 2}]",true,2026-03-19 04:00:53.203528+00,2026-03-19 04:00:53.117+00
43861015,1034705,"{""pt"": ""Extensor Sanlida X10""}","{""pt"":""extensor-sanlida-x10""}","[{""id"": 175357034, ""alt"": [], ""src"": ""https://acdn-us.mitiendanube.com/stores/001/034/705/products/extensor-x101-ce82d76d5670b12ead16214403393201-1024-1024.jpg"", ""width"": 1024, ""height"": 1024, ""position"": 2, ""created_at"": ""2021-05-19T16:05:32+0000"", ""product_id"": 43861015, ""updated_at"": ""2021-10-22T16:04:35+0000"", ""thumbnails_generated"": 2}]",true,2026-03-19 04:00:53.705701+00,2026-03-19 04:00:53.588+00
43861253,1034705,"{""pt"": ""V-Bar fixo x10 - Sanlida""}","{""pt"":""vbar-sanlida-x10""}","[{""id"": 76860426, ""alt"": [], ""src"": ""https://acdn-us.mitiendanube.com/stores/001/034/705/products/x10-recurve-extender11-dc6dcaa7e7b6008c6815755649021222-1024-1024.jpg"", ""width"": 1024, ""height"": 1024, ""position"": 1, ""created_at"": ""2019-12-05T16:53:06+0000"", ""product_id"": 43861253, ""updated_at"": ""2021-04-18T16:19:56+0000"", ""thumbnails_generated"": 2}, {""id"": 76860434, ""alt"": [], ""src"": ""https://acdn-us.mitiendanube.com/stores/001/034/705/products/img_34561-3d7de8cd339b7d931d15755649032934-1024-1024.jpg"", ""width"": 5184, ""height"": 3456, ""position"": 2, ""created_at"": ""2019-12-05T16:53:11+0000"", ""product_id"": 43861253, ""updated_at"": ""2021-04-18T16:19:56+0000"", ""thumbnails_generated"": 2}]",true,2026-03-19 04:00:54.185067+00,2026-03-19 04:00:54.105+00
43861509,1034705,"{""pt"": ""Clicker Sanlida X10""}","{""pt"":""clicker-sanlida-x10""}","[{""id"": 76860914, ""alt"": [], ""src"": ""https://acdn-us.mitiendanube.com/stores/001/034/705/products/x10-recurve-extender21-ee016a82fed781b9eb15755651569326-1024-1024.jpg"", ""width"": 1024, ""height"": 1024, ""position"": 1, ""created_at"": ""2019-12-05T16:56:52+0000"", ""product_id"": 43861509, ""updated_at"": ""2020-11-09T02:30:00+0000"", ""thumbnails_generated"": 2}, {""id"": 76860934, ""alt"": [], ""src"": ""https://acdn-us.mitiendanube.com/stores/001/034/705/products/img_68141-11a519c1e170bd6e6015755651583660-1024-1024.jpg"", ""width"": 5184, ""height"": 3456, ""position"": 2, ""created_at"": ""2019-12-05T16:57:02+0000"", ""product_id"": 43861509, ""updated_at"": ""2020-11-09T02:30:00+0000"", ""thumbnails_generated"": 2}, {""id"": 76860946, ""alt"": [], ""src"": ""https://acdn-us.mitiendanube.com/stores/001/034/705/products/ioaaec_011-24c3e7ec327992a8cc15755651585565-1024-1024.jpg"", ""width"": 5184, ""height"": 3456, ""position"": 3, ""created_at"": ""2019-12-05T16:57:07+0000"", ""product_id"": 43861509, ""updated_at"": ""2020-11-09T02:30:00+0000"", ""thumbnails_generated"": 2}]",true,2026-03-19 04:00:54.676082+00,2026-03-19 04:00:54.595+00
43861665,1034705,"{""pt"": ""Rest Magnético Sanlida X10""}","{""pt"":""rest-magnetico-sanlida-x10""}","[{""id"": 76861370, ""alt"": [], ""src"": ""https://acdn-us.mitiendanube.com/stores/001/034/705/products/makeup_20190408114203_save1-bbcd9aa7e81501a51f15755653396154-1024-1024.jpg"", ""width"": 1024, ""height"": 1024, ""position"": 1, ""created_at"": ""2019-12-05T17:00:46+0000"", ""product_id"": 43861665, ""updated_at"": ""2022-09-22T11:56:08+0000"", ""thumbnails_generated"": 2}, {""id"": 76861407, ""alt"": [], ""src"": ""https://acdn-us.mitiendanube.com/stores/001/034/705/products/1-e20ce4275b7c8e51c515755653399173-1024-1024.png"", ""width"": 1348, ""height"": 746, ""position"": 3, ""created_at"": ""2019-12-05T17:01:00+0000"", ""product_id"": 43861665, ""updated_at"": ""2022-09-22T11:56:08+0000"", ""thumbnails_generated"": 2}]",true,2026-03-19 04:00:55.141563+00,2026-03-19 04:00:55.052+00
43861930,1034705,"{""pt"": ""Estabilizador Longo Sanlida X9""}","{""pt"":""estabilizador-longo-sanlida-x9""}","[{""id"": 76862015, ""alt"": [], ""src"": ""https://acdn-us.mitiendanube.com/stores/001/034/705/products/image-0011-7c090fd7e63266bbd815755656686861-1024-1024.jpg"", ""width"": 1024, ""height"": 1024, ""position"": 1, ""created_at"": ""2019-12-05T17:06:35+0000"", ""product_id"": 43861930, ""updated_at"": ""2023-02-13T01:13:29+0000"", ""thumbnails_generated"": 2}]",true,2026-03-19 04:00:55.629468+00,2026-03-19 04:00:55.545+00
43862110,1034705,"{""pt"": ""Estabilizador Lateral Sanlida X9""}","{""pt"":""estabilizador-lateral-sanlida-x9""}","[{""id"": 175349276, ""alt"": [], ""src"": ""https://acdn-us.mitiendanube.com/stores/001/034/705/products/lateral-x911-e13ad844bcb1c2b85916214395342012-1024-1024.jpg"", ""width"": 1024, ""height"": 1024, ""position"": 2, ""created_at"": ""2021-05-19T15:52:09+0000"", ""product_id"": 43862110, ""updated_at"": ""2023-02-13T01:14:26+0000"", ""thumbnails_generated"": 2}]",true,2026-03-19 04:00:56.097587+00,2026-03-19 04:00:56.017+00
43864255,1034705,"{""pt"": ""Estabilizador Longo Sanlida X10 14mm""}","{""pt"":""estabilizador-sanlida-x10-14mm""}","[{""id"": 76863846, ""alt"": [], ""src"": ""https://acdn-us.mitiendanube.com/stores/001/034/705/products/x10-compound-stabilzer-14mm-long-rod1-5d9f6f9bccb04e97fa15755665022346-1024-1024.jpg"", ""width"": 1024, ""height"": 1024, ""position"": 1, ""created_at"": ""2019-12-05T17:20:10+0000"", ""product_id"": 43864255, ""updated_at"": ""2021-08-03T20:00:59+0000"", ""thumbnails_generated"": 2}]",true,2026-03-19 04:00:56.575882+00,2026-03-19 04:00:56.492+00
43864514,1034705,"{""pt"": ""Estabilizador Lateral Sanlida X10 14mm""}","{""pt"":""estabilizador-lateral-sanlida-x10-14mm""}","[{""id"": 175349881, ""alt"": [], ""src"": ""https://acdn-us.mitiendanube.com/stores/001/034/705/products/x10-compound-stabilzer-18mm-side-rod1-7be7a8449e1345f67c15755672036364-480-011-7bf25d49b9c666500316214396333192-1024-1024.jpg"", ""width"": 1024, ""height"": 1024, ""position"": 2, ""created_at"": ""2021-05-19T15:53:48+0000"", ""product_id"": 43864514, ""updated_at"": ""2021-05-19T15:54:03+0000"", ""thumbnails_generated"": 2}]",true,2026-03-19 04:00:57.052889+00,2026-03-19 04:00:56.964+00
43864586,1034705,"{""pt"": ""Estabilizador Longo Sanlida X10 18mm (Composto)""}","{""pt"":""estabilizador-longo-sanlida-x10-18mm-composto""}","[{""id"": 76864974, ""alt"": [], ""src"": ""https://acdn-us.mitiendanube.com/stores/001/034/705/products/x10-compound-stabilzer-18mm-long-rod1-ea3c489f6a93f7a86815755670546899-1024-1024.jpg"", ""width"": 1024, ""height"": 1024, ""position"": 1, ""created_at"": ""2019-12-05T17:29:39+0000"", ""product_id"": 43864586, ""updated_at"": ""2021-05-07T21:05:03+0000"", ""thumbnails_generated"": 2}, {""id"": 76864993, ""alt"": [], ""src"": ""https://acdn-us.mitiendanube.com/stores/001/034/705/products/img_73851-66321f7a241895230315755670565122-1024-1024.jpg"", ""width"": 5184, ""height"": 3456, ""position"": 2, ""created_at"": ""2019-12-05T17:29:50+0000"", ""product_id"": 43864586, ""updated_at"": ""2021-05-07T21:05:03+0000"", ""thumbnails_generated"": 2}, {""id"": 76864999, ""alt"": [], ""src"": ""https://acdn-us.mitiendanube.com/stores/001/034/705/products/img_73881-8d02bb6bd203e33dce15755670567268-1024-1024.jpg"", ""width"": 5184, ""height"": 3456, ""position"": 3, ""created_at"": ""2019-12-05T17:29:54+0000"", ""product_id"": 43864586, ""updated_at"": ""2021-05-07T21:05:03+0000"", ""thumbnails_generated"": 2}]",true,2026-03-19 04:00:57.566605+00,2026-03-19 04:00:57.478+00
43864654,1034705,"{""pt"": ""Estabilizador Lateral Sanlida X10 18mm (Composto)""}","{""pt"":""estabilizador-lateral-sanlida-x10-18mm-composto""}","[{""id"": 175348783, ""alt"": [], ""src"": ""https://acdn-us.mitiendanube.com/stores/001/034/705/products/x10-compound-stabilzer-18mm-side-rod1-7be7a8449e1345f67c15755672036364-480-01-7bf25d49b9c666500316214394569488-1024-1024.jpg"", ""width"": 1024, ""height"": 1024, ""position"": 1, ""created_at"": ""2021-05-19T15:50:46+0000"", ""product_id"": 43864654, ""updated_at"": ""2021-08-03T20:06:22+0000"", ""thumbnails_generated"": 2}, {""id"": 76865219, ""alt"": [], ""src"": ""https://acdn-us.mitiendanube.com/stores/001/034/705/products/x10-compound-stabilzer-18mm-side-rod-21-60df4346fd2088c8ce15755672033649-1024-1024.jpg"", ""width"": 400, ""height"": 330, ""position"": 2, ""created_at"": ""2019-12-05T17:32:26+0000"", ""product_id"": 43864654, ""updated_at"": ""2021-10-22T16:02:13+0000"", ""thumbnails_generated"": 2}, {""id"": 76865220, ""alt"": [], ""src"": ""https://acdn-us.mitiendanube.com/stores/001/034/705/products/x10-compound-stabilzer-18mm-side-rod-31-32ac524547ec57c15915755672035657-1024-1024.jpg"", ""width"": 400, ""height"": 330, ""position"": 3, ""created_at"": ""2019-12-05T17:32:28+0000"", ""product_id"": 43864654, ""updated_at"": ""2021-10-22T16:02:13+0000"", ""thumbnails_generated"": 2}]",true,2026-03-19 04:00:58.065044+00,2026-03-19 04:00:57.974+00
43864841,1034705,"{""pt"": ""V-Bar Sanlida Ajustável 1 Lado""}","{""pt"":""vbar-sanlida-ajustavel-1-lado""}","[{""id"": 164197458, ""alt"": [], ""src"": ""https://acdn-us.mitiendanube.com/stores/001/034/705/products/x10-compound-v-bar-with-quick-disconnect-one-side-preto11-238cb56cba65c0cb2816182370573183-1024-1024.jpg"", ""width"": 800, ""height"": 800, ""position"": 2, ""created_at"": ""2021-04-12T14:16:19+0000"", ""product_id"": 43864841, ""updated_at"": ""2021-04-12T14:19:07+0000"", ""thumbnails_generated"": 2}, {""id"": 164197647, ""alt"": [], ""src"": ""https://acdn-us.mitiendanube.com/stores/001/034/705/products/x10-compound-v-bar-with-quick-disconnect-one-side-preto-21-a7bc8620c43d33fb6516182370573205-1024-1024.jpg"", ""width"": 800, ""height"": 800, ""position"": 3, ""created_at"": ""2021-04-12T14:17:01+0000"", ""product_id"": 43864841, ""updated_at"": ""2021-04-12T14:19:07+0000"", ""thumbnails_generated"": 2}]",true,2026-03-19 04:00:58.56382+00,2026-03-19 04:00:58.48+00
43865170,1034705,"{""pt"": ""Protetor de braço x8 - Sanlida""}","{""pt"":""protetor-de-braco-x8-sanlida""}","[{""id"": 76866022, ""alt"": [], ""src"": ""https://acdn-us.mitiendanube.com/stores/001/034/705/products/image-00211-0b4e345a667d81dda215755677259806-1024-1024.jpg"", ""width"": 1024, ""height"": 1024, ""position"": 1, ""created_at"": ""2019-12-05T17:41:06+0000"", ""product_id"": 43865170, ""updated_at"": ""2021-08-03T02:48:47+0000"", ""thumbnails_generated"": 2}]",true,2026-03-19 04:00:59.081839+00,2026-03-19 04:00:59+00
43865350,1034705,"{""pt"": ""Rest X9 (Composto) - Sanlida""}","{""pt"":""rest-x9-composto-sanlida""}","[{""id"": 164181790, ""alt"": [], ""src"": ""https://acdn-us.mitiendanube.com/stores/001/034/705/products/x9-compound-arrow-rest-preto1-95e740fbcc9bfd82e916182333546341-1024-1024.jpg"", ""width"": 800, ""height"": 800, ""position"": 2, ""created_at"": ""2021-04-12T13:14:37+0000"", ""product_id"": 43865350, ""updated_at"": ""2026-03-08T19:19:46+0000"", ""thumbnails_generated"": 2}]",true,2026-03-19 04:00:59.553739+00,2026-03-19 04:00:59.475+00
61579707,1034705,"{""pt"": ""Alicate Annex para Nocking Point - Avalon""}","{""pt"":""alicate-annex-para-nocking-point-avalon""}","[{""id"": 115312457, ""alt"": [], ""src"": ""https://acdn-us.mitiendanube.com/stores/001/034/705/products/alicate-annex-avalon-21-f4b7bb9280c611883015986281142229-1024-1024.png"", ""width"": 2121, ""height"": 2721, ""position"": 1, ""created_at"": ""2020-08-28T15:20:52+0000"", ""product_id"": 61579707, ""updated_at"": ""2021-04-05T00:49:36+0000"", ""thumbnails_generated"": 2}, {""id"": 115312497, ""alt"": [], ""src"": ""https://acdn-us.mitiendanube.com/stores/001/034/705/products/alicate-annex-avalon-11-659afafb855bde214b15986281150029-1024-1024.png"", ""width"": 1711, ""height"": 3812, ""position"": 2, ""created_at"": ""2020-08-28T15:21:01+0000"", ""product_id"": 61579707, ""updated_at"": ""2021-04-05T00:49:36+0000"", ""thumbnails_generated"": 2}]",true,2026-03-19 04:01:00.035147+00,2026-03-19 04:00:59.951+00
61581560,1034705,"{""pt"": ""Alicate Avalon para D-Loop - Avalon""}","{""pt"":""alicate-avalon-para-d-loop-avalon""}","[{""id"": 127881429, ""alt"": [], ""src"": ""https://acdn-us.mitiendanube.com/stores/001/034/705/products/alicate-d-loop-31-ce79426fc20fa15b6016040215339737-1024-1024.jpg"", ""width"": 1024, ""height"": 1024, ""position"": 1, ""created_at"": ""2020-10-30T01:31:40+0000"", ""product_id"": 61581560, ""updated_at"": ""2021-04-05T00:49:00+0000"", ""thumbnails_generated"": 2}, {""id"": 127881421, ""alt"": [], ""src"": ""https://acdn-us.mitiendanube.com/stores/001/034/705/products/alicate-d-loop-21-d8de961f0d2824d2bc16040215341777-1024-1024.jpg"", ""width"": 1024, ""height"": 1024, ""position"": 2, ""created_at"": ""2020-10-30T01:31:38+0000"", ""product_id"": 61581560, ""updated_at"": ""2021-04-05T00:49:00+0000"", ""thumbnails_generated"": 2}, {""id"": 127881414, ""alt"": [], ""src"": ""https://acdn-us.mitiendanube.com/stores/001/034/705/products/alicate-d-loop-11-bbd2b26ead072bede716040215348287-1024-1024.jpg"", ""width"": 1024, ""height"": 1024, ""position"": 3, ""created_at"": ""2020-10-30T01:31:36+0000"", ""product_id"": 61581560, ""updated_at"": ""2021-04-05T00:49:00+0000"", ""thumbnails_generated"": 2}]",true,2026-03-19 04:01:00.544452+00,2026-03-19 04:01:00.457+00
61586061,1034705,"{""pt"": ""Aljava Avalon Classic""}","{""pt"":""aljava-avalon-classic""}","[{""id"": 788679117, ""alt"": [], ""src"": ""https://acdn-us.mitiendanube.com/stores/001/034/705/products/1-5853f18e897a399f8517347279580914-1024-1024.png"", ""width"": 1080, ""height"": 1080, ""position"": 1, ""created_at"": ""2024-12-20T20:52:39+0000"", ""product_id"": 61586061, ""updated_at"": ""2024-12-20T20:55:58+0000"", ""thumbnails_generated"": 2}, {""id"": 115323318, ""alt"": [], ""src"": ""https://acdn-us.mitiendanube.com/stores/001/034/705/products/cintos-cores-avalon1-6a0d013140a98e38ab15986307097642-1024-1024.png"", ""width"": 1024, ""height"": 1024, ""position"": 2, ""created_at"": ""2020-08-28T15:59:17+0000"", ""product_id"": 61586061, ""updated_at"": ""2023-08-08T01:50:23+0000"", ""thumbnails_generated"": 2}, {""id"": 788679114, ""alt"": [], ""src"": ""https://acdn-us.mitiendanube.com/stores/001/034/705/products/2-51a5293a53a439e6e017347279579970-1024-1024.png"", ""width"": 1080, ""height"": 1080, ""position"": 3, ""created_at"": ""2024-12-20T20:52:39+0000"", ""product_id"": 61586061, ""updated_at"": ""2024-12-20T20:55:58+0000"", ""thumbnails_generated"": 2}, {""id"": 788679118, ""alt"": [], ""src"": ""https://acdn-us.mitiendanube.com/stores/001/034/705/products/3-edd5c77031e21a386517347279579281-1024-1024.png"", ""width"": 1080, ""height"": 1080, ""position"": 4, ""created_at"": ""2024-12-20T20:52:39+0000"", ""product_id"": 61586061, ""updated_at"": ""2024-12-20T20:55:57+0000"", ""thumbnails_generated"": 2}, {""id"": 788679124, ""alt"": [], ""src"": ""https://acdn-us.mitiendanube.com/stores/001/034/705/products/4-5f6352a439f06f506e17347279582289-1024-1024.png"", ""width"": 1080, ""height"": 1080, ""position"": 5, ""created_at"": ""2024-12-20T20:52:39+0000"", ""product_id"": 61586061, ""updated_at"": ""2024-12-20T20:55:58+0000"", ""thumbnails_generated"": 2}, {""id"": 788679113, ""alt"": [], ""src"": ""https://acdn-us.mitiendanube.com/stores/001/034/705/products/5-8b55d7d753bd197dda17347279577074-1024-1024.png"", ""width"": 1080, ""height"": 1080, ""position"": 6, ""created_at"": ""2024-12-20T20:52:39+0000"", ""product_id"": 61586061, ""updated_at"": ""2024-12-20T20:55:57+0000"", ""thumbnails_generated"": 2}, {""id"": 788679109, ""alt"": [], ""src"": ""https://acdn-us.mitiendanube.com/stores/001/034/705/products/6-fc1d5830860528dc4217347279575234-1024-1024.png"", ""width"": 1080, ""height"": 1080, ""position"": 7, ""created_at"": ""2024-12-20T20:52:38+0000"", ""product_id"": 61586061, ""updated_at"": ""2024-12-20T20:55:59+0000"", ""thumbnails_generated"": 2}, {""id"": 788679111, ""alt"": [], ""src"": ""https://acdn-us.mitiendanube.com/stores/001/034/705/products/7-8525de6a1988bb45f217347279577237-1024-1024.png"", ""width"": 1080, ""height"": 1080, ""position"": 8, ""created_at"": ""2024-12-20T20:52:39+0000"", ""product_id"": 61586061, ""updated_at"": ""2024-12-20T20:55:57+0000"", ""thumbnails_generated"": 2}, {""id"": 788679122, ""alt"": [], ""src"": ""https://acdn-us.mitiendanube.com/stores/001/034/705/products/8-e1181ee8a9a36ea47b17347279579366-1024-1024.png"", ""width"": 1080, ""height"": 1080, ""position"": 9, ""created_at"": ""2024-12-20T20:52:39+0000"", ""product_id"": 61586061, ""updated_at"": ""2024-12-20T20:55:58+0000"", ""thumbnails_generated"": 2}, {""id"": 788679126, ""alt"": [], ""src"": ""https://acdn-us.mitiendanube.com/stores/001/034/705/products/9-b2868fd89cc13a82d717347279580264-1024-1024.png"", ""width"": 1080, ""height"": 1080, ""position"": 10, ""created_at"": ""2024-12-20T20:52:39+0000"", ""product_id"": 61586061, ""updated_at"": ""2024-12-20T20:56:00+0000"", ""thumbnails_generated"": 2}, {""id"": 788679125, ""alt"": [], ""src"": ""https://acdn-us.mitiendanube.com/stores/001/034/705/products/10-39a232bd38ac0d76c017347279580348-1024-1024.png"", ""width"": 1080, ""height"": 1080, ""position"": 11, ""created_at"": ""2024-12-20T20:52:39+0000"", ""product_id"": 61586061, ""updated_at"": ""2024-12-20T20:55:58+0000"", ""thumbnails_generated"": 2}, {""id"": 788679119, ""alt"": [], ""src"": ""https://acdn-us.mitiendanube.com/stores/001/034/705/products/11-02af4f2109d2848bb217347279577280-1024-1024.png"", ""width"": 1080, ""height"": 1080, ""position"": 12, ""created_at"": ""2024-12-20T20:52:39+0000"", ""product_id"": 61586061, ""updated_at"": ""2024-12-20T20:55:58+0000"", ""thumbnails_generated"": 2}, {""id"": 788679106, ""alt"": [], ""src"": ""https://acdn-us.mitiendanube.com/stores/001/034/705/products/12-9a27c2b785bf40ba8f17347279574842-1024-1024.png"", ""width"": 1080, ""height"": 1080, ""position"": 13, ""created_at"": ""2024-12-20T20:52:38+0000"", ""product_id"": 61586061, ""updated_at"": ""2024-12-20T20:56:00+0000"", ""thumbnails_generated"": 2}]",true,2026-03-19 04:01:01.033206+00,2026-03-19 04:01:00.94+00
61595163,1034705,"{""pt"": ""Aljava Avalon Tec One""}","{""pt"":""aljava-avalon-tec-one""}","[{""id"": 788692957, ""alt"": [], ""src"": ""https://acdn-us.mitiendanube.com/stores/001/034/705/products/1-217571147092e386da17347292133313-1024-1024.png"", ""width"": 1080, ""height"": 1080, ""position"": 2, ""created_at"": ""2024-12-20T21:13:34+0000"", ""product_id"": 61595163, ""updated_at"": ""2025-05-26T00:01:35+0000"", ""thumbnails_generated"": 2}, {""id"": 115345867, ""alt"": [], ""src"": ""https://acdn-us.mitiendanube.com/stores/001/034/705/products/aljavas-tec-one-cores-avalon-cintos1-01adbc66f5d174281015986359744613-1024-1024.png"", ""width"": 1024, ""height"": 1024, ""position"": 3, ""created_at"": ""2020-08-28T17:32:08+0000"", ""product_id"": 61595163, ""updated_at"": ""2025-05-26T00:01:35+0000"", ""thumbnails_generated"": 2}, {""id"": 788689820, ""alt"": [], ""src"": ""https://acdn-us.mitiendanube.com/stores/001/034/705/products/2-25209b4cb8b94990e717347289406978-1024-1024.png"", ""width"": 1080, ""height"": 1080, ""position"": 4, ""created_at"": ""2024-12-20T21:09:01+0000"", ""product_id"": 61595163, ""updated_at"": ""2025-05-26T00:01:35+0000"", ""thumbnails_generated"": 2}, {""id"": 788689804, ""alt"": [], ""src"": ""https://acdn-us.mitiendanube.com/stores/001/034/705/products/3-4c7b94a2143e5ce78e17347289401433-1024-1024.png"", ""width"": 1080, ""height"": 1080, ""position"": 5, ""created_at"": ""2024-12-20T21:09:01+0000"", ""product_id"": 61595163, ""updated_at"": ""2025-05-26T00:01:35+0000"", ""thumbnails_generated"": 2}, {""id"": 788689809, ""alt"": [], ""src"": ""https://acdn-us.mitiendanube.com/stores/001/034/705/products/4-65298d3cdadd13990717347289402777-1024-1024.png"", ""width"": 1080, ""height"": 1080, ""position"": 6, ""created_at"": ""2024-12-20T21:09:01+0000"", ""product_id"": 61595163, ""updated_at"": ""2025-05-26T00:01:35+0000"", ""thumbnails_generated"": 2}, {""id"": 788689808, ""alt"": [], ""src"": ""https://acdn-us.mitiendanube.com/stores/001/034/705/products/5-0c0d1428c3a4e059a817347289402859-1024-1024.png"", ""width"": 1080, ""height"": 1080, ""position"": 7, ""created_at"": ""2024-12-20T21:09:01+0000"", ""product_id"": 61595163, ""updated_at"": ""2025-05-26T00:01:35+0000"", ""thumbnails_generated"": 2}, {""id"": 788689825, ""alt"": [], ""src"": ""https://acdn-us.mitiendanube.com/stores/001/034/705/products/7-2e7066c95a6077668117347289408981-1024-1024.png"", ""width"": 1080, ""height"": 1080, ""position"": 8, ""created_at"": ""2024-12-20T21:09:02+0000"", ""product_id"": 61595163, ""updated_at"": ""2024-12-20T21:17:59+0000"", ""thumbnails_generated"": 2}, {""id"": 788689810, ""alt"": [], ""src"": ""https://acdn-us.mitiendanube.com/stores/001/034/705/products/8-af232486470c6d486717347289403657-1024-1024.png"", ""width"": 1080, ""height"": 1080, ""position"": 9, ""created_at"": ""2024-12-20T21:09:01+0000"", ""product_id"": 61595163, ""updated_at"": ""2024-12-20T21:18:00+0000"", ""thumbnails_generated"": 2}, {""id"": 788689807, ""alt"": [], ""src"": ""https://acdn-us.mitiendanube.com/stores/001/034/705/products/9-9971558886dc95da1417347289402576-1024-1024.png"", ""width"": 1080, ""height"": 1080, ""position"": 10, ""created_at"": ""2024-12-20T21:09:01+0000"", ""product_id"": 61595163, ""updated_at"": ""2024-12-20T21:17:58+0000"", ""thumbnails_generated"": 2}, {""id"": 788689816, ""alt"": [], ""src"": ""https://acdn-us.mitiendanube.com/stores/001/034/705/products/10-a09296be639e4407cf17347289403968-1024-1024.png"", ""width"": 1080, ""height"": 1080, ""position"": 11, ""created_at"": ""2024-12-20T21:09:01+0000"", ""product_id"": 61595163, ""updated_at"": ""2024-12-20T21:17:58+0000"", ""thumbnails_generated"": 2}, {""id"": 788689811, ""alt"": [], ""src"": ""https://acdn-us.mitiendanube.com/stores/001/034/705/products/11-8d270984b2606b388f17347289402467-1024-1024.png"", ""width"": 1080, ""height"": 1080, ""position"": 12, ""created_at"": ""2024-12-20T21:09:01+0000"", ""product_id"": 61595163, ""updated_at"": ""2024-12-20T21:17:58+0000"", ""thumbnails_generated"": 2}, {""id"": 788692960, ""alt"": [], ""src"": ""https://acdn-us.mitiendanube.com/stores/001/034/705/products/2-1d4a883f9c5c816cc817347292135301-1024-1024.png"", ""width"": 1080, ""height"": 1080, ""position"": 13, ""created_at"": ""2024-12-20T21:13:34+0000"", ""product_id"": 61595163, ""updated_at"": ""2024-12-20T21:17:59+0000"", ""thumbnails_generated"": 2}]",true,2026-03-19 04:01:01.548603+00,2026-03-19 04:01:01.443+00
61599567,1034705,"{""pt"": ""OUTDOOR - Alvo oficial WA 122cm - Avalon""}","{""pt"":""outdoor-alvo-oficial-wa-122cm-avalon""}","[{""id"": 115353551, ""alt"": [], ""src"": ""https://acdn-us.mitiendanube.com/stores/001/034/705/products/alvo-oficial-wa-122cm1-3385c0a6a873b11d9115986374878553-1024-1024.png"", ""width"": 1024, ""height"": 1024, ""position"": 1, ""created_at"": ""2020-08-28T17:54:03+0000"", ""product_id"": 61599567, ""updated_at"": ""2021-04-04T23:41:37+0000"", ""thumbnails_generated"": 2}]",true,2026-03-19 04:01:02.054387+00,2026-03-19 04:01:01.962+00
61600155,1034705,"{""pt"": ""INDOOR 18m - Alvo Oficial WA 40cm (10 unidades) - Avalon""}","{""pt"":""indoor-18m-alvo-oficial-wa-40cm-10-unidades-avalon""}","[{""id"": 115356370, ""alt"": [], ""src"": ""https://acdn-us.mitiendanube.com/stores/001/034/705/products/alvo-oficial-wa-40cm1-2dc19c1e59c6352de415986377332060-1024-1024.png"", ""width"": 1024, ""height"": 1024, ""position"": 1, ""created_at"": ""2020-08-28T18:02:05+0000"", ""product_id"": 61600155, ""updated_at"": ""2021-04-04T23:42:23+0000"", ""thumbnails_generated"": 2}]",true,2026-03-19 04:01:02.539633+00,2026-03-19 04:01:02.451+00
61600826,1034705,"{""pt"": ""OUTDOOR COMPOSTO - Alvo oficial WA 80cm (10 unidades) - Avalon""}","{""pt"":""outdoor-composto-alvo-oficial-wa-80cm-10-unidades-avalon""}","[{""id"": 115357872, ""alt"": [], ""src"": ""https://acdn-us.mitiendanube.com/stores/001/034/705/products/alvo-oficial-wa-80cm1-7424eb5bc0c1957dd015986379903347-1024-1024.png"", ""width"": 1024, ""height"": 1024, ""position"": 1, ""created_at"": ""2020-08-28T18:05:35+0000"", ""product_id"": 61600826, ""updated_at"": ""2021-04-04T23:41:16+0000"", ""thumbnails_generated"": 2}]",true,2026-03-19 04:01:03.047801+00,2026-03-19 04:01:02.958+00
61601542,1034705,"{""pt"": ""INDOOR 18m - Alvo Oficial WA Triplo 40cm (10 unidades) - Avalon""}","{""pt"":""indoor-18m-alvo-oficial-wa-triplo-40cm-10-unidades-avalon""}","[{""id"": 115359692, ""alt"": [], ""src"": ""https://acdn-us.mitiendanube.com/stores/001/034/705/products/alvo-oficial-wa-triplo-40cm1-86c26ce4120f48cda715986383850740-1024-1024.png"", ""width"": 1024, ""height"": 1024, ""position"": 1, ""created_at"": ""2020-08-28T18:11:43+0000"", ""product_id"": 61601542, ""updated_at"": ""2021-04-04T23:51:53+0000"", ""thumbnails_generated"": 2}]",true,2026-03-19 04:01:03.576471+00,2026-03-19 04:01:03.483+00
61601758,1034705,"{""pt"": ""INDOOR 18m - Alvo oficial WA Vegas Shoot (10 unidades) - Avalon""}","{""pt"":""indoor-18m-alvo-oficial-wa-vegas-shoot-10-unidades-avalon""}","[{""id"": 115360425, ""alt"": [], ""src"": ""https://acdn-us.mitiendanube.com/stores/001/034/705/products/alvo-oficial-wa-vegas-shoot1-04b9f2a5e8b64b923a15986385076524-1024-1024.png"", ""width"": 1024, ""height"": 1024, ""position"": 1, ""created_at"": ""2020-08-28T18:14:15+0000"", ""product_id"": 61601758, ""updated_at"": ""2021-04-04T23:52:25+0000"", ""thumbnails_generated"": 2}]",true,2026-03-19 04:01:04.074211+00,2026-03-19 04:01:03.965+00
61603088,1034705,"{""pt"": ""Tripé Magnético para arco recurvo - Avalon Tyro""}","{""pt"":""tripe-magnetico-para-arco-recurvo-avalon-tyro""}","[{""id"": 115363013, ""alt"": [], ""src"": ""https://acdn-us.mitiendanube.com/stores/001/034/705/products/apoios-avalon-cores1-42808c57d770e7c3f415986391121750-1024-1024.png"", ""width"": 1024, ""height"": 1024, ""position"": 1, ""created_at"": ""2020-08-28T18:22:50+0000"", ""product_id"": 61603088, ""updated_at"": ""2021-01-16T23:34:08+0000"", ""thumbnails_generated"": 2}, {""id"": 115363055, ""alt"": [], ""src"": ""https://acdn-us.mitiendanube.com/stores/001/034/705/products/aaa_40451-9ec691323cc1a8fa0915986391120072-1024-1024.png"", ""width"": 1200, ""height"": 1200, ""position"": 2, ""created_at"": ""2020-08-28T18:22:58+0000"", ""product_id"": 61603088, ""updated_at"": ""2021-01-16T23:34:08+0000"", ""thumbnails_generated"": 2}, {""id"": 115363065, ""alt"": [], ""src"": ""https://acdn-us.mitiendanube.com/stores/001/034/705/products/aaa_44591-73e5f67be500ede59215986391120437-1024-1024.png"", ""width"": 1200, ""height"": 1200, ""position"": 3, ""created_at"": ""2020-08-28T18:23:00+0000"", ""product_id"": 61603088, ""updated_at"": ""2021-01-16T23:34:08+0000"", ""thumbnails_generated"": 2}, {""id"": 115363071, ""alt"": [], ""src"": ""https://acdn-us.mitiendanube.com/stores/001/034/705/products/aaa_44611-1bc05a05b1bff0c37f15986391122393-1024-1024.png"", ""width"": 1200, ""height"": 1200, ""position"": 4, ""created_at"": ""2020-08-28T18:23:02+0000"", ""product_id"": 61603088, ""updated_at"": ""2021-01-16T23:34:08+0000"", ""thumbnails_generated"": 2}, {""id"": 115363079, ""alt"": [], ""src"": ""https://acdn-us.mitiendanube.com/stores/001/034/705/products/aaa_40441-4d7e95faf84cab3f8215986391121957-1024-1024.png"", ""width"": 1200, ""height"": 1200, ""position"": 5, ""created_at"": ""2020-08-28T18:23:03+0000"", ""product_id"": 61603088, ""updated_at"": ""2021-01-16T23:34:08+0000"", ""thumbnails_generated"": 2}]",true,2026-03-19 04:01:04.58776+00,2026-03-19 04:01:04.496+00
61603623,1034705,"{""pt"": ""Encordoador para arco recurvo - Avalon""}","{""pt"":""encordoador-para-arco-recurvo-avalon""}","[{""id"": 115364958, ""alt"": [], ""src"": ""https://acdn-us.mitiendanube.com/stores/001/034/705/products/armador-para-recurvos1-ab0d2ad23f5624747715986394034616-1024-1024.png"", ""width"": 1024, ""height"": 1024, ""position"": 1, ""created_at"": ""2020-08-28T18:29:34+0000"", ""product_id"": 61603623, ""updated_at"": ""2021-04-12T13:21:36+0000"", ""thumbnails_generated"": 2}]",true,2026-03-19 04:01:05.069041+00,2026-03-19 04:01:04.985+00
61604697,1034705,"{""pt"": ""Suporte para Arco Composto Avalon - rack bipé""}","{""pt"":""suporte-para-arco-composto-avalon-rack-bipe""}","[{""id"": 115366523, ""alt"": [], ""src"": ""https://acdn-us.mitiendanube.com/stores/001/034/705/products/bow-stand1-a6ae84ed586bb2692315986397398469-1024-1024.png"", ""width"": 1024, ""height"": 1024, ""position"": 1, ""created_at"": ""2020-08-28T18:34:01+0000"", ""product_id"": 61604697, ""updated_at"": ""2023-03-08T13:41:32+0000"", ""thumbnails_generated"": 2}, {""id"": 115366540, ""alt"": [], ""src"": ""https://acdn-us.mitiendanube.com/stores/001/034/705/products/bow-stand21-948a3d3ca872ae717315986397398505-1024-1024.png"", ""width"": 1024, ""height"": 1024, ""position"": 2, ""created_at"": ""2020-08-28T18:34:03+0000"", ""product_id"": 61604697, ""updated_at"": ""2023-03-08T13:41:32+0000"", ""thumbnails_generated"": 2}]",true,2026-03-19 04:01:05.569429+00,2026-03-19 04:01:05.475+00
61606409,1034705,"{""pt"": ""Bolso para aljava Tec X""}","{""pt"":""bolso-para-aljava-tec-x""}","[{""id"": 115370079, ""alt"": [], ""src"": ""https://acdn-us.mitiendanube.com/stores/001/034/705/products/bolso-aljava1-215ccd35d17931537215986404614026-1024-1024.png"", ""width"": 1024, ""height"": 1024, ""position"": 1, ""created_at"": ""2020-08-28T18:46:09+0000"", ""product_id"": 61606409, ""updated_at"": ""2021-08-02T23:37:20+0000"", ""thumbnails_generated"": 2}]",true,2026-03-19 04:01:06.082689+00,2026-03-19 04:01:05.989+00
61610203,1034705,"{""pt"": ""Bow Press Portátil Avalon""}","{""pt"":""bow-press-portatil-avalon""}","[{""id"": 115379403, ""alt"": [], ""src"": ""https://acdn-us.mitiendanube.com/stores/001/034/705/products/bow-press21-450f03921bf41bec0d15986419574633-1024-1024.png"", ""width"": 1024, ""height"": 1024, ""position"": 1, ""created_at"": ""2020-08-28T19:12:18+0000"", ""product_id"": 61610203, ""updated_at"": ""2022-12-22T20:45:04+0000"", ""thumbnails_generated"": 2}, {""id"": 115379425, ""alt"": [], ""src"": ""https://acdn-us.mitiendanube.com/stores/001/034/705/products/bow-press31-85508565240e99a2b815986419576992-1024-1024.png"", ""width"": 1024, ""height"": 1024, ""position"": 2, ""created_at"": ""2020-08-28T19:12:21+0000"", ""product_id"": 61610203, ""updated_at"": ""2022-12-22T20:45:04+0000"", ""thumbnails_generated"": 2}, {""id"": 115379439, ""alt"": [], ""src"": ""https://acdn-us.mitiendanube.com/stores/001/034/705/products/bow-press41-9ae1f5aa336c12db1015986419574537-1024-1024.png"", ""width"": 1024, ""height"": 1024, ""position"": 3, ""created_at"": ""2020-08-28T19:12:23+0000"", ""product_id"": 61610203, ""updated_at"": ""2022-12-22T20:45:04+0000"", ""thumbnails_generated"": 2}, {""id"": 115379458, ""alt"": [], ""src"": ""https://acdn-us.mitiendanube.com/stores/001/034/705/products/bow-press1-64ffc5ba601723373c15986419576452-1024-1024.png"", ""width"": 1024, ""height"": 1024, ""position"": 4, ""created_at"": ""2020-08-28T19:12:25+0000"", ""product_id"": 61610203, ""updated_at"": ""2022-12-22T20:45:04+0000"", ""thumbnails_generated"": 2}]",true,2026-03-19 04:01:06.588929+00,2026-03-19 04:01:06.49+00
61617091,1034705,"{""pt"": ""Button Avalon Tyro""}","{""pt"":""button-avalon-tyro""}","[{""id"": 115392330, ""alt"": [], ""src"": ""https://acdn-us.mitiendanube.com/stores/001/034/705/products/butons1-981af9b9bbab45acce15986445207422-1024-1024.png"", ""width"": 1024, ""height"": 1024, ""position"": 1, ""created_at"": ""2020-08-28T19:52:35+0000"", ""product_id"": 61617091, ""updated_at"": ""2021-05-07T21:13:04+0000"", ""thumbnails_generated"": 2}, {""id"": 115392242, ""alt"": [], ""src"": ""https://acdn-us.mitiendanube.com/stores/001/034/705/products/aaa_49101-46e8d723e36b651a3d15986445206720-1024-1024.png"", ""width"": 1200, ""height"": 1200, ""position"": 2, ""created_at"": ""2020-08-28T19:52:19+0000"", ""product_id"": 61617091, ""updated_at"": ""2021-05-07T21:13:04+0000"", ""thumbnails_generated"": 2}, {""id"": 115392254, ""alt"": [], ""src"": ""https://acdn-us.mitiendanube.com/stores/001/034/705/products/aaa_49111-c6a06577b6bc8048c515986445206923-1024-1024.png"", ""width"": 1200, ""height"": 1200, ""position"": 3, ""created_at"": ""2020-08-28T19:52:22+0000"", ""product_id"": 61617091, ""updated_at"": ""2021-05-07T21:13:04+0000"", ""thumbnails_generated"": 2}, {""id"": 115392266, ""alt"": [], ""src"": ""https://acdn-us.mitiendanube.com/stores/001/034/705/products/aaa_49121-fd01afa672cf75853a15986445209764-1024-1024.png"", ""width"": 1200, ""height"": 1200, ""position"": 4, ""created_at"": ""2020-08-28T19:52:23+0000"", ""product_id"": 61617091, ""updated_at"": ""2021-05-07T21:13:04+0000"", ""thumbnails_generated"": 2}, {""id"": 115392280, ""alt"": [], ""src"": ""https://acdn-us.mitiendanube.com/stores/001/034/705/products/aaa_49131-18eda735b0d99b1ed815986445215016-1024-1024.png"", ""width"": 1200, ""height"": 1200, ""position"": 5, ""created_at"": ""2020-08-28T19:52:25+0000"", ""product_id"": 61617091, ""updated_at"": ""2021-05-07T21:13:04+0000"", ""thumbnails_generated"": 2}, {""id"": 115392296, ""alt"": [], ""src"": ""https://acdn-us.mitiendanube.com/stores/001/034/705/products/aaa_49141-b6c99215290ea2c06a15986445215081-1024-1024.png"", ""width"": 1200, ""height"": 1200, ""position"": 6, ""created_at"": ""2020-08-28T19:52:27+0000"", ""product_id"": 61617091, ""updated_at"": ""2021-05-07T21:13:04+0000"", ""thumbnails_generated"": 2}, {""id"": 115392302, ""alt"": [], ""src"": ""https://acdn-us.mitiendanube.com/stores/001/034/705/products/aaa_56521-459bd4a7f345853c6a15986445215798-1024-1024.png"", ""width"": 1200, ""height"": 1200, ""position"": 7, ""created_at"": ""2020-08-28T19:52:29+0000"", ""product_id"": 61617091, ""updated_at"": ""2021-05-07T21:13:04+0000"", ""thumbnails_generated"": 2}, {""id"": 115392314, ""alt"": [], ""src"": ""https://acdn-us.mitiendanube.com/stores/001/034/705/products/aaa_56531-86610f83fe7e886a0c15986445214937-1024-1024.png"", ""width"": 1200, ""height"": 1200, ""position"": 8, ""created_at"": ""2020-08-28T19:52:31+0000"", ""product_id"": 61617091, ""updated_at"": ""2021-05-07T21:13:04+0000"", ""thumbnails_generated"": 2}, {""id"": 115392321, ""alt"": [], ""src"": ""https://acdn-us.mitiendanube.com/stores/001/034/705/products/aaa_56541-52f5c7171b111c716415986445215524-1024-1024.png"", ""width"": 1200, ""height"": 1200, ""position"": 9, ""created_at"": ""2020-08-28T19:52:33+0000"", ""product_id"": 61617091, ""updated_at"": ""2021-05-07T21:13:04+0000"", ""thumbnails_generated"": 2}, {""id"": 115392347, ""alt"": [], ""src"": ""https://acdn-us.mitiendanube.com/stores/001/034/705/products/aaa_49091-32a97d80653c38cb6c15986445216441-1024-1024.png"", ""width"": 1200, ""height"": 1200, ""position"": 10, ""created_at"": ""2020-08-28T19:52:37+0000"", ""product_id"": 61617091, ""updated_at"": ""2021-05-07T21:13:04+0000"", ""thumbnails_generated"": 2}]",true,2026-03-19 04:01:07.061724+00,2026-03-19 04:01:06.979+00
61619184,1034705,"{""pt"": ""Capa Protetora de Cam Avalon""}","{""pt"":""capa-protetora-de-cam-avalon""}","[{""id"": 115397671, ""alt"": [], ""src"": ""https://acdn-us.mitiendanube.com/stores/001/034/705/products/capa-protetora-de-cam1-3e3bf5e2914146448e15986454714979-1024-1024.png"", ""width"": 1024, ""height"": 1024, ""position"": 1, ""created_at"": ""2020-08-28T20:10:05+0000"", ""product_id"": 61619184, ""updated_at"": ""2020-10-26T19:28:54+0000"", ""thumbnails_generated"": 2}]",true,2026-03-19 04:01:07.575266+00,2026-03-19 04:01:07.486+00
61663344,1034705,"{""pt"": ""Capa Protetora Avalon para Estabilizador Lateral""}","{""pt"":""capa-protetora-avalon-para-estabilizador-lateral""}","[{""id"": 115485952, ""alt"": [], ""src"": ""https://acdn-us.mitiendanube.com/stores/001/034/705/products/capa-protetora-de-estabilizador1-73dab7b1033e99ad9415987093878590-1024-1024.png"", ""width"": 1024, ""height"": 1024, ""position"": 1, ""created_at"": ""2020-08-29T13:55:12+0000"", ""product_id"": 61663344, ""updated_at"": ""2020-10-26T19:30:41+0000"", ""thumbnails_generated"": 2}]",true,2026-03-19 04:01:08.051496+00,2026-03-19 04:01:07.959+00
61663735,1034705,"{""pt"": ""Capa protetora Avalon para Estabilizador Longo""}","{""pt"":""capa-protetora-avalon-para-estabilizador-longo""}","[{""id"": 115486421, ""alt"": [], ""src"": ""https://acdn-us.mitiendanube.com/stores/001/034/705/products/capa-protetora-de-estabilizador-longo1-272e1e0fb6baf6e74615987095548576-1024-1024.png"", ""width"": 1024, ""height"": 1024, ""position"": 1, ""created_at"": ""2020-08-29T13:58:29+0000"", ""product_id"": 61663735, ""updated_at"": ""2020-10-26T19:31:43+0000"", ""thumbnails_generated"": 2}]",true,2026-03-19 04:01:08.548505+00,2026-03-19 04:01:08.461+00
61663957,1034705,"{""pt"": ""Clicker Magnético Avalon Classic""}","{""pt"":""clicker-magnetico-avalon-classic""}","[{""id"": 115487110, ""alt"": [], ""src"": ""https://acdn-us.mitiendanube.com/stores/001/034/705/products/clicker-magnetico1-ee4045987a1aeb825d15987097604399-1024-1024.png"", ""width"": 1024, ""height"": 1024, ""position"": 1, ""created_at"": ""2020-08-29T14:01:51+0000"", ""product_id"": 61663957, ""updated_at"": ""2020-10-26T19:33:06+0000"", ""thumbnails_generated"": 2}]",true,2026-03-19 04:01:09.018016+00,2026-03-19 04:01:08.935+00
61664224,1034705,"{""pt"": ""Clicker Magnético Avalon Classic (Mira)""}","{""pt"":""clicker-magnetico-avalon-classic-mira""}","[{""id"": 115487921, ""alt"": [], ""src"": ""https://acdn-us.mitiendanube.com/stores/001/034/705/products/clicker-ambidestro1-826bbb1a10fc0f53b115987100692143-1024-1024.png"", ""width"": 1024, ""height"": 1024, ""position"": 1, ""created_at"": ""2020-08-29T14:07:07+0000"", ""product_id"": 61664224, ""updated_at"": ""2021-04-04T23:59:27+0000"", ""thumbnails_generated"": 2}]",true,2026-03-19 04:01:09.500683+00,2026-03-19 04:01:09.409+00
61902503,1034705,"{""pt"": ""Damper Modular TecX - Avalon""}","{""pt"":""damper-modular-tecx-avalon""}","[{""id"": 116013882, ""alt"": [], ""src"": ""https://acdn-us.mitiendanube.com/stores/001/034/705/products/dumper11-ac4ba89a6289f92f1d15989783062811-1024-1024.png"", ""width"": 1024, ""height"": 1024, ""position"": 1, ""created_at"": ""2020-09-01T15:59:16+0000"", ""product_id"": 61902503, ""updated_at"": ""2021-05-07T21:13:25+0000"", ""thumbnails_generated"": 2}, {""id"": 116013892, ""alt"": [], ""src"": ""https://acdn-us.mitiendanube.com/stores/001/034/705/products/jil_25431-4eaf0b2c70bc3b672a15989783062466-1024-1024.png"", ""width"": 1200, ""height"": 1200, ""position"": 2, ""created_at"": ""2020-09-01T15:59:19+0000"", ""product_id"": 61902503, ""updated_at"": ""2021-05-07T21:13:25+0000"", ""thumbnails_generated"": 2}, {""id"": 116013897, ""alt"": [], ""src"": ""https://acdn-us.mitiendanube.com/stores/001/034/705/products/jil_25451-d755b4a5ae80492ab315989783059469-1024-1024.png"", ""width"": 1200, ""height"": 1200, ""position"": 3, ""created_at"": ""2020-09-01T15:59:21+0000"", ""product_id"": 61902503, ""updated_at"": ""2021-05-07T21:13:25+0000"", ""thumbnails_generated"": 2}, {""id"": 116013910, ""alt"": [], ""src"": ""https://acdn-us.mitiendanube.com/stores/001/034/705/products/jil_25511-b96eee7f457b3b060f15989783061110-1024-1024.png"", ""width"": 1200, ""height"": 1200, ""position"": 4, ""created_at"": ""2020-09-01T15:59:23+0000"", ""product_id"": 61902503, ""updated_at"": ""2021-05-07T21:13:25+0000"", ""thumbnails_generated"": 2}, {""id"": 116013919, ""alt"": [], ""src"": ""https://acdn-us.mitiendanube.com/stores/001/034/705/products/jil_57121-bf4175fa6cc442effe15989783063075-1024-1024.png"", ""width"": 1200, ""height"": 1200, ""position"": 5, ""created_at"": ""2020-09-01T15:59:25+0000"", ""product_id"": 61902503, ""updated_at"": ""2021-05-07T21:13:25+0000"", ""thumbnails_generated"": 2}, {""id"": 116013928, ""alt"": [], ""src"": ""https://acdn-us.mitiendanube.com/stores/001/034/705/products/jil_57131-25acce1e72d9ad6e8315989783063833-1024-1024.png"", ""width"": 1200, ""height"": 1200, ""position"": 6, ""created_at"": ""2020-09-01T15:59:27+0000"", ""product_id"": 61902503, ""updated_at"": ""2021-05-07T21:13:25+0000"", ""thumbnails_generated"": 2}, {""id"": 116013944, ""alt"": [], ""src"": ""https://acdn-us.mitiendanube.com/stores/001/034/705/products/jil_57141-b2bf49f5a2129da24815989783062109-1024-1024.png"", ""width"": 1200, ""height"": 1200, ""position"": 7, ""created_at"": ""2020-09-01T15:59:29+0000"", ""product_id"": 61902503, ""updated_at"": ""2021-05-07T21:13:25+0000"", ""thumbnails_generated"": 2}, {""id"": 116014504, ""alt"": [], ""src"": ""https://acdn-us.mitiendanube.com/stores/001/034/705/products/jil_25491-18ca9fd3d61f2ef4d615989783062318-1024-1024.png"", ""width"": 1200, ""height"": 1200, ""position"": 8, ""created_at"": ""2020-09-01T16:01:06+0000"", ""product_id"": 61902503, ""updated_at"": ""2021-05-07T21:13:25+0000"", ""thumbnails_generated"": 2}]",true,2026-03-19 04:01:10.049248+00,2026-03-19 04:01:09.958+00
63829493,1034705,"{""pt"": ""Dedeira Avalon Tec One""}","{""pt"":""dedeira-avalon-tec-one""}","[{""id"": 119723922, ""alt"": [], ""src"": ""https://acdn-us.mitiendanube.com/stores/001/034/705/products/jil_5298-41ceef8eb7ff46265116006260155257-1024-1024.png"", ""width"": 1200, ""height"": 1200, ""position"": 1, ""created_at"": ""2020-09-20T18:12:59+0000"", ""product_id"": 63829493, ""updated_at"": ""2023-02-13T00:35:56+0000"", ""thumbnails_generated"": 2}, {""id"": 119723924, ""alt"": [], ""src"": ""https://acdn-us.mitiendanube.com/stores/001/034/705/products/jil_5304-c80be39665c7cbbe3f16006260155500-1024-1024.png"", ""width"": 1200, ""height"": 1200, ""position"": 2, ""created_at"": ""2020-09-20T18:13:02+0000"", ""product_id"": 63829493, ""updated_at"": ""2023-02-13T00:35:56+0000"", ""thumbnails_generated"": 2}, {""id"": 119723929, ""alt"": [], ""src"": ""https://acdn-us.mitiendanube.com/stores/001/034/705/products/jil_5306-33d5778632e006f9bb16006260155813-1024-1024.png"", ""width"": 1200, ""height"": 1200, ""position"": 3, ""created_at"": ""2020-09-20T18:13:04+0000"", ""product_id"": 63829493, ""updated_at"": ""2023-02-13T00:35:56+0000"", ""thumbnails_generated"": 2}, {""id"": 119723933, ""alt"": [], ""src"": ""https://acdn-us.mitiendanube.com/stores/001/034/705/products/jil_5311-4ded440621c3e301d316006260156705-1024-1024.png"", ""width"": 1200, ""height"": 1200, ""position"": 4, ""created_at"": ""2020-09-20T18:13:06+0000"", ""product_id"": 63829493, ""updated_at"": ""2023-02-13T00:35:56+0000"", ""thumbnails_generated"": 2}, {""id"": 119723938, ""alt"": [], ""src"": ""https://acdn-us.mitiendanube.com/stores/001/034/705/products/jil_5312-61420a5f7540be4e1d16006260155803-1024-1024.png"", ""width"": 1200, ""height"": 1200, ""position"": 5, ""created_at"": ""2020-09-20T18:13:09+0000"", ""product_id"": 63829493, ""updated_at"": ""2023-02-13T00:35:56+0000"", ""thumbnails_generated"": 2}, {""id"": 119723942, ""alt"": [], ""src"": ""https://acdn-us.mitiendanube.com/stores/001/034/705/products/jil_5316-503b3cc56a7f14335f16006260157944-1024-1024.png"", ""width"": 1200, ""height"": 1200, ""position"": 6, ""created_at"": ""2020-09-20T18:13:11+0000"", ""product_id"": 63829493, ""updated_at"": ""2023-02-13T00:35:56+0000"", ""thumbnails_generated"": 2}, {""id"": 119723943, ""alt"": [], ""src"": ""https://acdn-us.mitiendanube.com/stores/001/034/705/products/jil_7167-9f29c006173ecadb5716006260157329-1024-1024.png"", ""width"": 1200, ""height"": 1200, ""position"": 7, ""created_at"": ""2020-09-20T18:13:13+0000"", ""product_id"": 63829493, ""updated_at"": ""2023-02-13T00:35:56+0000"", ""thumbnails_generated"": 2}, {""id"": 119723946, ""alt"": [], ""src"": ""https://acdn-us.mitiendanube.com/stores/001/034/705/products/jil_7169-50fbc05953fbfab3e116006260157614-1024-1024.png"", ""width"": 1200, ""height"": 1200, ""position"": 8, ""created_at"": ""2020-09-20T18:13:16+0000"", ""product_id"": 63829493, ""updated_at"": ""2023-02-13T00:35:56+0000"", ""thumbnails_generated"": 2}, {""id"": 119723951, ""alt"": [], ""src"": ""https://acdn-us.mitiendanube.com/stores/001/034/705/products/dedeira-tec-one-962246988ea29234a516006260157602-1024-1024.png"", ""width"": 1024, ""height"": 1024, ""position"": 9, ""created_at"": ""2020-09-20T18:13:18+0000"", ""product_id"": 63829493, ""updated_at"": ""2023-02-13T00:35:56+0000"", ""thumbnails_generated"": 2}]",true,2026-03-19 04:01:10.53486+00,2026-03-19 04:01:10.447+00
63829523,1034705,"{""pt"": ""Dedeira Avalon Tyro""}","{""pt"":""dedeira-avalon-tyro""}","[{""id"": 119725783, ""alt"": [], ""src"": ""https://acdn-us.mitiendanube.com/stores/001/034/705/products/tbb-a-sl820-810-front1-51a40a828490ae916116006267084566-1024-1024.png"", ""width"": 1200, ""height"": 1200, ""position"": 1, ""created_at"": ""2020-09-20T18:31:21+0000"", ""product_id"": 63829523, ""updated_at"": ""2021-08-26T12:38:13+0000"", ""thumbnails_generated"": 2}, {""id"": 119725788, ""alt"": [], ""src"": ""https://acdn-us.mitiendanube.com/stores/001/034/705/products/tbb-a-sl820-820-front1-320dca2460695694f716006267085757-1024-1024.png"", ""width"": 1200, ""height"": 1200, ""position"": 2, ""created_at"": ""2020-09-20T18:31:23+0000"", ""product_id"": 63829523, ""updated_at"": ""2021-08-26T12:38:13+0000"", ""thumbnails_generated"": 2}, {""id"": 119725792, ""alt"": [], ""src"": ""https://acdn-us.mitiendanube.com/stores/001/034/705/products/tbb-a-sl820-830-front1-403b93429780d5ff8316006267086281-1024-1024.png"", ""width"": 1200, ""height"": 1200, ""position"": 3, ""created_at"": ""2020-09-20T18:31:25+0000"", ""product_id"": 63829523, ""updated_at"": ""2021-08-26T12:38:13+0000"", ""thumbnails_generated"": 2}, {""id"": 119725793, ""alt"": [], ""src"": ""https://acdn-us.mitiendanube.com/stores/001/034/705/products/tbb-a-sl820-840-front1-498c6c472758c731c416006267086777-1024-1024.png"", ""width"": 1200, ""height"": 1200, ""position"": 4, ""created_at"": ""2020-09-20T18:31:27+0000"", ""product_id"": 63829523, ""updated_at"": ""2021-08-26T12:38:13+0000"", ""thumbnails_generated"": 2}, {""id"": 119725797, ""alt"": [], ""src"": ""https://acdn-us.mitiendanube.com/stores/001/034/705/products/tbb-a-sl820-800-front1-9646054f1184eaeca716006267088256-1024-1024.png"", ""width"": 1200, ""height"": 1200, ""position"": 5, ""created_at"": ""2020-09-20T18:31:29+0000"", ""product_id"": 63829523, ""updated_at"": ""2021-08-26T12:38:13+0000"", ""thumbnails_generated"": 2}, {""id"": 119725802, ""alt"": [], ""src"": ""https://acdn-us.mitiendanube.com/stores/001/034/705/products/tbb-a-sl820-840-back1-489e46e018633b256116006267087082-1024-1024.png"", ""width"": 1200, ""height"": 1200, ""position"": 6, ""created_at"": ""2020-09-20T18:31:31+0000"", ""product_id"": 63829523, ""updated_at"": ""2021-08-26T12:38:13+0000"", ""thumbnails_generated"": 2}, {""id"": 119725808, ""alt"": [], ""src"": ""https://acdn-us.mitiendanube.com/stores/001/034/705/products/tbb-a-sl820-800-back1-f8f7bb9008aaa07e3d16006267087327-1024-1024.png"", ""width"": 1200, ""height"": 1200, ""position"": 7, ""created_at"": ""2020-09-20T18:31:33+0000"", ""product_id"": 63829523, ""updated_at"": ""2021-08-26T12:38:13+0000"", ""thumbnails_generated"": 2}, {""id"": 119725817, ""alt"": [], ""src"": ""https://acdn-us.mitiendanube.com/stores/001/034/705/products/tbb-a-sl820-810-back1-53f24f69b58e8ca9a016006267087810-1024-1024.png"", ""width"": 1200, ""height"": 1200, ""position"": 8, ""created_at"": ""2020-09-20T18:31:35+0000"", ""product_id"": 63829523, ""updated_at"": ""2021-08-26T12:38:13+0000"", ""thumbnails_generated"": 2}, {""id"": 119725825, ""alt"": [], ""src"": ""https://acdn-us.mitiendanube.com/stores/001/034/705/products/tbb-a-sl820-820-back1-a532919db30a241db616006267087529-1024-1024.png"", ""width"": 1200, ""height"": 1200, ""position"": 9, ""created_at"": ""2020-09-20T18:31:37+0000"", ""product_id"": 63829523, ""updated_at"": ""2021-08-26T12:38:13+0000"", ""thumbnails_generated"": 2}, {""id"": 119725831, ""alt"": [], ""src"": ""https://acdn-us.mitiendanube.com/stores/001/034/705/products/tbb-a-sl820-830-back1-6862138ae8d64a47ec16006267087616-1024-1024.png"", ""width"": 1200, ""height"": 1200, ""position"": 10, ""created_at"": ""2020-09-20T18:31:39+0000"", ""product_id"": 63829523, ""updated_at"": ""2021-08-26T12:38:13+0000"", ""thumbnails_generated"": 2}]",true,2026-03-19 04:01:11.022126+00,2026-03-19 04:01:10.93+00
63830464,1034705,"{""pt"": ""Kit de Estabilização Completo Tyro A³- Avalon""}","{""pt"":""kit-de-estabilizacao-completo-tyro-a-avalon""}","[{""id"": 119727446, ""alt"": [], ""src"": ""https://acdn-us.mitiendanube.com/stores/001/034/705/products/skt-a-qt180-2810-bk1-52014748f2d57ac4cd16006275717513-1024-1024.png"", ""width"": 1200, ""height"": 1200, ""position"": 1, ""created_at"": ""2020-09-20T18:45:30+0000"", ""product_id"": 63830464, ""updated_at"": ""2023-08-06T21:00:17+0000"", ""thumbnails_generated"": 2}, {""id"": 119727454, ""alt"": [], ""src"": ""https://acdn-us.mitiendanube.com/stores/001/034/705/products/skt-a-qt180-2810-bl1-82217ddb49acd64dc616006275718784-1024-1024.png"", ""width"": 1200, ""height"": 1200, ""position"": 2, ""created_at"": ""2020-09-20T18:45:31+0000"", ""product_id"": 63830464, ""updated_at"": ""2023-08-06T21:00:17+0000"", ""thumbnails_generated"": 2}, {""id"": 119727456, ""alt"": [], ""src"": ""https://acdn-us.mitiendanube.com/stores/001/034/705/products/skt-a-qt180-2810-rd1-aad94e3e08ee5c652716006275720375-1024-1024.png"", ""width"": 1200, ""height"": 1200, ""position"": 3, ""created_at"": ""2020-09-20T18:45:33+0000"", ""product_id"": 63830464, ""updated_at"": ""2023-08-06T21:00:17+0000"", ""thumbnails_generated"": 2}, {""id"": 119727457, ""alt"": [], ""src"": ""https://acdn-us.mitiendanube.com/stores/001/034/705/products/jil_471811-9e355bad6a294c6bc716006275731901-1024-1024.png"", ""width"": 1200, ""height"": 1200, ""position"": 4, ""created_at"": ""2020-09-20T18:45:35+0000"", ""product_id"": 63830464, ""updated_at"": ""2023-08-06T21:00:17+0000"", ""thumbnails_generated"": 2}]",true,2026-03-19 04:01:11.520684+00,2026-03-19 04:01:11.43+00
63830724,1034705,"{""pt"": ""Estabilizador Longo Tyro - Avalon""}","{""pt"":""estabilizador-longo-tyro-avalon""}","[{""id"": 119728201, ""alt"": [], ""src"": ""https://acdn-us.mitiendanube.com/stores/001/034/705/products/tyro-longo1-fb11f5cf999ccfcb8d16006281582723-1024-1024.png"", ""width"": 1024, ""height"": 1024, ""position"": 1, ""created_at"": ""2020-09-20T18:53:20+0000"", ""product_id"": 63830724, ""updated_at"": ""2021-05-07T21:05:14+0000"", ""thumbnails_generated"": 2}]",true,2026-03-19 04:01:12.032096+00,2026-03-19 04:01:11.942+00
63832692,1034705,"{""pt"": ""Flecha Avalon Classic Completa - 12 unidades""}","{""pt"":""flecha-avalon-classic-completa-12-unidades""}","[{""id"": 119733408, ""alt"": [], ""src"": ""https://acdn-us.mitiendanube.com/stores/001/034/705/products/flecha-classic-completa-avalon1-e41130f50a8876cad016006306399370-1024-1024.png"", ""width"": 1024, ""height"": 1024, ""position"": 1, ""created_at"": ""2020-09-20T19:33:53+0000"", ""product_id"": 63832692, ""updated_at"": ""2023-05-10T14:36:13+0000"", ""thumbnails_generated"": 2}]",true,2026-03-19 04:01:12.505739+00,2026-03-19 04:01:12.426+00
66344692,1034705,"{""pt"": ""Lente para Scope Avalon Tec X 29mm""}","{""pt"":""lente-para-scope-avalon-tec-x-29mm""}","[{""id"": 125694368, ""alt"": [], ""src"": ""https://acdn-us.mitiendanube.com/stores/001/034/705/products/lente-2x-frente1-e6cc25e1238f3c612d16032295177946-1024-1024.jpg"", ""width"": 1024, ""height"": 1024, ""position"": 1, ""created_at"": ""2020-10-20T21:29:41+0000"", ""product_id"": 66344692, ""updated_at"": ""2021-04-07T13:55:51+0000"", ""thumbnails_generated"": 2}, {""id"": 125694374, ""alt"": [], ""src"": ""https://acdn-us.mitiendanube.com/stores/001/034/705/products/lente-4x-frente1-aa17ac22511fd9b24116032295178281-1024-1024.jpg"", ""width"": 1024, ""height"": 1024, ""position"": 2, ""created_at"": ""2020-10-20T21:29:42+0000"", ""product_id"": 66344692, ""updated_at"": ""2021-04-07T13:55:51+0000"", ""thumbnails_generated"": 2}, {""id"": 125694380, ""alt"": [], ""src"": ""https://acdn-us.mitiendanube.com/stores/001/034/705/products/lente-6x-frente1-5f8d6768f699cf122416032295180607-1024-1024.jpg"", ""width"": 1024, ""height"": 1024, ""position"": 3, ""created_at"": ""2020-10-20T21:29:44+0000"", ""product_id"": 66344692, ""updated_at"": ""2021-04-07T13:55:51+0000"", ""thumbnails_generated"": 2}, {""id"": 125694388, ""alt"": [], ""src"": ""https://acdn-us.mitiendanube.com/stores/001/034/705/products/lente-8xfrente1-7a9beb11dc10c3442916032295180754-1024-1024.jpg"", ""width"": 1024, ""height"": 1024, ""position"": 4, ""created_at"": ""2020-10-20T21:29:46+0000"", ""product_id"": 66344692, ""updated_at"": ""2021-04-07T13:55:51+0000"", ""thumbnails_generated"": 2}, {""id"": 125694363, ""alt"": [], ""src"": ""https://acdn-us.mitiendanube.com/stores/001/034/705/products/lente-2x-costas1-5f22064c46624c869516032295180795-1024-1024.jpg"", ""width"": 1024, ""height"": 1024, ""position"": 5, ""created_at"": ""2020-10-20T21:29:39+0000"", ""product_id"": 66344692, ""updated_at"": ""2021-04-07T13:55:51+0000"", ""thumbnails_generated"": 2}]",false,2026-03-19 04:01:13.023713+00,2026-03-19 04:01:12.94+00
66350528,1034705,"{""pt"": ""Mala Macia Classic 116cm (Composto) - Avalon""}","{""pt"":""mala-macia-classic-116cm-composto-avalon""}","[{""id"": 125711581, ""alt"": [], ""src"": ""https://acdn-us.mitiendanube.com/stores/001/034/705/products/case-composto-avalon-classic-preto1-7100b3212e537e0df616032335781691-1024-1024.jpg"", ""width"": 1024, ""height"": 1024, ""position"": 1, ""created_at"": ""2020-10-20T22:37:50+0000"", ""product_id"": 66350528, ""updated_at"": ""2021-12-29T14:45:19+0000"", ""thumbnails_generated"": 2}, {""id"": 125711575, ""alt"": [], ""src"": ""https://acdn-us.mitiendanube.com/stores/001/034/705/products/case-composto-avalon-classic-costas1-d1d7ab8971668f3bfa16032335793546-1024-1024.jpg"", ""width"": 1024, ""height"": 1024, ""position"": 2, ""created_at"": ""2020-10-20T22:37:48+0000"", ""product_id"": 66350528, ""updated_at"": ""2021-12-29T14:45:19+0000"", ""thumbnails_generated"": 2}, {""id"": 125711570, ""alt"": [], ""src"": ""https://acdn-us.mitiendanube.com/stores/001/034/705/products/case-composto-avalon-classic-cinza1-3386d839b50c732da316032335796339-1024-1024.jpg"", ""width"": 1024, ""height"": 1024, ""position"": 3, ""created_at"": ""2020-10-20T22:37:46+0000"", ""product_id"": 66350528, ""updated_at"": ""2021-12-29T14:45:19+0000"", ""thumbnails_generated"": 2}, {""id"": 125711607, ""alt"": [], ""src"": ""https://acdn-us.mitiendanube.com/stores/001/034/705/products/case-composto-avalon-classic-vermelho1-6ff7a19b7cab4f6e0f16032335797508-1024-1024.jpg"", ""width"": 1024, ""height"": 1024, ""position"": 4, ""created_at"": ""2020-10-20T22:37:56+0000"", ""product_id"": 66350528, ""updated_at"": ""2021-12-29T14:45:19+0000"", ""thumbnails_generated"": 2}, {""id"": 125711562, ""alt"": [], ""src"": ""https://acdn-us.mitiendanube.com/stores/001/034/705/products/case-composto-avalon-classic-azul1-6677d3342e54b2d8da16032335797165-1024-1024.jpg"", ""width"": 1024, ""height"": 1024, ""position"": 5, ""created_at"": ""2020-10-20T22:37:44+0000"", ""product_id"": 66350528, ""updated_at"": ""2021-12-29T14:45:19+0000"", ""thumbnails_generated"": 2}, {""id"": 125711588, ""alt"": [], ""src"": ""https://acdn-us.mitiendanube.com/stores/001/034/705/products/case-composto-avalon-classic-turquesa1-68a05c89d2f792aea216032335796247-1024-1024.jpg"", ""width"": 1024, ""height"": 1024, ""position"": 6, ""created_at"": ""2020-10-20T22:37:52+0000"", ""product_id"": 66350528, ""updated_at"": ""2021-12-29T14:45:19+0000"", ""thumbnails_generated"": 2}, {""id"": 125711595, ""alt"": [], ""src"": ""https://acdn-us.mitiendanube.com/stores/001/034/705/products/case-composto-avalon-classic-vermelho-escuro1-a3bcc4ed6dd30324ea16032335797020-1024-1024.jpg"", ""width"": 1024, ""height"": 1024, ""position"": 7, ""created_at"": ""2020-10-20T22:37:54+0000"", ""product_id"": 66350528, ""updated_at"": ""2021-12-29T14:45:19+0000"", ""thumbnails_generated"": 2}, {""id"": 125711551, ""alt"": [], ""src"": ""https://acdn-us.mitiendanube.com/stores/001/034/705/products/case-composto-avalon-classic-azul-escuro1-77e715e8934aaae55616032335796244-1024-1024.jpg"", ""width"": 1024, ""height"": 1024, ""position"": 8, ""created_at"": ""2020-10-20T22:37:43+0000"", ""product_id"": 66350528, ""updated_at"": ""2021-12-29T14:45:19+0000"", ""thumbnails_generated"": 2}]",true,2026-03-19 04:01:13.969629+00,2026-03-19 04:01:13.876+00
66386279,1034705,"{""pt"": ""Mira Avalon Tec-X (Composto)""}","{""pt"":""mira-avalon-tec-x-composto""}","[{""id"": 125818358, ""alt"": [], ""src"": ""https://acdn-us.mitiendanube.com/stores/001/034/705/products/mira-avalon-tec-x-composto-principal11-9599519dda53d7c40016032934419095-1024-1024.jpg"", ""width"": 1024, ""height"": 1024, ""position"": 1, ""created_at"": ""2020-10-21T15:17:10+0000"", ""product_id"": 66386279, ""updated_at"": ""2023-09-23T23:14:42+0000"", ""thumbnails_generated"": 2}, {""id"": 125791520, ""alt"": [], ""src"": ""https://acdn-us.mitiendanube.com/stores/001/034/705/products/mira-avalon-tec-x-composto-preto-11-c0ca7205ec50501ec016032879270799-1024-1024.jpg"", ""width"": 1024, ""height"": 1024, ""position"": 2, ""created_at"": ""2020-10-21T13:40:54+0000"", ""product_id"": 66386279, ""updated_at"": ""2023-09-23T23:14:42+0000"", ""thumbnails_generated"": 2}, {""id"": 125791571, ""alt"": [], ""src"": ""https://acdn-us.mitiendanube.com/stores/001/034/705/products/mira-avalon-tec-x-composto-preto-e-azul1-d12f9be800442e7fbd16032879272024-1024-1024.jpg"", ""width"": 1024, ""height"": 1024, ""position"": 3, ""created_at"": ""2020-10-21T13:41:06+0000"", ""product_id"": 66386279, ""updated_at"": ""2023-09-23T23:14:42+0000"", ""thumbnails_generated"": 2}, {""id"": 125791577, ""alt"": [], ""src"": ""https://acdn-us.mitiendanube.com/stores/001/034/705/products/mira-avalon-tec-x-composto-preto-e-laranja1-3ecddab3189509ae8016032879272257-1024-1024.jpg"", ""width"": 1024, ""height"": 1024, ""position"": 4, ""created_at"": ""2020-10-21T13:41:10+0000"", ""product_id"": 66386279, ""updated_at"": ""2023-09-23T23:14:42+0000"", ""thumbnails_generated"": 2}, {""id"": 125791590, ""alt"": [], ""src"": ""https://acdn-us.mitiendanube.com/stores/001/034/705/products/mira-avalon-tec-x-composto-preto-e-prata1-d18036632e586b7bf716032879272793-1024-1024.jpg"", ""width"": 1024, ""height"": 1024, ""position"": 5, ""created_at"": ""2020-10-21T13:41:12+0000"", ""product_id"": 66386279, ""updated_at"": ""2023-09-23T23:14:42+0000"", ""thumbnails_generated"": 2}, {""id"": 125791598, ""alt"": [], ""src"": ""https://acdn-us.mitiendanube.com/stores/001/034/705/products/mira-avalon-tec-x-composto-preto-e-roxo1-2e09fe6cd935342d7616032879272808-1024-1024.jpg"", ""width"": 1024, ""height"": 1024, ""position"": 6, ""created_at"": ""2020-10-21T13:41:16+0000"", ""product_id"": 66386279, ""updated_at"": ""2023-09-23T23:14:42+0000"", ""thumbnails_generated"": 2}, {""id"": 125791607, ""alt"": [], ""src"": ""https://acdn-us.mitiendanube.com/stores/001/034/705/products/mira-avalon-tec-x-composto-preto-e-verde1-82bdfab276bf89cb4b16032879273639-1024-1024.jpg"", ""width"": 1024, ""height"": 1024, ""position"": 7, ""created_at"": ""2020-10-21T13:41:19+0000"", ""product_id"": 66386279, ""updated_at"": ""2023-09-23T23:14:42+0000"", ""thumbnails_generated"": 2}, {""id"": 125791617, ""alt"": [], ""src"": ""https://acdn-us.mitiendanube.com/stores/001/034/705/products/mira-avalon-tec-x-composto-preto-e-vermelho1-a30fdd142900fdfbc616032879272401-1024-1024.jpg"", ""width"": 1024, ""height"": 1024, ""position"": 8, ""created_at"": ""2020-10-21T13:41:22+0000"", ""product_id"": 66386279, ""updated_at"": ""2023-09-23T23:14:42+0000"", ""thumbnails_generated"": 2}, {""id"": 125791662, ""alt"": [], ""src"": ""https://acdn-us.mitiendanube.com/stores/001/034/705/products/case-avalon-tec-x-composto1-9f77e2916638993dd416032879274360-1024-1024.jpg"", ""width"": 1024, ""height"": 1024, ""position"": 9, ""created_at"": ""2020-10-21T13:41:33+0000"", ""product_id"": 66386279, ""updated_at"": ""2023-09-23T23:14:42+0000"", ""thumbnails_generated"": 2}]",true,2026-03-19 04:01:14.437886+00,2026-03-19 04:01:14.357+00
66389470,1034705,"{""pt"": ""Mira Avalon Tec-X (Recurvo)""}","{""pt"":""mira-avalon-tec-x-recurvo""}","[{""id"": 126181846, ""alt"": [], ""src"": ""https://acdn-us.mitiendanube.com/stores/001/034/705/products/mira-avalon-tec-x-recurvo-principal11-1fe30eb085db87ba7816033998739022-1024-1024.jpg"", ""width"": 1024, ""height"": 1024, ""position"": 1, ""created_at"": ""2020-10-22T20:49:26+0000"", ""product_id"": 66389470, ""updated_at"": ""2022-08-10T14:32:51+0000"", ""thumbnails_generated"": 2}, {""id"": 126181785, ""alt"": [], ""src"": ""https://acdn-us.mitiendanube.com/stores/001/034/705/products/mira-avalon-tec-x-recurvo-preto-11-81fd99f168096b1e8a16033998743776-1024-1024.jpg"", ""width"": 1024, ""height"": 1024, ""position"": 2, ""created_at"": ""2020-10-22T20:49:12+0000"", ""product_id"": 66389470, ""updated_at"": ""2022-08-10T14:32:51+0000"", ""thumbnails_generated"": 2}, {""id"": 126181792, ""alt"": [], ""src"": ""https://acdn-us.mitiendanube.com/stores/001/034/705/products/mira-avalon-tec-x-recurvo-preto-e-azul1-1ba412508a0dc7779f16033998744445-1024-1024.jpg"", ""width"": 1024, ""height"": 1024, ""position"": 3, ""created_at"": ""2020-10-22T20:49:14+0000"", ""product_id"": 66389470, ""updated_at"": ""2022-08-10T14:32:51+0000"", ""thumbnails_generated"": 2}, {""id"": 126181806, ""alt"": [], ""src"": ""https://acdn-us.mitiendanube.com/stores/001/034/705/products/mira-avalon-tec-x-recurvo-preto-e-laranja1-c8ce0e174084efc4b916033998744703-1024-1024.jpg"", ""width"": 1024, ""height"": 1024, ""position"": 4, ""created_at"": ""2020-10-22T20:49:17+0000"", ""product_id"": 66389470, ""updated_at"": ""2022-08-10T14:32:51+0000"", ""thumbnails_generated"": 2}, {""id"": 126181798, ""alt"": [], ""src"": ""https://acdn-us.mitiendanube.com/stores/001/034/705/products/mira-avalon-tec-x-recurvo-preto-e-cinza1-d58682c290efa2bac816033998744371-1024-1024.jpg"", ""width"": 1024, ""height"": 1024, ""position"": 5, ""created_at"": ""2020-10-22T20:49:15+0000"", ""product_id"": 66389470, ""updated_at"": ""2022-08-10T14:32:51+0000"", ""thumbnails_generated"": 2}, {""id"": 126181818, ""alt"": [], ""src"": ""https://acdn-us.mitiendanube.com/stores/001/034/705/products/mira-avalon-tec-x-recurvo-preto-e-roxo1-dae3807fa8b190f91616033998744662-1024-1024.jpg"", ""width"": 1024, ""height"": 1024, ""position"": 6, ""created_at"": ""2020-10-22T20:49:19+0000"", ""product_id"": 66389470, ""updated_at"": ""2022-08-10T14:32:51+0000"", ""thumbnails_generated"": 2}, {""id"": 126181827, ""alt"": [], ""src"": ""https://acdn-us.mitiendanube.com/stores/001/034/705/products/mira-avalon-tec-x-recurvo-preto-e-verde1-067b30c39442eebaaa16033998746063-1024-1024.jpg"", ""width"": 1024, ""height"": 1024, ""position"": 7, ""created_at"": ""2020-10-22T20:49:21+0000"", ""product_id"": 66389470, ""updated_at"": ""2022-08-10T14:32:51+0000"", ""thumbnails_generated"": 2}, {""id"": 126181837, ""alt"": [], ""src"": ""https://acdn-us.mitiendanube.com/stores/001/034/705/products/mira-avalon-tec-x-recurvo-preto-e-vermelho1-5d5ec79c7781e40e8d16033998746129-1024-1024.jpg"", ""width"": 1024, ""height"": 1024, ""position"": 8, ""created_at"": ""2020-10-22T20:49:23+0000"", ""product_id"": 66389470, ""updated_at"": ""2022-08-10T14:32:51+0000"", ""thumbnails_generated"": 2}, {""id"": 126181777, ""alt"": [], ""src"": ""https://acdn-us.mitiendanube.com/stores/001/034/705/products/mira-avalon-tec-x-recurvo-case1-8a124bd63c59c4b2f916033998750870-1024-1024.jpg"", ""width"": 1024, ""height"": 1024, ""position"": 9, ""created_at"": ""2020-10-22T20:49:10+0000"", ""product_id"": 66389470, ""updated_at"": ""2022-08-10T14:32:51+0000"", ""thumbnails_generated"": 2}]",true,2026-03-19 04:01:14.941715+00,2026-03-19 04:01:14.847+00
66458280,1034705,"{""pt"": ""Régua T Avalon p/ Ajuste de Arco e Flecha Recurvo""}","{""pt"":""regua-t-avalon-p-ajuste-de-arco-e-flecha-recurvo""}","[{""id"": 125944144, ""alt"": [], ""src"": ""https://acdn-us.mitiendanube.com/stores/001/034/705/products/regua-t-cores1-1f349cbad1f57af44316033179014801-1024-1024.jpg"", ""width"": 1024, ""height"": 1024, ""position"": 1, ""created_at"": ""2020-10-21T22:04:42+0000"", ""product_id"": 66458280, ""updated_at"": ""2023-03-29T18:38:39+0000"", ""thumbnails_generated"": 2}, {""id"": 125939708, ""alt"": [], ""src"": ""https://acdn-us.mitiendanube.com/stores/001/034/705/products/regua-t-azul1-eecc8d15c47fbbeaa816033175437833-1024-1024.jpg"", ""width"": 1024, ""height"": 1024, ""position"": 2, ""created_at"": ""2020-10-21T21:53:27+0000"", ""product_id"": 66458280, ""updated_at"": ""2023-03-29T18:38:39+0000"", ""thumbnails_generated"": 2}, {""id"": 125939724, ""alt"": [], ""src"": ""https://acdn-us.mitiendanube.com/stores/001/034/705/products/regua-t-laranja1-cb66f6e734bb0f529116033175438033-1024-1024.jpg"", ""width"": 1024, ""height"": 1024, ""position"": 3, ""created_at"": ""2020-10-21T21:53:29+0000"", ""product_id"": 66458280, ""updated_at"": ""2023-03-29T18:38:39+0000"", ""thumbnails_generated"": 2}, {""id"": 125939731, ""alt"": [], ""src"": ""https://acdn-us.mitiendanube.com/stores/001/034/705/products/regua-t-preto1-0566a09520fc78502316033175440566-1024-1024.jpg"", ""width"": 1024, ""height"": 1024, ""position"": 4, ""created_at"": ""2020-10-21T21:53:31+0000"", ""product_id"": 66458280, ""updated_at"": ""2023-03-29T18:38:39+0000"", ""thumbnails_generated"": 2}, {""id"": 125939736, ""alt"": [], ""src"": ""https://acdn-us.mitiendanube.com/stores/001/034/705/products/regua-t-rosa1-107c68c0b64c1253ba16033175449611-1024-1024.jpg"", ""width"": 1024, ""height"": 1024, ""position"": 5, ""created_at"": ""2020-10-21T21:53:32+0000"", ""product_id"": 66458280, ""updated_at"": ""2023-03-29T18:38:39+0000"", ""thumbnails_generated"": 2}, {""id"": 125939740, ""alt"": [], ""src"": ""https://acdn-us.mitiendanube.com/stores/001/034/705/products/regua-t-verde1-480d4c813ab4b2c85316033175439380-1024-1024.jpg"", ""width"": 1024, ""height"": 1024, ""position"": 6, ""created_at"": ""2020-10-21T21:53:34+0000"", ""product_id"": 66458280, ""updated_at"": ""2023-03-29T18:38:39+0000"", ""thumbnails_generated"": 2}, {""id"": 125939746, ""alt"": [], ""src"": ""https://acdn-us.mitiendanube.com/stores/001/034/705/products/regua-t-vermelha1-459d87ae14f103766816033175441294-1024-1024.jpg"", ""width"": 1024, ""height"": 1024, ""position"": 7, ""created_at"": ""2020-10-21T21:53:35+0000"", ""product_id"": 66458280, ""updated_at"": ""2023-03-29T18:38:39+0000"", ""thumbnails_generated"": 2}]",true,2026-03-19 04:01:15.434383+00,2026-03-19 04:01:15.346+00
66559533,1034705,"{""pt"": ""Scope Tec X 29mm - Avalon""}","{""pt"":""scope-tec-x-29mm-avalon""}","[{""id"": 126183879, ""alt"": [], ""src"": ""https://acdn-us.mitiendanube.com/stores/001/034/705/products/lente-2x-frente11-e6cc25e1238f3c612d16034004306410-1024-1024.jpg"", ""width"": 1024, ""height"": 1024, ""position"": 1, ""created_at"": ""2020-10-22T20:56:51+0000"", ""product_id"": 66559533, ""updated_at"": ""2021-08-03T15:20:02+0000"", ""thumbnails_generated"": 2}, {""id"": 126183886, ""alt"": [], ""src"": ""https://acdn-us.mitiendanube.com/stores/001/034/705/products/lente-4x-frente11-aa17ac22511fd9b24116034004305893-1024-1024.jpg"", ""width"": 1024, ""height"": 1024, ""position"": 2, ""created_at"": ""2020-10-22T20:56:53+0000"", ""product_id"": 66559533, ""updated_at"": ""2021-08-03T15:20:02+0000"", ""thumbnails_generated"": 2}, {""id"": 126183894, ""alt"": [], ""src"": ""https://acdn-us.mitiendanube.com/stores/001/034/705/products/lente-6x-frente11-5f8d6768f699cf122416034004305640-1024-1024.jpg"", ""width"": 1024, ""height"": 1024, ""position"": 3, ""created_at"": ""2020-10-22T20:56:55+0000"", ""product_id"": 66559533, ""updated_at"": ""2021-08-03T15:20:02+0000"", ""thumbnails_generated"": 2}, {""id"": 126183904, ""alt"": [], ""src"": ""https://acdn-us.mitiendanube.com/stores/001/034/705/products/lente-8xfrente11-7a9beb11dc10c3442916034004305765-1024-1024.jpg"", ""width"": 1024, ""height"": 1024, ""position"": 4, ""created_at"": ""2020-10-22T20:56:57+0000"", ""product_id"": 66559533, ""updated_at"": ""2021-08-03T15:20:02+0000"", ""thumbnails_generated"": 2}, {""id"": 126183860, ""alt"": [], ""src"": ""https://acdn-us.mitiendanube.com/stores/001/034/705/products/lente-2x-costas11-5f22064c46624c869516034004306335-1024-1024.jpg"", ""width"": 1024, ""height"": 1024, ""position"": 5, ""created_at"": ""2020-10-22T20:56:49+0000"", ""product_id"": 66559533, ""updated_at"": ""2021-08-03T15:20:02+0000"", ""thumbnails_generated"": 2}, {""id"": 126183847, ""alt"": [], ""src"": ""https://acdn-us.mitiendanube.com/stores/001/034/705/products/chaves1-959d2dc3140496231916034004304175-1024-1024.jpg"", ""width"": 1024, ""height"": 1024, ""position"": 6, ""created_at"": ""2020-10-22T20:56:47+0000"", ""product_id"": 66559533, ""updated_at"": ""2021-08-03T15:20:02+0000"", ""thumbnails_generated"": 2}, {""id"": 126186046, ""alt"": [], ""src"": ""https://acdn-us.mitiendanube.com/stores/001/034/705/products/scope-tec-x-sem-lente-fibra1-dbe29c06eaba2205e716034007031536-1024-1024.jpg"", ""width"": 1024, ""height"": 1024, ""position"": 7, ""created_at"": ""2020-10-22T21:04:50+0000"", ""product_id"": 66559533, ""updated_at"": ""2021-08-03T15:20:02+0000"", ""thumbnails_generated"": 2}]",true,2026-03-19 04:01:15.907595+00,2026-03-19 04:01:15.818+00
66571844,1034705,"{""pt"": ""Tubo para Flechas - Avalon""}","{""pt"":""tubo-para-flechas-avalon""}","[{""id"": 126206992, ""alt"": [], ""src"": ""https://acdn-us.mitiendanube.com/stores/001/034/705/products/tubo-de-flechas1-03697e421efafdb0c316034065047007-1024-1024.jpg"", ""width"": 1024, ""height"": 1024, ""position"": 1, ""created_at"": ""2020-10-22T22:32:05+0000"", ""product_id"": 66571844, ""updated_at"": ""2021-04-18T20:18:25+0000"", ""thumbnails_generated"": 2}]",true,2026-03-19 04:01:16.379753+00,2026-03-19 04:01:16.296+00
66576276,1034705,"{""pt"": ""Sling de Pulso""}","{""pt"":""sling-de-pulso""}","[{""id"": 126213240, ""alt"": [], ""src"": ""https://acdn-us.mitiendanube.com/stores/001/034/705/products/sling-tec-x-composto-principal11-3ab111aabe76e9a61216034076410901-1024-1024.jpg"", ""width"": 1024, ""height"": 1024, ""position"": 1, ""created_at"": ""2020-10-22T23:00:30+0000"", ""product_id"": 66576276, ""updated_at"": ""2020-10-22T23:00:46+0000"", ""thumbnails_generated"": 2}, {""id"": 126210995, ""alt"": [], ""src"": ""https://acdn-us.mitiendanube.com/stores/001/034/705/products/sling-tec-x-composto-azul1-411098c84106ad660416034075261563-1024-1024.jpg"", ""width"": 1024, ""height"": 1024, ""position"": 2, ""created_at"": ""2020-10-22T22:49:44+0000"", ""product_id"": 66576276, ""updated_at"": ""2020-10-22T23:00:39+0000"", ""thumbnails_generated"": 2}, {""id"": 126211030, ""alt"": [], ""src"": ""https://acdn-us.mitiendanube.com/stores/001/034/705/products/sling-tec-x-composto-vermelho1-05ce58c0c5d0278d1216034075261392-1024-1024.jpg"", ""width"": 1024, ""height"": 1024, ""position"": 3, ""created_at"": ""2020-10-22T22:49:53+0000"", ""product_id"": 66576276, ""updated_at"": ""2020-10-22T23:00:39+0000"", ""thumbnails_generated"": 2}, {""id"": 126211024, ""alt"": [], ""src"": ""https://acdn-us.mitiendanube.com/stores/001/034/705/products/sling-tec-x-composto-verde1-ea2fe86ad416501a6a16034075262140-1024-1024.jpg"", ""width"": 1024, ""height"": 1024, ""position"": 4, ""created_at"": ""2020-10-22T22:49:51+0000"", ""product_id"": 66576276, ""updated_at"": ""2020-10-22T23:00:39+0000"", ""thumbnails_generated"": 2}, {""id"": 126211002, ""alt"": [], ""src"": ""https://acdn-us.mitiendanube.com/stores/001/034/705/products/sling-tec-x-composto-laranja1-84475488d41984f88716034075262467-1024-1024.jpg"", ""width"": 1024, ""height"": 1024, ""position"": 5, ""created_at"": ""2020-10-22T22:49:45+0000"", ""product_id"": 66576276, ""updated_at"": ""2020-10-22T23:00:39+0000"", ""thumbnails_generated"": 2}, {""id"": 126211017, ""alt"": [], ""src"": ""https://acdn-us.mitiendanube.com/stores/001/034/705/products/sling-tec-x-composto-rosa1-2d13d81ff303a25ac816034075264608-1024-1024.jpg"", ""width"": 1024, ""height"": 1024, ""position"": 6, ""created_at"": ""2020-10-22T22:49:49+0000"", ""product_id"": 66576276, ""updated_at"": ""2020-10-22T23:00:39+0000"", ""thumbnails_generated"": 2}]",true,2026-03-19 04:01:16.85734+00,2026-03-19 04:01:16.771+00
66587043,1034705,"{""pt"": ""Mochila Esportiva Avalon""}","{""pt"":""mochila-esportiva-avalon""}","[{""id"": 126220306, ""alt"": [], ""src"": ""https://acdn-us.mitiendanube.com/stores/001/034/705/products/mochila-esporte-vermelho11-b20e532560b1d9132816034099307113-1024-1024.jpg"", ""width"": 1024, ""height"": 1024, ""position"": 1, ""created_at"": ""2020-10-22T23:36:46+0000"", ""product_id"": 66587043, ""updated_at"": ""2021-05-07T21:14:25+0000"", ""thumbnails_generated"": 2}, {""id"": 126220248, ""alt"": [], ""src"": ""https://acdn-us.mitiendanube.com/stores/001/034/705/products/mochila-esporte-azul11-d6e5e221d05df1075216034099313889-1024-1024.jpg"", ""width"": 1024, ""height"": 1024, ""position"": 2, ""created_at"": ""2020-10-22T23:36:30+0000"", ""product_id"": 66587043, ""updated_at"": ""2021-05-07T21:14:25+0000"", ""thumbnails_generated"": 2}, {""id"": 126220413, ""alt"": [], ""src"": ""https://acdn-us.mitiendanube.com/stores/001/034/705/products/mochila-esporte-azul-frente1-31bf2ce029e036225316034099314435-1024-1024.jpg"", ""width"": 1024, ""height"": 1024, ""position"": 3, ""created_at"": ""2020-10-22T23:37:15+0000"", ""product_id"": 66587043, ""updated_at"": ""2021-05-07T21:14:25+0000"", ""thumbnails_generated"": 2}, {""id"": 126220262, ""alt"": [], ""src"": ""https://acdn-us.mitiendanube.com/stores/001/034/705/products/mochila-esporte-detalhe-211-584439e517f2bbb68216034099318196-1024-1024.jpg"", ""width"": 1024, ""height"": 1024, ""position"": 4, ""created_at"": ""2020-10-22T23:36:34+0000"", ""product_id"": 66587043, ""updated_at"": ""2021-05-07T21:14:25+0000"", ""thumbnails_generated"": 2}, {""id"": 126220270, ""alt"": [], ""src"": ""https://acdn-us.mitiendanube.com/stores/001/034/705/products/mochila-esporte-detalhe-311-7dfd6e9736945bd57516034099316930-1024-1024.jpg"", ""width"": 1024, ""height"": 1024, ""position"": 5, ""created_at"": ""2020-10-22T23:36:37+0000"", ""product_id"": 66587043, ""updated_at"": ""2021-05-07T21:14:25+0000"", ""thumbnails_generated"": 2}, {""id"": 126220277, ""alt"": [], ""src"": ""https://acdn-us.mitiendanube.com/stores/001/034/705/products/mochila-esporte-detalhe-411-0c9805b033c5ce183b16034099319062-1024-1024.jpg"", ""width"": 1024, ""height"": 1024, ""position"": 6, ""created_at"": ""2020-10-22T23:36:39+0000"", ""product_id"": 66587043, ""updated_at"": ""2021-05-07T21:14:25+0000"", ""thumbnails_generated"": 2}, {""id"": 126220296, ""alt"": [], ""src"": ""https://acdn-us.mitiendanube.com/stores/001/034/705/products/mochila-esporte-detalhe-611-c9b08e053a83f4861e16034099327589-1024-1024.jpg"", ""width"": 1024, ""height"": 1024, ""position"": 7, ""created_at"": ""2020-10-22T23:36:44+0000"", ""product_id"": 66587043, ""updated_at"": ""2021-05-07T21:14:25+0000"", ""thumbnails_generated"": 2}, {""id"": 126220289, ""alt"": [], ""src"": ""https://acdn-us.mitiendanube.com/stores/001/034/705/products/mochila-esporte-detalhe-511-92f7934a7385891dee16034099332702-1024-1024.jpg"", ""width"": 1024, ""height"": 1024, ""position"": 8, ""created_at"": ""2020-10-22T23:36:41+0000"", ""product_id"": 66587043, ""updated_at"": ""2021-05-07T21:14:25+0000"", ""thumbnails_generated"": 2}, {""id"": 126220256, ""alt"": [], ""src"": ""https://acdn-us.mitiendanube.com/stores/001/034/705/products/mochila-esporte-detalhe-111-b63d18d433d166da8916034099333636-1024-1024.jpg"", ""width"": 1024, ""height"": 1024, ""position"": 9, ""created_at"": ""2020-10-22T23:36:32+0000"", ""product_id"": 66587043, ""updated_at"": ""2021-05-07T21:14:25+0000"", ""thumbnails_generated"": 2}]",true,2026-03-19 04:01:17.383612+00,2026-03-19 04:01:17.302+00
66594161,1034705,"{""pt"": ""Mochila Avalon Tyro para Arco Recurvo""}","{""pt"":""mochila-avalon-tyro-para-arco-recurvo""}","[{""id"": 126232325, ""alt"": [], ""src"": ""https://acdn-us.mitiendanube.com/stores/001/034/705/products/mochia-tyro-recurvo-vermelho1-213e1679dea0d7188416034137511443-1024-1024.jpg"", ""width"": 1024, ""height"": 1024, ""position"": 2, ""created_at"": ""2020-10-23T00:40:50+0000"", ""product_id"": 66594161, ""updated_at"": ""2025-05-25T23:40:43+0000"", ""thumbnails_generated"": 2}, {""id"": 126232312, ""alt"": [], ""src"": ""https://acdn-us.mitiendanube.com/stores/001/034/705/products/mochia-tyro-recurvo-preto1-502a783066ee83537616034137510942-1024-1024.jpg"", ""width"": 1024, ""height"": 1024, ""position"": 3, ""created_at"": ""2020-10-23T00:40:46+0000"", ""product_id"": 66594161, ""updated_at"": ""2025-05-25T23:40:43+0000"", ""thumbnails_generated"": 2}, {""id"": 126232296, ""alt"": [], ""src"": ""https://acdn-us.mitiendanube.com/stores/001/034/705/products/mochia-tyro-recurvo-azul1-73e9f76428e82d300416034137512275-1024-1024.jpg"", ""width"": 1024, ""height"": 1024, ""position"": 4, ""created_at"": ""2020-10-23T00:40:42+0000"", ""product_id"": 66594161, ""updated_at"": ""2025-05-25T23:40:43+0000"", ""thumbnails_generated"": 2}, {""id"": 126232305, ""alt"": [], ""src"": ""https://acdn-us.mitiendanube.com/stores/001/034/705/products/mochia-tyro-recurvo-cinza1-c9560cae41b34676ba16034137511112-1024-1024.jpg"", ""width"": 1024, ""height"": 1024, ""position"": 5, ""created_at"": ""2020-10-23T00:40:44+0000"", ""product_id"": 66594161, ""updated_at"": ""2025-05-25T23:40:43+0000"", ""thumbnails_generated"": 2}]",true,2026-03-19 04:01:17.88669+00,2026-03-19 04:01:17.789+00
66659839,1034705,"{""pt"": ""Peiteira Avalon TEC ONE""}","{""pt"":""peiteira-avalon-tec-one""}","[{""id"": 126410027, ""alt"": [], ""src"": ""https://acdn-us.mitiendanube.com/stores/001/034/705/products/protetor-de-peito-azul1-c6870ef5106d5350d116034838605571-1024-1024.jpg"", ""width"": 1024, ""height"": 1024, ""position"": 2, ""created_at"": ""2020-10-23T20:06:24+0000"", ""product_id"": 66659839, ""updated_at"": ""2023-08-07T00:42:45+0000"", ""thumbnails_generated"": 2}]",true,2026-03-19 04:01:18.37092+00,2026-03-19 04:01:18.286+00
66667288,1034705,"{""pt"": ""Mochila Avalon Classic para Arco Recurvo""}","{""pt"":""mochila-avalon-classic-para-arco-recurvo""}","[{""id"": 126430374, ""alt"": [], ""src"": ""https://acdn-us.mitiendanube.com/stores/001/034/705/products/mochila-classic-recurvo-cinza-escuro1-b76a4cbfed2c33499e16034884500430-1024-1024.jpg"", ""width"": 1024, ""height"": 1024, ""position"": 1, ""created_at"": ""2020-10-23T21:07:15+0000"", ""product_id"": 66667288, ""updated_at"": ""2024-11-08T17:46:54+0000"", ""thumbnails_generated"": 2}, {""id"": 126431371, ""alt"": [], ""src"": ""https://acdn-us.mitiendanube.com/stores/001/034/705/products/mochila-classic-recurvo-preto1-18e1a65abb69526ddd16034884500551-1024-1024.jpg"", ""width"": 1024, ""height"": 1024, ""position"": 2, ""created_at"": ""2020-10-23T21:10:34+0000"", ""product_id"": 66667288, ""updated_at"": ""2024-11-08T17:46:54+0000"", ""thumbnails_generated"": 2}, {""id"": 126430414, ""alt"": [], ""src"": ""https://acdn-us.mitiendanube.com/stores/001/034/705/products/mochila-classic-recurvo-turquesa1-58ee37710bbd1b83f316034884502864-1024-1024.jpg"", ""width"": 1024, ""height"": 1024, ""position"": 3, ""created_at"": ""2020-10-23T21:07:23+0000"", ""product_id"": 66667288, ""updated_at"": ""2024-11-08T17:46:54+0000"", ""thumbnails_generated"": 2}, {""id"": 126430341, ""alt"": [], ""src"": ""https://acdn-us.mitiendanube.com/stores/001/034/705/products/mochila-classic-recurvo-azul1-75c63a72f460fdba9216034884501209-1024-1024.jpg"", ""width"": 1024, ""height"": 1024, ""position"": 4, ""created_at"": ""2020-10-23T21:07:09+0000"", ""product_id"": 66667288, ""updated_at"": ""2024-11-08T17:46:54+0000"", ""thumbnails_generated"": 2}, {""id"": 126430428, ""alt"": [], ""src"": ""https://acdn-us.mitiendanube.com/stores/001/034/705/products/mochila-classic-recurvo-verde1-06900471800fc6b05616034884508205-1024-1024.jpg"", ""width"": 1024, ""height"": 1024, ""position"": 5, ""created_at"": ""2020-10-23T21:07:25+0000"", ""product_id"": 66667288, ""updated_at"": ""2024-11-08T17:46:54+0000"", ""thumbnails_generated"": 2}, {""id"": 126430386, ""alt"": [], ""src"": ""https://acdn-us.mitiendanube.com/stores/001/034/705/products/mochila-classic-recurvo-laranja1-123bd5c7d086a2794516034884508062-1024-1024.jpg"", ""width"": 1024, ""height"": 1024, ""position"": 6, ""created_at"": ""2020-10-23T21:07:17+0000"", ""product_id"": 66667288, ""updated_at"": ""2024-11-08T17:46:54+0000"", ""thumbnails_generated"": 2}, {""id"": 126430451, ""alt"": [], ""src"": ""https://acdn-us.mitiendanube.com/stores/001/034/705/products/mochila-classic-recurvo-vermelho1-e852722c704641caec16034884510258-1024-1024.jpg"", ""width"": 1024, ""height"": 1024, ""position"": 7, ""created_at"": ""2020-10-23T21:07:29+0000"", ""product_id"": 66667288, ""updated_at"": ""2024-11-08T17:46:54+0000"", ""thumbnails_generated"": 2}, {""id"": 126430395, ""alt"": [], ""src"": ""https://acdn-us.mitiendanube.com/stores/001/034/705/products/mochila-classic-recurvo-rosa1-212ed4dca6e32ecf8416034884511508-1024-1024.jpg"", ""width"": 1024, ""height"": 1024, ""position"": 8, ""created_at"": ""2020-10-23T21:07:19+0000"", ""product_id"": 66667288, ""updated_at"": ""2024-11-08T17:46:54+0000"", ""thumbnails_generated"": 2}, {""id"": 126435888, ""alt"": [], ""src"": ""https://acdn-us.mitiendanube.com/stores/001/034/705/products/mochila-classic-recurvo-roxo-21-ea135b2cae8ad0047716034884511146-1024-1024.jpg"", ""width"": 1024, ""height"": 1024, ""position"": 9, ""created_at"": ""2020-10-23T21:26:16+0000"", ""product_id"": 66667288, ""updated_at"": ""2024-11-08T17:46:54+0000"", ""thumbnails_generated"": 2}, {""id"": 126433245, ""alt"": [], ""src"": ""https://acdn-us.mitiendanube.com/stores/001/034/705/products/mochila-classic-recurvo1-8034dc4c10e43ccc0316034884511118-1024-1024.jpg"", ""width"": 1024, ""height"": 1024, ""position"": 10, ""created_at"": ""2020-10-23T21:16:33+0000"", ""product_id"": 66667288, ""updated_at"": ""2024-11-08T17:46:54+0000"", ""thumbnails_generated"": 2}]",true,2026-03-19 04:01:18.844274+00,2026-03-19 04:01:18.763+00
66987356,1034705,"{""pt"": ""Mala Macia Avalon Tyro A² (Recurvo)""}","{""pt"":""mala-macia-avalon-tyro-a2-recurvo""}","[{""id"": 127226484, ""alt"": [], ""src"": ""https://acdn-us.mitiendanube.com/stores/001/034/705/products/mala-recurvo-tyro-a2-rosa1-4f9aa433a6d4ad40de16038465841510-1024-1024.jpg"", ""width"": 1024, ""height"": 1024, ""position"": 2, ""created_at"": ""2020-10-28T00:53:56+0000"", ""product_id"": 66987356, ""updated_at"": ""2026-03-08T18:32:56+0000"", ""thumbnails_generated"": 2}, {""id"": 127226469, ""alt"": [], ""src"": ""https://acdn-us.mitiendanube.com/stores/001/034/705/products/mala-recurvo-tyro-a2-laranja1-ad0febc740daf8587c16038465842589-1024-1024.jpg"", ""width"": 1024, ""height"": 1024, ""position"": 3, ""created_at"": ""2020-10-28T00:53:53+0000"", ""product_id"": 66987356, ""updated_at"": ""2026-03-09T11:25:28+0000"", ""thumbnails_generated"": 2}, {""id"": 127226490, ""alt"": [], ""src"": ""https://acdn-us.mitiendanube.com/stores/001/034/705/products/mala-recurvo-tyro-a2-verde1-187f1ee036b6345c2716038465842715-1024-1024.jpg"", ""width"": 1024, ""height"": 1024, ""position"": 4, ""created_at"": ""2020-10-28T00:53:58+0000"", ""product_id"": 66987356, ""updated_at"": ""2026-03-09T11:25:28+0000"", ""thumbnails_generated"": 2}]",true,2026-03-19 04:01:19.311643+00,2026-03-19 04:01:19.229+00
67202800,1034705,"{""pt"": ""Pin de Mira Avalon""}","{""pt"":""pin-de-mira-avalon""}","[{""id"": 127864272, ""alt"": [], ""src"": ""https://acdn-us.mitiendanube.com/stores/001/034/705/products/pin-de-mira1-439b12c93e84ac5c7116040160477575-1024-1024.jpg"", ""width"": 1024, ""height"": 1024, ""position"": 1, ""created_at"": ""2020-10-29T23:55:32+0000"", ""product_id"": 67202800, ""updated_at"": ""2021-04-05T00:08:52+0000"", ""thumbnails_generated"": 2}]",true,2026-03-19 04:01:19.785451+00,2026-03-19 04:01:19.699+00
67203402,1034705,"{""pt"": ""Protetor de Braço c/ Manga Avalon""}","{""pt"":""protetor-de-braco-c-manga-avalon""}","[{""id"": 127865156, ""alt"": [], ""src"": ""https://acdn-us.mitiendanube.com/stores/001/034/705/products/protetor-de-braco-com-manga-preto1-41e1d36cad33eb260416040164707868-1024-1024.jpg"", ""width"": 1024, ""height"": 1024, ""position"": 2, ""created_at"": ""2020-10-30T00:01:21+0000"", ""product_id"": 67203402, ""updated_at"": ""2026-03-10T23:12:00+0000"", ""thumbnails_generated"": 2}, {""id"": 127865146, ""alt"": [], ""src"": ""https://acdn-us.mitiendanube.com/stores/001/034/705/products/protetor-de-braco-com-manga-branco1-6f233d2dd79fc389d316040164708666-1024-1024.jpg"", ""width"": 1024, ""height"": 1024, ""position"": 3, ""created_at"": ""2020-10-30T00:01:17+0000"", ""product_id"": 67203402, ""updated_at"": ""2026-03-10T23:12:00+0000"", ""thumbnails_generated"": 2}, {""id"": 127865129, ""alt"": [], ""src"": ""https://acdn-us.mitiendanube.com/stores/001/034/705/products/protetor-de-braco-com-manga-amarelo1-f5988ab8c5378327c816040164710410-1024-1024.jpg"", ""width"": 1024, ""height"": 1024, ""position"": 4, ""created_at"": ""2020-10-30T00:01:14+0000"", ""product_id"": 67203402, ""updated_at"": ""2023-02-12T21:51:17+0000"", ""thumbnails_generated"": 2}, {""id"": 127865174, ""alt"": [], ""src"": ""https://acdn-us.mitiendanube.com/stores/001/034/705/products/protetor-de-braco-com-manga-vermelho1-f1492a089d5165613116040164710717-1024-1024.jpg"", ""width"": 1024, ""height"": 1024, ""position"": 5, ""created_at"": ""2020-10-30T00:01:28+0000"", ""product_id"": 67203402, ""updated_at"": ""2023-02-12T21:51:17+0000"", ""thumbnails_generated"": 2}, {""id"": 127865152, ""alt"": [], ""src"": ""https://acdn-us.mitiendanube.com/stores/001/034/705/products/protetor-de-braco-com-manga-laranja1-7cc3e8fc23f83bc98c16040164710521-1024-1024.jpg"", ""width"": 1024, ""height"": 1024, ""position"": 6, ""created_at"": ""2020-10-30T00:01:19+0000"", ""product_id"": 67203402, ""updated_at"": ""2023-02-12T21:51:17+0000"", ""thumbnails_generated"": 2}, {""id"": 127865158, ""alt"": [], ""src"": ""https://acdn-us.mitiendanube.com/stores/001/034/705/products/protetor-de-braco-com-manga-rosa1-3cec574217137d6cc216040164712147-1024-1024.jpg"", ""width"": 1024, ""height"": 1024, ""position"": 7, ""created_at"": ""2020-10-30T00:01:22+0000"", ""product_id"": 67203402, ""updated_at"": ""2023-02-12T21:51:17+0000"", ""thumbnails_generated"": 2}, {""id"": 127865162, ""alt"": [], ""src"": ""https://acdn-us.mitiendanube.com/stores/001/034/705/products/protetor-de-braco-com-manga-roxo1-be30bc8a1957f0ad8216040164713925-1024-1024.jpg"", ""width"": 1024, ""height"": 1024, ""position"": 8, ""created_at"": ""2020-10-30T00:01:24+0000"", ""product_id"": 67203402, ""updated_at"": ""2023-02-12T21:51:17+0000"", ""thumbnails_generated"": 2}, {""id"": 127865169, ""alt"": [], ""src"": ""https://acdn-us.mitiendanube.com/stores/001/034/705/products/protetor-de-braco-com-manga-verde1-edaaa44dc4b42ffce616040164716941-1024-1024.jpg"", ""width"": 1024, ""height"": 1024, ""position"": 9, ""created_at"": ""2020-10-30T00:01:26+0000"", ""product_id"": 67203402, ""updated_at"": ""2023-02-12T21:51:17+0000"", ""thumbnails_generated"": 2}]",true,2026-03-19 04:01:20.293463+00,2026-03-19 04:01:20.175+00
67204988,1034705,"{""pt"": ""Puxador de Flecha Quadrado Avalon""}","{""pt"":""puxador-de-flecha-quadrado-avalon""}","[{""id"": 127866338, ""alt"": [], ""src"": ""https://acdn-us.mitiendanube.com/stores/001/034/705/products/puxador-de-flecha-azul1-59bf355db0d3cb305d16040167463050-1024-1024.jpg"", ""width"": 1024, ""height"": 1024, ""position"": 1, ""created_at"": ""2020-10-30T00:08:39+0000"", ""product_id"": 67204988, ""updated_at"": ""2020-10-30T00:12:30+0000"", ""thumbnails_generated"": 2}, {""id"": 127866344, ""alt"": [], ""src"": ""https://acdn-us.mitiendanube.com/stores/001/034/705/products/puxador-de-flecha-preto1-38a6279ab4763ce76516040167466303-1024-1024.jpg"", ""width"": 1024, ""height"": 1024, ""position"": 2, ""created_at"": ""2020-10-30T00:08:42+0000"", ""product_id"": 67204988, ""updated_at"": ""2020-10-30T00:12:32+0000"", ""thumbnails_generated"": 2}, {""id"": 127866352, ""alt"": [], ""src"": ""https://acdn-us.mitiendanube.com/stores/001/034/705/products/puxador-de-flecha-vermelho1-f1346b3deefab1a47616040167465725-1024-1024.jpg"", ""width"": 1024, ""height"": 1024, ""position"": 3, ""created_at"": ""2020-10-30T00:08:47+0000"", ""product_id"": 67204988, ""updated_at"": ""2020-10-30T00:12:31+0000"", ""thumbnails_generated"": 2}, {""id"": 127866341, ""alt"": [], ""src"": ""https://acdn-us.mitiendanube.com/stores/001/034/705/products/puxador-de-flecha-laranja1-c634533b1367354a5916040167466081-1024-1024.jpg"", ""width"": 1024, ""height"": 1024, ""position"": 4, ""created_at"": ""2020-10-30T00:08:40+0000"", ""product_id"": 67204988, ""updated_at"": ""2020-10-30T00:12:31+0000"", ""thumbnails_generated"": 2}, {""id"": 127866345, ""alt"": [], ""src"": ""https://acdn-us.mitiendanube.com/stores/001/034/705/products/puxador-de-flecha-roxo1-2b0a6e2e109067595816040167466349-1024-1024.jpg"", ""width"": 1024, ""height"": 1024, ""position"": 5, ""created_at"": ""2020-10-30T00:08:44+0000"", ""product_id"": 67204988, ""updated_at"": ""2020-10-30T00:12:30+0000"", ""thumbnails_generated"": 2}, {""id"": 127866349, ""alt"": [], ""src"": ""https://acdn-us.mitiendanube.com/stores/001/034/705/products/puxador-de-flecha-verde1-c7202ce7eb5b5d7b5916040167467862-1024-1024.jpg"", ""width"": 1024, ""height"": 1024, ""position"": 6, ""created_at"": ""2020-10-30T00:08:45+0000"", ""product_id"": 67204988, ""updated_at"": ""2020-10-30T00:12:32+0000"", ""thumbnails_generated"": 2}]",true,2026-03-19 04:01:20.789678+00,2026-03-19 04:01:20.707+00
67205206,1034705,"{""pt"": ""Rest Magnético Avalon Classic (Recurvo)""}","{""pt"":""rest-magnetico-avalon-classic-recurvo""}","[{""id"": 127866966, ""alt"": [], ""src"": ""https://acdn-us.mitiendanube.com/stores/001/034/705/products/rest-magnetico-classic1-2556365343e33ffdeb16040169663264-1024-1024.jpg"", ""width"": 1024, ""height"": 1024, ""position"": 1, ""created_at"": ""2020-10-30T00:12:49+0000"", ""product_id"": 67205206, ""updated_at"": ""2021-05-07T21:06:53+0000"", ""thumbnails_generated"": 2}]",true,2026-03-19 04:01:21.272204+00,2026-03-19 04:01:21.181+00
67205409,1034705,"{""pt"": ""Rest Plástico Avalon Tyro""}","{""pt"":""rest-plastico-avalon-tyro""}","[{""id"": 127867551, ""alt"": [], ""src"": ""https://acdn-us.mitiendanube.com/stores/001/034/705/products/rest-plastico-destro1-836545b4d77813052416040172115391-1024-1024.jpg"", ""width"": 1024, ""height"": 1024, ""position"": 1, ""created_at"": ""2020-10-30T00:17:14+0000"", ""product_id"": 67205409, ""updated_at"": ""2021-05-07T21:15:25+0000"", ""thumbnails_generated"": 2}, {""id"": 127867545, ""alt"": [], ""src"": ""https://acdn-us.mitiendanube.com/stores/001/034/705/products/rest-plastico-canhoto1-0dea46287d06dc2f3b16040172118674-1024-1024.jpg"", ""width"": 1024, ""height"": 1024, ""position"": 2, ""created_at"": ""2020-10-30T00:17:12+0000"", ""product_id"": 67205409, ""updated_at"": ""2021-05-07T21:15:25+0000"", ""thumbnails_generated"": 2}]",true,2026-03-19 04:01:21.757028+00,2026-03-19 04:01:21.675+00
67206202,1034705,"{""pt"": ""Scope Avalon Tec One (Recurvo)""}","{""pt"":""scope-avalon-tec-one-recurvo""}","[{""id"": 127868507, ""alt"": [], ""src"": ""https://acdn-us.mitiendanube.com/stores/001/034/705/products/scope-recurvo-tec-one-preto-fibra-verde1-12f0bb802b3850397a16040179781363-1024-1024.jpg"", ""width"": 1024, ""height"": 1024, ""position"": 1, ""created_at"": ""2020-10-30T00:23:31+0000"", ""product_id"": 67206202, ""updated_at"": ""2023-02-12T20:26:55+0000"", ""thumbnails_generated"": 2}, {""id"": 127868512, ""alt"": [], ""src"": ""https://acdn-us.mitiendanube.com/stores/001/034/705/products/scope-recurvo-tec-one-preto-fibra-vermelha1-d438920a4e2291a3fd16040179781968-1024-1024.jpg"", ""width"": 1024, ""height"": 1024, ""position"": 2, ""created_at"": ""2020-10-30T00:23:33+0000"", ""product_id"": 67206202, ""updated_at"": ""2023-02-12T20:26:55+0000"", ""thumbnails_generated"": 2}, {""id"": 127868494, ""alt"": [], ""src"": ""https://acdn-us.mitiendanube.com/stores/001/034/705/products/scope-recurvo-tec-one-azul-fibra-verde1-4ca44c421d5bbafc1e16040179782714-1024-1024.jpg"", ""width"": 1024, ""height"": 1024, ""position"": 3, ""created_at"": ""2020-10-30T00:23:28+0000"", ""product_id"": 67206202, ""updated_at"": ""2023-02-12T20:26:55+0000"", ""thumbnails_generated"": 2}, {""id"": 127868501, ""alt"": [], ""src"": ""https://acdn-us.mitiendanube.com/stores/001/034/705/products/scope-recurvo-tec-one-azul-fibra-vermelho1-9e7877a44173ff2f0b16040179783337-1024-1024.jpg"", ""width"": 1024, ""height"": 1024, ""position"": 4, ""created_at"": ""2020-10-30T00:23:29+0000"", ""product_id"": 67206202, ""updated_at"": ""2023-02-12T20:26:55+0000"", ""thumbnails_generated"": 2}, {""id"": 127868517, ""alt"": [], ""src"": ""https://acdn-us.mitiendanube.com/stores/001/034/705/products/scope-recurvo-tec-one-vermelho-fibra-verde1-f3e05a8a2384c29a7c16040179784115-1024-1024.jpg"", ""width"": 1024, ""height"": 1024, ""position"": 5, ""created_at"": ""2020-10-30T00:23:35+0000"", ""product_id"": 67206202, ""updated_at"": ""2023-02-12T20:26:55+0000"", ""thumbnails_generated"": 2}, {""id"": 127868523, ""alt"": [], ""src"": ""https://acdn-us.mitiendanube.com/stores/001/034/705/products/scope-recurvo-tec-one-vermelho-fibra-vermelho1-3c5009653cf02b4fb916040179783587-1024-1024.jpg"", ""width"": 1024, ""height"": 1024, ""position"": 6, ""created_at"": ""2020-10-30T00:23:37+0000"", ""product_id"": 67206202, ""updated_at"": ""2023-02-12T20:26:55+0000"", ""thumbnails_generated"": 2}]",true,2026-03-19 04:01:22.287148+00,2026-03-19 04:01:22.203+00
67206883,1034705,"{""pt"": ""Puxador de Flecha Cilíndrico Avalon""}","{""pt"":""puxador-de-flecha-cilindrico-avalon""}","[{""id"": 127870079, ""alt"": [], ""src"": ""https://acdn-us.mitiendanube.com/stores/001/034/705/products/puxador-de-flechas-preto1-f07ede31ffac3a7ac616040183341528-1024-1024.jpg"", ""width"": 1024, ""height"": 1024, ""position"": 1, ""created_at"": ""2020-10-30T00:33:40+0000"", ""product_id"": 67206883, ""updated_at"": ""2021-05-07T21:15:37+0000"", ""thumbnails_generated"": 2}, {""id"": 127870071, ""alt"": [], ""src"": ""https://acdn-us.mitiendanube.com/stores/001/034/705/products/puxador-de-flechas-azul1-cb8fe772a0d00ef13916040183344979-1024-1024.jpg"", ""width"": 1024, ""height"": 1024, ""position"": 2, ""created_at"": ""2020-10-30T00:33:37+0000"", ""product_id"": 67206883, ""updated_at"": ""2021-05-07T21:15:37+0000"", ""thumbnails_generated"": 2}, {""id"": 127870097, ""alt"": [], ""src"": ""https://acdn-us.mitiendanube.com/stores/001/034/705/products/puxador-de-flechas-vermelho1-47091514e18c953ca016040183347264-1024-1024.jpg"", ""width"": 1024, ""height"": 1024, ""position"": 3, ""created_at"": ""2020-10-30T00:33:45+0000"", ""product_id"": 67206883, ""updated_at"": ""2021-05-07T21:15:37+0000"", ""thumbnails_generated"": 2}, {""id"": 127870077, ""alt"": [], ""src"": ""https://acdn-us.mitiendanube.com/stores/001/034/705/products/puxador-de-flechas-laranja1-256388aa5329113b1f16040183351378-1024-1024.jpg"", ""width"": 1024, ""height"": 1024, ""position"": 4, ""created_at"": ""2020-10-30T00:33:38+0000"", ""product_id"": 67206883, ""updated_at"": ""2021-05-07T21:15:37+0000"", ""thumbnails_generated"": 2}, {""id"": 127870083, ""alt"": [], ""src"": ""https://acdn-us.mitiendanube.com/stores/001/034/705/products/puxador-de-flechas-rosa1-33bc2cb8a090b2b9ff16040183350823-1024-1024.jpg"", ""width"": 1024, ""height"": 1024, ""position"": 5, ""created_at"": ""2020-10-30T00:33:42+0000"", ""product_id"": 67206883, ""updated_at"": ""2021-05-07T21:15:37+0000"", ""thumbnails_generated"": 2}, {""id"": 127870090, ""alt"": [], ""src"": ""https://acdn-us.mitiendanube.com/stores/001/034/705/products/puxador-de-flechas-verde1-c81d77b6602a11daeb16040183352952-1024-1024.jpg"", ""width"": 1024, ""height"": 1024, ""position"": 6, ""created_at"": ""2020-10-30T00:33:43+0000"", ""product_id"": 67206883, ""updated_at"": ""2021-05-07T21:15:37+0000"", ""thumbnails_generated"": 2}]",true,2026-03-19 04:01:22.787993+00,2026-03-19 04:01:22.707+00
67409574,1034705,"{""pt"": ""Pena Spider Vanes 1.8\"" (Recurvo)""}","{""pt"":""spider-vanes-1-8-recurvo""}","[{""id"": 128418238, ""alt"": [], ""src"": ""https://acdn-us.mitiendanube.com/stores/001/034/705/products/principal-e35a6aa66341a55b5516042822343091-1024-1024.jpg"", ""width"": 1024, ""height"": 1024, ""position"": 1, ""created_at"": ""2020-11-02T01:32:42+0000"", ""product_id"": 67409574, ""updated_at"": ""2023-10-23T21:24:02+0000"", ""thumbnails_generated"": 2}, {""id"": 128418253, ""alt"": [], ""src"": ""https://acdn-us.mitiendanube.com/stores/001/034/705/products/spider-vanes-branco1-694da8718f9679642a16042822351862-1024-1024.jpg"", ""width"": 1024, ""height"": 1024, ""position"": 2, ""created_at"": ""2020-11-02T01:32:47+0000"", ""product_id"": 67409574, ""updated_at"": ""2023-10-23T21:24:02+0000"", ""thumbnails_generated"": 2}, {""id"": 128418326, ""alt"": [], ""src"": ""https://acdn-us.mitiendanube.com/stores/001/034/705/products/spider-vanes-teal-blue1-0e31cb3251af49682916042822351718-1024-1024.jpg"", ""width"": 1024, ""height"": 1024, ""position"": 3, ""created_at"": ""2020-11-02T01:33:07+0000"", ""product_id"": 67409574, ""updated_at"": ""2023-10-23T21:24:02+0000"", ""thumbnails_generated"": 2}, {""id"": 128418247, ""alt"": [], ""src"": ""https://acdn-us.mitiendanube.com/stores/001/034/705/products/spider-vanes-azul1-cbb684967cdbd7364d16042822351808-1024-1024.jpg"", ""width"": 1024, ""height"": 1024, ""position"": 4, ""created_at"": ""2020-11-02T01:32:44+0000"", ""product_id"": 67409574, ""updated_at"": ""2023-10-23T21:24:02+0000"", ""thumbnails_generated"": 2}, {""id"": 128418337, ""alt"": [], ""src"": ""https://acdn-us.mitiendanube.com/stores/001/034/705/products/spider-vanes-verde1-c1b2224b85c67d0f1516042822352321-1024-1024.jpg"", ""width"": 1024, ""height"": 1024, ""position"": 5, ""created_at"": ""2020-11-02T01:33:10+0000"", ""product_id"": 67409574, ""updated_at"": ""2023-10-23T21:24:02+0000"", ""thumbnails_generated"": 2}, {""id"": 128418291, ""alt"": [], ""src"": ""https://acdn-us.mitiendanube.com/stores/001/034/705/products/spider-vanes-pink1-fbc5c48bd666fa4ca316042822352813-1024-1024.jpg"", ""width"": 1024, ""height"": 1024, ""position"": 6, ""created_at"": ""2020-11-02T01:32:58+0000"", ""product_id"": 67409574, ""updated_at"": ""2023-10-23T21:24:02+0000"", ""thumbnails_generated"": 2}, {""id"": 128418356, ""alt"": [], ""src"": ""https://acdn-us.mitiendanube.com/stores/001/034/705/products/spider-vanes-vermelho1-06a786370207eb5d5216042822352965-1024-1024.jpg"", ""width"": 1024, ""height"": 1024, ""position"": 7, ""created_at"": ""2020-11-02T01:33:16+0000"", ""product_id"": 67409574, ""updated_at"": ""2023-10-23T21:24:02+0000"", ""thumbnails_generated"": 2}, {""id"": 128418315, ""alt"": [], ""src"": ""https://acdn-us.mitiendanube.com/stores/001/034/705/products/spider-vanes-roxo1-74a1605c8b20140dfd16042822354296-1024-1024.jpg"", ""width"": 1024, ""height"": 1024, ""position"": 8, ""created_at"": ""2020-11-02T01:33:04+0000"", ""product_id"": 67409574, ""updated_at"": ""2023-10-23T21:24:02+0000"", ""thumbnails_generated"": 2}, {""id"": 128418301, ""alt"": [], ""src"": ""https://acdn-us.mitiendanube.com/stores/001/034/705/products/spider-vanes-prata1-502666811364dafd7e16042822353178-1024-1024.jpg"", ""width"": 1024, ""height"": 1024, ""position"": 9, ""created_at"": ""2020-11-02T01:33:01+0000"", ""product_id"": 67409574, ""updated_at"": ""2023-10-23T21:24:02+0000"", ""thumbnails_generated"": 2}, {""id"": 128418260, ""alt"": [], ""src"": ""https://acdn-us.mitiendanube.com/stores/001/034/705/products/spider-vanes-dourado1-9a6951bd684471a17316042822352693-1024-1024.jpg"", ""width"": 1024, ""height"": 1024, ""position"": 10, ""created_at"": ""2020-11-02T01:32:49+0000"", ""product_id"": 67409574, ""updated_at"": ""2023-10-23T21:24:02+0000"", ""thumbnails_generated"": 2}]",true,2026-03-19 04:01:23.273743+00,2026-03-19 04:01:23.185+00
67409873,1034705,"{""pt"": ""Pena Spider Vanes 1.8\"" Ultra White (Recurvo)""}","{""pt"":""spider-vanes-1-8-ultra-white-recurvo""}","[{""id"": 128423018, ""alt"": [], ""src"": ""https://acdn-us.mitiendanube.com/stores/001/034/705/products/spider-vanes-branco11-694da8718f9679642a16042825589287-1024-1024.jpg"", ""width"": 1024, ""height"": 1024, ""position"": 1, ""created_at"": ""2020-11-02T01:59:37+0000"", ""product_id"": 67409873, ""updated_at"": ""2021-04-14T19:10:42+0000"", ""thumbnails_generated"": 2}]",true,2026-03-19 04:01:23.756306+00,2026-03-19 04:01:23.666+00
67410507,1034705,"{""pt"": ""Pena Modelo 702, 1,5\"" - Ultra-Soft - Spider Vanes""}","{""pt"":""modelo-702-15-ultra-soft-spider-vanes""}","[{""id"": 128425170, ""alt"": [], ""src"": ""https://acdn-us.mitiendanube.com/stores/001/034/705/products/spider-vanes-7021-a1a7252f9ca070807816042831410068-1024-1024.jpg"", ""width"": 1024, ""height"": 1024, ""position"": 1, ""created_at"": ""2020-11-02T02:11:58+0000"", ""product_id"": 67410507, ""updated_at"": ""2021-04-14T19:16:18+0000"", ""thumbnails_generated"": 2}]",true,2026-03-19 04:01:24.239957+00,2026-03-19 04:01:24.156+00
67412156,1034705,"{""pt"": ""Pena Spider Vanes Invictus 2-1/8\"" (Composto)""}","{""pt"":""spider-vanes-invictus-2-1-8-composto""}","[{""id"": 128427745, ""alt"": [], ""src"": ""https://acdn-us.mitiendanube.com/stores/001/034/705/products/spider-vanes-invictus-ciano1-4bf67ae364d45c05bc16042841881388-1024-1024.jpg"", ""width"": 1024, ""height"": 1024, ""position"": 1, ""created_at"": ""2020-11-02T02:26:56+0000"", ""product_id"": 67412156, ""updated_at"": ""2021-08-01T21:53:30+0000"", ""thumbnails_generated"": 2}, {""id"": 128427741, ""alt"": [], ""src"": ""https://acdn-us.mitiendanube.com/stores/001/034/705/products/spider-vanes-invictus-azul1-c25d99e40dfcb3beb116042841882117-1024-1024.jpg"", ""width"": 1024, ""height"": 1024, ""position"": 2, ""created_at"": ""2020-11-02T02:26:54+0000"", ""product_id"": 67412156, ""updated_at"": ""2021-08-01T21:53:30+0000"", ""thumbnails_generated"": 2}, {""id"": 128427765, ""alt"": [], ""src"": ""https://acdn-us.mitiendanube.com/stores/001/034/705/products/spider-vanes-invictus-vermelho1-71dda66eb09768d50516042841883414-1024-1024.jpg"", ""width"": 1024, ""height"": 1024, ""position"": 3, ""created_at"": ""2020-11-02T02:27:01+0000"", ""product_id"": 67412156, ""updated_at"": ""2021-08-01T21:53:30+0000"", ""thumbnails_generated"": 2}, {""id"": 128427763, ""alt"": [], ""src"": ""https://acdn-us.mitiendanube.com/stores/001/034/705/products/spider-vanes-invictus-preto1-f132319e0b47b0fa2e16042841881715-1024-1024.jpg"", ""width"": 1024, ""height"": 1024, ""position"": 4, ""created_at"": ""2020-11-02T02:26:59+0000"", ""product_id"": 67412156, ""updated_at"": ""2021-08-01T21:53:30+0000"", ""thumbnails_generated"": 2}, {""id"": 128427757, ""alt"": [], ""src"": ""https://acdn-us.mitiendanube.com/stores/001/034/705/products/spider-vanes-invictus-dourado1-d59d2922c2cdbe28cb16042841883977-1024-1024.jpg"", ""width"": 1024, ""height"": 1024, ""position"": 5, ""created_at"": ""2020-11-02T02:26:58+0000"", ""product_id"": 67412156, ""updated_at"": ""2021-08-01T21:53:30+0000"", ""thumbnails_generated"": 2}]",true,2026-03-19 04:01:24.727913+00,2026-03-19 04:01:24.646+00
67665877,1034705,"{""pt"": ""Arco Recurvo Escola (Madeira) - Jandao""}","{""pt"":""arco-recurvo-escola-madeira-jandao""}","[{""id"": 539522956, ""alt"": [], ""src"": ""https://acdn-us.mitiendanube.com/stores/001/034/705/products/051-0711ca46db2947f75716959287547294-1024-1024.png"", ""width"": 1024, ""height"": 1024, ""position"": 1, ""created_at"": ""2023-09-28T19:18:02+0000"", ""product_id"": 67665877, ""updated_at"": ""2023-09-28T19:19:20+0000"", ""thumbnails_generated"": 2}, {""id"": 539522906, ""alt"": [], ""src"": ""https://acdn-us.mitiendanube.com/stores/001/034/705/products/041-4c380c3f5fe30da6ea16959287547068-1024-1024.png"", ""width"": 1024, ""height"": 1024, ""position"": 2, ""created_at"": ""2023-09-28T19:17:58+0000"", ""product_id"": 67665877, ""updated_at"": ""2023-09-28T19:19:20+0000"", ""thumbnails_generated"": 2}, {""id"": 539522861, ""alt"": [], ""src"": ""https://acdn-us.mitiendanube.com/stores/001/034/705/products/031-c227acc793bf0e2e3d16959287546771-1024-1024.png"", ""width"": 1024, ""height"": 1024, ""position"": 3, ""created_at"": ""2023-09-28T19:17:55+0000"", ""product_id"": 67665877, ""updated_at"": ""2023-09-28T19:19:19+0000"", ""thumbnails_generated"": 2}, {""id"": 539523004, ""alt"": [], ""src"": ""https://acdn-us.mitiendanube.com/stores/001/034/705/products/061-3d1efe20668058441716959287548687-1024-1024.png"", ""width"": 1024, ""height"": 1024, ""position"": 4, ""created_at"": ""2023-09-28T19:18:07+0000"", ""product_id"": 67665877, ""updated_at"": ""2023-09-28T19:19:22+0000"", ""thumbnails_generated"": 2}, {""id"": 539522749, ""alt"": [], ""src"": ""https://acdn-us.mitiendanube.com/stores/001/034/705/products/011-856e8f37a70bcc166316959287548885-1024-1024.png"", ""width"": 1024, ""height"": 1024, ""position"": 5, ""created_at"": ""2023-09-28T19:17:47+0000"", ""product_id"": 67665877, ""updated_at"": ""2023-09-28T19:19:22+0000"", ""thumbnails_generated"": 2}, {""id"": 539522808, ""alt"": [], ""src"": ""https://acdn-us.mitiendanube.com/stores/001/034/705/products/021-94570b5df7024a1fee16959287548390-1024-1024.png"", ""width"": 1024, ""height"": 1024, ""position"": 6, ""created_at"": ""2023-09-28T19:17:52+0000"", ""product_id"": 67665877, ""updated_at"": ""2023-09-28T19:19:21+0000"", ""thumbnails_generated"": 2}]",true,2026-03-19 04:01:25.207544+00,2026-03-19 04:01:25.119+00
67680336,1034705,"{""pt"": ""Kit Arco Recurvo Escola de Madeira Jandao (Infantil)""}","{""pt"":""kit-arco-recurvo-escola-de-madeira-jandao-infantil""}","[{""id"": 539524294, ""alt"": [], ""src"": ""https://acdn-us.mitiendanube.com/stores/001/034/705/products/0111-d6093bf5b4772ab27116959288707785-1024-1024.png"", ""width"": 1024, ""height"": 1024, ""position"": 1, ""created_at"": ""2023-09-28T19:20:03+0000"", ""product_id"": 67680336, ""updated_at"": ""2023-09-28T19:21:17+0000"", ""thumbnails_generated"": 2}, {""id"": 539524346, ""alt"": [], ""src"": ""https://acdn-us.mitiendanube.com/stores/001/034/705/products/0211-7cac804608a8328cfa16959288708871-1024-1024.png"", ""width"": 1024, ""height"": 1024, ""position"": 2, ""created_at"": ""2023-09-28T19:20:07+0000"", ""product_id"": 67680336, ""updated_at"": ""2023-09-28T19:21:17+0000"", ""thumbnails_generated"": 2}, {""id"": 539524555, ""alt"": [], ""src"": ""https://acdn-us.mitiendanube.com/stores/001/034/705/products/0611-5c57c78c7461beba6916959288709451-1024-1024.png"", ""width"": 1024, ""height"": 1024, ""position"": 3, ""created_at"": ""2023-09-28T19:20:22+0000"", ""product_id"": 67680336, ""updated_at"": ""2023-09-28T19:21:18+0000"", ""thumbnails_generated"": 2}, {""id"": 539524445, ""alt"": [], ""src"": ""https://acdn-us.mitiendanube.com/stores/001/034/705/products/0411-0c97edf43f22678c1e16959288706833-1024-1024.png"", ""width"": 1024, ""height"": 1024, ""position"": 4, ""created_at"": ""2023-09-28T19:20:14+0000"", ""product_id"": 67680336, ""updated_at"": ""2023-09-28T19:21:16+0000"", ""thumbnails_generated"": 2}, {""id"": 539524404, ""alt"": [], ""src"": ""https://acdn-us.mitiendanube.com/stores/001/034/705/products/0311-855194616555f2091a16959288706434-1024-1024.png"", ""width"": 1024, ""height"": 1024, ""position"": 5, ""created_at"": ""2023-09-28T19:20:11+0000"", ""product_id"": 67680336, ""updated_at"": ""2023-09-28T19:21:15+0000"", ""thumbnails_generated"": 2}, {""id"": 539524480, ""alt"": [], ""src"": ""https://acdn-us.mitiendanube.com/stores/001/034/705/products/0511-e5278c3e521336f46116959288709159-1024-1024.png"", ""width"": 1024, ""height"": 1024, ""position"": 6, ""created_at"": ""2023-09-28T19:20:17+0000"", ""product_id"": 67680336, ""updated_at"": ""2023-09-28T19:21:16+0000"", ""thumbnails_generated"": 2}]",true,2026-03-19 04:01:25.704072+00,2026-03-19 04:01:25.625+00
69077446,1034705,"{""pt"": ""Flechas Preminens ID 3.2- Skylon""}","{""pt"":""flecha-skylon-preminens-id-3-2""}","[{""id"": 131960110, ""alt"": [], ""src"": ""https://acdn-us.mitiendanube.com/stores/001/034/705/products/preminens1-d2126d5e6258115a9916058947507357-1024-1024.jpg"", ""width"": 1024, ""height"": 1024, ""position"": 1, ""created_at"": ""2020-11-20T17:40:35+0000"", ""product_id"": 69077446, ""updated_at"": ""2020-11-20T17:59:07+0000"", ""thumbnails_generated"": 2}, {""id"": 131960149, ""alt"": [], ""src"": ""https://acdn-us.mitiendanube.com/stores/001/034/705/products/pin-insert-dlx-id-3-21-7355f0b602d59592e016058947508263-1024-1024.jpg"", ""width"": 1024, ""height"": 1024, ""position"": 2, ""created_at"": ""2020-11-20T17:40:46+0000"", ""product_id"": 69077446, ""updated_at"": ""2020-11-20T17:59:07+0000"", ""thumbnails_generated"": 2}, {""id"": 131960122, ""alt"": [], ""src"": ""https://acdn-us.mitiendanube.com/stores/001/034/705/products/info-11-ef0415e624c752ed5916058947510859-1024-1024.jpg"", ""width"": 1024, ""height"": 1024, ""position"": 3, ""created_at"": ""2020-11-20T17:40:38+0000"", ""product_id"": 69077446, ""updated_at"": ""2020-11-20T17:59:07+0000"", ""thumbnails_generated"": 2}, {""id"": 131960101, ""alt"": [], ""src"": ""https://acdn-us.mitiendanube.com/stores/001/034/705/products/preminens-tabela1-13df4c83f1b87d304016058947517036-1024-1024.jpg"", ""width"": 1024, ""height"": 1024, ""position"": 4, ""created_at"": ""2020-11-20T17:40:32+0000"", ""product_id"": 69077446, ""updated_at"": ""2020-11-20T17:59:07+0000"", ""thumbnails_generated"": 2}]",true,2026-03-19 04:01:26.207638+00,2026-03-19 04:01:26.103+00
69078533,1034705,"{""pt"": ""Flechas Paragon ID 3.2- Skylon""}","{""pt"":""flechas-skylon-paragon-id-3-2""}","[{""id"": 131965388, ""alt"": [], ""src"": ""https://acdn-us.mitiendanube.com/stores/001/034/705/products/paragon-dcdf70804384bae6ca16058954466121-1024-1024.jpg"", ""width"": 1024, ""height"": 1024, ""position"": 1, ""created_at"": ""2020-11-20T17:59:39+0000"", ""product_id"": 69078533, ""updated_at"": ""2023-04-28T01:55:27+0000"", ""thumbnails_generated"": 2}, {""id"": 131965435, ""alt"": [], ""src"": ""https://acdn-us.mitiendanube.com/stores/001/034/705/products/pin-insert-dlx-id-3-21-7355f0b602d59592e016058954466745-1024-1024.jpg"", ""width"": 1024, ""height"": 1024, ""position"": 2, ""created_at"": ""2020-11-20T17:59:49+0000"", ""product_id"": 69078533, ""updated_at"": ""2023-04-28T01:55:27+0000"", ""thumbnails_generated"": 2}, {""id"": 131965478, ""alt"": [], ""src"": ""https://acdn-us.mitiendanube.com/stores/001/034/705/products/info-11-ef0415e624c752ed5916058954468048-1024-1024.jpg"", ""width"": 1024, ""height"": 1024, ""position"": 3, ""created_at"": ""2020-11-20T17:59:57+0000"", ""product_id"": 69078533, ""updated_at"": ""2023-04-28T01:55:27+0000"", ""thumbnails_generated"": 2}, {""id"": 131965409, ""alt"": [], ""src"": ""https://acdn-us.mitiendanube.com/stores/001/034/705/products/paragon-tabela1-6c01c71318e7b9658516058954469690-1024-1024.jpg"", ""width"": 1024, ""height"": 1024, ""position"": 4, ""created_at"": ""2020-11-20T17:59:44+0000"", ""product_id"": 69078533, ""updated_at"": ""2023-04-28T01:55:27+0000"", ""thumbnails_generated"": 2}]",true,2026-03-19 04:01:26.675939+00,2026-03-19 04:01:26.595+00
69079018,1034705,"{""pt"": ""Flechas Precium ID 3.2 - Skylon""}","{""pt"":""flechas-skylon-precium-id-3-2""}","[{""id"": 131966961, ""alt"": [], ""src"": ""https://acdn-us.mitiendanube.com/stores/001/034/705/products/precium1-1978b2e97a9beccad716058957515441-1024-1024.jpg"", ""width"": 1024, ""height"": 1024, ""position"": 1, ""created_at"": ""2020-11-20T18:05:19+0000"", ""product_id"": 69079018, ""updated_at"": ""2020-11-20T18:09:15+0000"", ""thumbnails_generated"": 2}, {""id"": 131966975, ""alt"": [], ""src"": ""https://acdn-us.mitiendanube.com/stores/001/034/705/products/pin-insert-id-3-21-ec66c16e89c7e02fe416058957515971-1024-1024.jpg"", ""width"": 1024, ""height"": 1024, ""position"": 2, ""created_at"": ""2020-11-20T18:05:22+0000"", ""product_id"": 69079018, ""updated_at"": ""2020-11-20T18:09:17+0000"", ""thumbnails_generated"": 2}, {""id"": 131966998, ""alt"": [], ""src"": ""https://acdn-us.mitiendanube.com/stores/001/034/705/products/info-121-ef0415e624c752ed5916058957517082-1024-1024.jpg"", ""width"": 1024, ""height"": 1024, ""position"": 3, ""created_at"": ""2020-11-20T18:05:26+0000"", ""product_id"": 69079018, ""updated_at"": ""2020-11-20T18:09:19+0000"", ""thumbnails_generated"": 2}, {""id"": 131966951, ""alt"": [], ""src"": ""https://acdn-us.mitiendanube.com/stores/001/034/705/products/precium-tabela1-b9c4d3ab51651ff4fe16058957517008-1024-1024.jpg"", ""width"": 1024, ""height"": 1024, ""position"": 4, ""created_at"": ""2020-11-20T18:05:16+0000"", ""product_id"": 69079018, ""updated_at"": ""2020-11-20T18:09:17+0000"", ""thumbnails_generated"": 2}]",true,2026-03-19 04:01:27.176054+00,2026-03-19 04:01:27.081+00
69079677,1034705,"{""pt"": ""Flechas Performa ID 3.2- Skylon""}","{""pt"":""flechas-skylon-performa-id-3-2""}","[{""id"": 131968838, ""alt"": [], ""src"": ""https://acdn-us.mitiendanube.com/stores/001/034/705/products/performa1-ff24ed5c4a8d744eaf16058961924571-1024-1024.jpg"", ""width"": 1024, ""height"": 1024, ""position"": 1, ""created_at"": ""2020-11-20T18:12:19+0000"", ""product_id"": 69079677, ""updated_at"": ""2020-11-20T18:16:37+0000"", ""thumbnails_generated"": 2}, {""id"": 131968931, ""alt"": [], ""src"": ""https://acdn-us.mitiendanube.com/stores/001/034/705/products/pin-insert-id-3-211-ec66c16e89c7e02fe416058961924356-1024-1024.jpg"", ""width"": 1024, ""height"": 1024, ""position"": 2, ""created_at"": ""2020-11-20T18:12:45+0000"", ""product_id"": 69079677, ""updated_at"": ""2020-11-20T18:16:37+0000"", ""thumbnails_generated"": 2}, {""id"": 131969066, ""alt"": [], ""src"": ""https://acdn-us.mitiendanube.com/stores/001/034/705/products/info-131-ef0415e624c752ed5916058961925261-1024-1024.jpg"", ""width"": 1024, ""height"": 1024, ""position"": 3, ""created_at"": ""2020-11-20T18:13:24+0000"", ""product_id"": 69079677, ""updated_at"": ""2020-11-20T18:16:38+0000"", ""thumbnails_generated"": 2}, {""id"": 131968856, ""alt"": [], ""src"": ""https://acdn-us.mitiendanube.com/stores/001/034/705/products/performa-tabela1-ab9845eb74d7298faf16058961926490-1024-1024.jpg"", ""width"": 1024, ""height"": 1024, ""position"": 4, ""created_at"": ""2020-11-20T18:12:24+0000"", ""product_id"": 69079677, ""updated_at"": ""2020-11-20T18:16:37+0000"", ""thumbnails_generated"": 2}]",true,2026-03-19 04:01:27.693671+00,2026-03-19 04:01:27.603+00
69080162,1034705,"{""pt"": ""Flechas Skylon (Tubo e pin) - Radius ID 4.2""}","{""pt"":""flechas-skylon-radius-id-4-2""}","[{""id"": 131970301, ""alt"": [], ""src"": ""https://acdn-us.mitiendanube.com/stores/001/034/705/products/radius-e263ec1a707fd39deb16058964994675-1024-1024.jpg"", ""width"": 1024, ""height"": 1024, ""position"": 1, ""created_at"": ""2020-11-20T18:18:25+0000"", ""product_id"": 69080162, ""updated_at"": ""2023-08-06T22:48:42+0000"", ""thumbnails_generated"": 2}, {""id"": 131970198, ""alt"": [], ""src"": ""https://acdn-us.mitiendanube.com/stores/001/034/705/products/info-2-8d2de83b6767b5cb5616058964995926-1024-1024.jpg"", ""width"": 1024, ""height"": 1024, ""position"": 2, ""created_at"": ""2020-11-20T18:18:00+0000"", ""product_id"": 69080162, ""updated_at"": ""2023-08-06T22:48:42+0000"", ""thumbnails_generated"": 2}, {""id"": 131970293, ""alt"": [], ""src"": ""https://acdn-us.mitiendanube.com/stores/001/034/705/products/radius-tabela-2f62d33929852afe0216058964997559-1024-1024.jpg"", ""width"": 1024, ""height"": 1024, ""position"": 3, ""created_at"": ""2020-11-20T18:18:23+0000"", ""product_id"": 69080162, ""updated_at"": ""2023-08-06T22:48:42+0000"", ""thumbnails_generated"": 2}]",true,2026-03-19 04:01:28.159903+00,2026-03-19 04:01:28.077+00
69080613,1034705,"{""pt"": ""Flechas Skylon - Bruxx 23 ID 8.0""}","{""pt"":""flechas-skylon-bruxx-23-id-8-0""}","[{""id"": 131971358, ""alt"": [], ""src"": ""https://acdn-us.mitiendanube.com/stores/001/034/705/products/bruxx1-78b8a9301290459b4c16058968070200-1024-1024.jpg"", ""width"": 1024, ""height"": 1024, ""position"": 1, ""created_at"": ""2020-11-20T18:23:05+0000"", ""product_id"": 69080613, ""updated_at"": ""2020-11-20T18:26:52+0000"", ""thumbnails_generated"": 2}, {""id"": 131971372, ""alt"": [], ""src"": ""https://acdn-us.mitiendanube.com/stores/001/034/705/products/pin-insert-8-01-fdc2b06bc22e04860516058968069176-1024-1024.jpg"", ""width"": 1024, ""height"": 1024, ""position"": 2, ""created_at"": ""2020-11-20T18:23:09+0000"", ""product_id"": 69080613, ""updated_at"": ""2020-11-20T18:26:51+0000"", ""thumbnails_generated"": 2}, {""id"": 131971403, ""alt"": [], ""src"": ""https://acdn-us.mitiendanube.com/stores/001/034/705/products/info-31-41e5b1d751226e23d716058968070907-1024-1024.jpg"", ""width"": 1024, ""height"": 1024, ""position"": 3, ""created_at"": ""2020-11-20T18:23:15+0000"", ""product_id"": 69080613, ""updated_at"": ""2020-11-20T18:26:52+0000"", ""thumbnails_generated"": 2}, {""id"": 131971349, ""alt"": [], ""src"": ""https://acdn-us.mitiendanube.com/stores/001/034/705/products/bruxx-tabela1-f1ea24bfc12776373e16058968073538-1024-1024.jpg"", ""width"": 1024, ""height"": 1024, ""position"": 4, ""created_at"": ""2020-11-20T18:23:02+0000"", ""product_id"": 69080613, ""updated_at"": ""2020-11-20T18:26:52+0000"", ""thumbnails_generated"": 2}]",true,2026-03-19 04:01:28.652866+00,2026-03-19 04:01:28.565+00
69081783,1034705,"{""pt"": ""Skylon - Pin Nock DLX ID 3.2 (24un)""}","{""pt"":""skylon-pin-nock-dlx-id-3-2-24un""}","[{""id"": 131974711, ""alt"": [], ""src"": ""https://acdn-us.mitiendanube.com/stores/001/034/705/products/pin-insert-dlx-id-3-221-7355f0b602d59592e016058975170746-1024-1024.jpg"", ""width"": 1024, ""height"": 1024, ""position"": 1, ""created_at"": ""2020-11-20T18:36:00+0000"", ""product_id"": 69081783, ""updated_at"": ""2023-02-12T16:06:29+0000"", ""thumbnails_generated"": 2}]",true,2026-03-19 04:01:29.148913+00,2026-03-19 04:01:29.06+00
69082159,1034705,"{""pt"": ""Skylon - Pin Nock ID 3.2""}","{""pt"":""skylon-pin-nock-id-3-2""}","[{""id"": 131975646, ""alt"": [], ""src"": ""https://acdn-us.mitiendanube.com/stores/001/034/705/products/pin-insert-id-3-221-ec66c16e89c7e02fe416058977845508-1024-1024.jpg"", ""width"": 1024, ""height"": 1024, ""position"": 1, ""created_at"": ""2020-11-20T18:39:52+0000"", ""product_id"": 69082159, ""updated_at"": ""2021-10-22T16:38:10+0000"", ""thumbnails_generated"": 2}]",true,2026-03-19 04:01:29.628972+00,2026-03-19 04:01:29.549+00
69082873,1034705,"{""pt"": ""Skylon - Pin Nock ID 8.0""}","{""pt"":""skylon-pin-nock-id-8-0""}","[{""id"": 131976905, ""alt"": [], ""src"": ""https://acdn-us.mitiendanube.com/stores/001/034/705/products/pin-insert-8-011-fdc2b06bc22e04860516058980676474-1024-1024.jpg"", ""width"": 1024, ""height"": 1024, ""position"": 1, ""created_at"": ""2020-11-20T18:44:26+0000"", ""product_id"": 69082873, ""updated_at"": ""2020-11-20T18:47:52+0000"", ""thumbnails_generated"": 2}]",true,2026-03-19 04:01:30.121073+00,2026-03-19 04:01:30.029+00
69083822,1034705,"{""pt"": ""Skylon - Pontas de aço ID 3.2""}","{""pt"":""skylon-pontas-de-aco-id-3-2""}","[{""id"": 131978111, ""alt"": [], ""src"": ""https://acdn-us.mitiendanube.com/stores/001/034/705/products/parallel-point-3-21-c2888552d900b31b6a16058987228565-1024-1024.jpg"", ""width"": 1024, ""height"": 1024, ""position"": 1, ""created_at"": ""2020-11-20T18:48:59+0000"", ""product_id"": 69083822, ""updated_at"": ""2021-08-01T20:56:47+0000"", ""thumbnails_generated"": 2}]",true,2026-03-19 04:01:30.607838+00,2026-03-19 04:01:30.52+00
69085058,1034705,"{""pt"": ""Skylon - Pontas de Tungstênio ID 3.2""}","{""pt"":""skylon-pontas-de-tungstenio-id-3-2""}","[{""id"": 131982125, ""alt"": [], ""src"": ""https://acdn-us.mitiendanube.com/stores/001/034/705/products/tungsten-id-3-21-bb0d0f8041b27f11dc16058995207377-1024-1024.jpg"", ""width"": 1024, ""height"": 1024, ""position"": 1, ""created_at"": ""2020-11-20T19:03:03+0000"", ""product_id"": 69085058, ""updated_at"": ""2021-08-01T20:56:16+0000"", ""thumbnails_generated"": 2}, {""id"": 131982330, ""alt"": [], ""src"": ""https://acdn-us.mitiendanube.com/stores/001/034/705/products/caixa1-84a056c39ae7f0676316058995208789-1024-1024.jpg"", ""width"": 1024, ""height"": 1024, ""position"": 2, ""created_at"": ""2020-11-20T19:03:56+0000"", ""product_id"": 69085058, ""updated_at"": ""2021-08-01T20:56:16+0000"", ""thumbnails_generated"": 2}]",true,2026-03-19 04:01:31.08791+00,2026-03-19 04:01:31.005+00
69179215,1034705,"{""pt"": ""Colar 3,2""}","{""pt"":""colar-32""}","[{""id"": 132175115, ""alt"": [], ""src"": ""https://acdn-us.mitiendanube.com/stores/001/034/705/products/collar-3-21-e428f7ab33b68599c216060044795057-1024-1024.jpg"", ""width"": 1024, ""height"": 1024, ""position"": 1, ""created_at"": ""2020-11-21T23:25:22+0000"", ""product_id"": 69179215, ""updated_at"": ""2023-02-12T16:09:33+0000"", ""thumbnails_generated"": 2}]",true,2026-03-19 04:01:31.562585+00,2026-03-19 04:01:31.473+00
69180307,1034705,"{""pt"": ""Skylon - Pontas de aço ID 4.2 (Radius)""}","{""pt"":""skylon-pontas-de-aco-id-4-2""}","[{""id"": 132180565, ""alt"": [], ""src"": ""https://acdn-us.mitiendanube.com/stores/001/034/705/products/parallel-point-4-21-8e126586b64de9c0f916060069318740-1024-1024.jpg"", ""width"": 1024, ""height"": 1024, ""position"": 1, ""created_at"": ""2020-11-22T00:22:36+0000"", ""product_id"": 69180307, ""updated_at"": ""2023-08-06T23:33:44+0000"", ""thumbnails_generated"": 2}]",true,2026-03-19 04:01:32.040621+00,2026-03-19 04:01:31.956+00
69181026,1034705,"{""pt"": ""Skylon - Ponta de aço ID 8.0""}","{""pt"":""skylon-ponta-de-aco-id-8-0""}","[{""id"": 132185297, ""alt"": [], ""src"": ""https://acdn-us.mitiendanube.com/stores/001/034/705/products/parallel-point-8-01-e4970a0fff99610c1d16060083654254-1024-1024.jpg"", ""width"": 1024, ""height"": 1024, ""position"": 1, ""created_at"": ""2020-11-22T01:19:20+0000"", ""product_id"": 69181026, ""updated_at"": ""2021-08-01T20:56:55+0000"", ""thumbnails_generated"": 2}]",true,2026-03-19 04:01:32.518925+00,2026-03-19 04:01:32.437+00
69182617,1034705,"{""pt"": ""Sanlida - Damper de Lâmina X10""}","{""pt"":""sanlida-damper-de-lamina-x10""}","[{""id"": 164183605, ""alt"": [], ""src"": ""https://acdn-us.mitiendanube.com/stores/001/034/705/products/x10-limb-damper1-7e74332e8af3bf56ea16182338211557-1024-1024.jpg"", ""width"": 800, ""height"": 800, ""position"": 1, ""created_at"": ""2021-04-12T13:23:03+0000"", ""product_id"": 69182617, ""updated_at"": ""2021-04-12T17:47:22+0000"", ""thumbnails_generated"": 2}]",true,2026-03-19 04:01:32.992013+00,2026-03-19 04:01:32.912+00
69182977,1034705,"{""pt"": ""Avalon (Serve para Skylon) - Pin Nock ID 4.2""}","{""pt"":""avalon-serve-para-skylon-pin-nock-id-4-2""}","[{""id"": 132191516, ""alt"": [], ""src"": ""https://acdn-us.mitiendanube.com/stores/001/034/705/products/pin-insert-id-3-231-ec66c16e89c7e02fe416060130571674-1024-1024.jpg"", ""width"": 1024, ""height"": 1024, ""position"": 1, ""created_at"": ""2020-11-22T02:40:26+0000"", ""product_id"": 69182977, ""updated_at"": ""2023-08-06T23:32:21+0000"", ""thumbnails_generated"": 2}]",true,2026-03-19 04:01:33.493399+00,2026-03-19 04:01:33.4+00
82210389,1034705,"{""pt"": ""Flechas Avalon Hybrid""}","{""pt"":""flechas-avalon-hybrid""}","[{""id"": 162354242, ""alt"": [], ""src"": ""https://acdn-us.mitiendanube.com/stores/001/034/705/products/flecha-hybrid-montada1-9cf8e3d822fb57bcb616176697341090-1024-1024.jpg"", ""width"": 1024, ""height"": 1024, ""position"": 1, ""created_at"": ""2021-04-06T00:36:44+0000"", ""product_id"": 82210389, ""updated_at"": ""2022-01-17T15:45:52+0000"", ""thumbnails_generated"": 2}]",true,2026-03-19 04:01:34.004489+00,2026-03-19 04:01:33.89+00
82210392,1034705,"{""pt"": ""Flechas Skylon - Radius ID 4.2 (Montada)""}","{""pt"":""flechas-skylon-radius-id-4-2-montada""}","[{""id"": 162356881, ""alt"": [], ""src"": ""https://acdn-us.mitiendanube.com/stores/001/034/705/products/radius1-cb260a8dc9138b8c0316176705307441-1024-1024.jpg"", ""width"": 1024, ""height"": 1024, ""position"": 1, ""created_at"": ""2021-04-06T00:52:12+0000"", ""product_id"": 82210392, ""updated_at"": ""2021-08-03T22:24:52+0000"", ""thumbnails_generated"": 2}]",true,2026-03-19 04:01:34.469322+00,2026-03-19 04:01:34.388+00
82210393,1034705,"{""pt"": ""Flechas Avalon Tyro (Montada)""}","{""pt"":""flechas-avalon-tyro-montada""}","[{""id"": 162358103, ""alt"": [], ""src"": ""https://acdn-us.mitiendanube.com/stores/001/034/705/products/tyro1-f16f4fdc553d5f419216176713628883-1024-1024.jpg"", ""width"": 1024, ""height"": 1024, ""position"": 1, ""created_at"": ""2021-04-06T01:00:15+0000"", ""product_id"": 82210393, ""updated_at"": ""2023-04-28T00:59:25+0000"", ""thumbnails_generated"": 2}]",true,2026-03-19 04:01:35.020082+00,2026-03-19 04:01:34.892+00
82215762,1034705,"{""pt"": ""Flechas Skylon - Savage ID 6.2 (Montada)""}","{""pt"":""flechas-skylon-savage-id-6-2-montada""}","[{""id"": 162364142, ""alt"": [], ""src"": ""https://acdn-us.mitiendanube.com/stores/001/034/705/products/savage11-5c1bfa289eeeed491516176727941764-1024-1024.jpg"", ""width"": 1024, ""height"": 1024, ""position"": 1, ""created_at"": ""2021-04-06T01:33:10+0000"", ""product_id"": 82215762, ""updated_at"": ""2021-04-06T01:33:21+0000"", ""thumbnails_generated"": 2}]",true,2026-03-19 04:01:35.508259+00,2026-03-19 04:01:35.416+00
82216513,1034705,"{""pt"": ""Pena Avalon 1.75\"" (100 un)""}","{""pt"":""pena-avalon-1-75-100-un""}","[{""id"": 162367329, ""alt"": [], ""src"": ""https://acdn-us.mitiendanube.com/stores/001/034/705/products/amarelo1-a2cb520749ffd7e33416176741275692-1024-1024.jpg"", ""width"": 1024, ""height"": 1024, ""position"": 1, ""created_at"": ""2021-04-06T01:54:58+0000"", ""product_id"": 82216513, ""updated_at"": ""2021-04-06T01:57:06+0000"", ""thumbnails_generated"": 2}, {""id"": 162367333, ""alt"": [], ""src"": ""https://acdn-us.mitiendanube.com/stores/001/034/705/products/azul1-e9d6a099a2e7ad669816176741276279-1024-1024.jpg"", ""width"": 1024, ""height"": 1024, ""position"": 2, ""created_at"": ""2021-04-06T01:55:00+0000"", ""product_id"": 82216513, ""updated_at"": ""2021-04-06T01:57:06+0000"", ""thumbnails_generated"": 2}, {""id"": 162367341, ""alt"": [], ""src"": ""https://acdn-us.mitiendanube.com/stores/001/034/705/products/branco1-30b96832d6716d700a16176741276330-1024-1024.jpg"", ""width"": 1024, ""height"": 1024, ""position"": 3, ""created_at"": ""2021-04-06T01:55:03+0000"", ""product_id"": 82216513, ""updated_at"": ""2021-04-06T01:57:06+0000"", ""thumbnails_generated"": 2}, {""id"": 162367342, ""alt"": [], ""src"": ""https://acdn-us.mitiendanube.com/stores/001/034/705/products/preto1-634bf83404ebb0f37316176741276936-1024-1024.jpg"", ""width"": 1024, ""height"": 1024, ""position"": 4, ""created_at"": ""2021-04-06T01:55:05+0000"", ""product_id"": 82216513, ""updated_at"": ""2021-04-06T01:57:06+0000"", ""thumbnails_generated"": 2}, {""id"": 162367349, ""alt"": [], ""src"": ""https://acdn-us.mitiendanube.com/stores/001/034/705/products/rosa1-8b9fce3710923a8bd316176741276631-1024-1024.jpg"", ""width"": 1024, ""height"": 1024, ""position"": 5, ""created_at"": ""2021-04-06T01:55:07+0000"", ""product_id"": 82216513, ""updated_at"": ""2021-04-06T01:57:06+0000"", ""thumbnails_generated"": 2}, {""id"": 162367359, ""alt"": [], ""src"": ""https://acdn-us.mitiendanube.com/stores/001/034/705/products/roxo1-bd21a8c4ca658c257916176741276385-1024-1024.jpg"", ""width"": 1024, ""height"": 1024, ""position"": 6, ""created_at"": ""2021-04-06T01:55:09+0000"", ""product_id"": 82216513, ""updated_at"": ""2021-04-06T01:57:06+0000"", ""thumbnails_generated"": 2}, {""id"": 162367366, ""alt"": [], ""src"": ""https://acdn-us.mitiendanube.com/stores/001/034/705/products/verde1-d8c931dbee24a2b8d416176741277259-1024-1024.jpg"", ""width"": 1024, ""height"": 1024, ""position"": 7, ""created_at"": ""2021-04-06T01:55:12+0000"", ""product_id"": 82216513, ""updated_at"": ""2021-04-06T01:57:06+0000"", ""thumbnails_generated"": 2}, {""id"": 162367376, ""alt"": [], ""src"": ""https://acdn-us.mitiendanube.com/stores/001/034/705/products/vermelho1-3dff022446e094181116176741278131-1024-1024.jpg"", ""width"": 1024, ""height"": 1024, ""position"": 8, ""created_at"": ""2021-04-06T01:55:14+0000"", ""product_id"": 82216513, ""updated_at"": ""2021-04-06T01:57:06+0000"", ""thumbnails_generated"": 2}]",false,2026-03-19 04:01:36.021099+00,2026-03-19 04:01:35.9+00
82371458,1034705,"{""pt"": ""Guarda-Chuva Target - Avalon""}","{""pt"":""guarda-chuva-alvo-avalon""}","[{""id"": 162781703, ""alt"": [], ""src"": ""https://acdn-us.mitiendanube.com/stores/001/034/705/products/umbrella1-a29a34e0b371578c9816178007261413-1024-1024.jpg"", ""width"": 1024, ""height"": 1024, ""position"": 1, ""created_at"": ""2021-04-07T13:02:26+0000"", ""product_id"": 82371458, ""updated_at"": ""2021-04-18T20:11:54+0000"", ""thumbnails_generated"": 2}]",true,2026-03-19 04:01:36.55069+00,2026-03-19 04:01:36.456+00
82371460,1034705,"{""pt"": ""Damper 1/4 - Avalon""}","{""pt"":""damper-1-4-avalon""}","[{""id"": 162737926, ""alt"": [], ""src"": ""https://acdn-us.mitiendanube.com/stores/001/034/705/products/damper-1-4-rosa1-2669a015c6a883bc4416177651326198-1024-1024.jpg"", ""width"": 1024, ""height"": 1024, ""position"": 1, ""created_at"": ""2021-04-07T03:09:10+0000"", ""product_id"": 82371460, ""updated_at"": ""2021-05-07T21:18:47+0000"", ""thumbnails_generated"": 2}, {""id"": 162737932, ""alt"": [], ""src"": ""https://acdn-us.mitiendanube.com/stores/001/034/705/products/damper-1-4-vermelho1-7e939b4eff159f27fa16177651324560-1024-1024.jpg"", ""width"": 1024, ""height"": 1024, ""position"": 2, ""created_at"": ""2021-04-07T03:09:12+0000"", ""product_id"": 82371460, ""updated_at"": ""2021-05-07T21:18:47+0000"", ""thumbnails_generated"": 2}]",true,2026-03-19 04:01:37.036094+00,2026-03-19 04:01:36.939+00
82371461,1034705,"{""pt"": ""Damper S-Long - WNS""}","{""pt"":""damper-s-long-wns""}","[{""id"": 162740038, ""alt"": [], ""src"": ""https://acdn-us.mitiendanube.com/stores/001/034/705/products/damper-wns-preto1-ceff12a70c8de051b616177658078800-1024-1024.jpg"", ""width"": 1024, ""height"": 1024, ""position"": 1, ""created_at"": ""2021-04-07T03:21:39+0000"", ""product_id"": 82371461, ""updated_at"": ""2021-05-07T21:18:55+0000"", ""thumbnails_generated"": 2}, {""id"": 162740024, ""alt"": [], ""src"": ""https://acdn-us.mitiendanube.com/stores/001/034/705/products/damper-wns-azul1-fcc3f90e7c79533e7016177658080746-1024-1024.jpg"", ""width"": 1024, ""height"": 1024, ""position"": 2, ""created_at"": ""2021-04-07T03:21:35+0000"", ""product_id"": 82371461, ""updated_at"": ""2021-05-07T21:18:55+0000"", ""thumbnails_generated"": 2}, {""id"": 162740034, ""alt"": [], ""src"": ""https://acdn-us.mitiendanube.com/stores/001/034/705/products/damper-wns-laranja1-a4410e5f506129a1b216177658081880-1024-1024.jpg"", ""width"": 1024, ""height"": 1024, ""position"": 3, ""created_at"": ""2021-04-07T03:21:37+0000"", ""product_id"": 82371461, ""updated_at"": ""2021-05-07T21:18:55+0000"", ""thumbnails_generated"": 2}, {""id"": 162740047, ""alt"": [], ""src"": ""https://acdn-us.mitiendanube.com/stores/001/034/705/products/damper-wns-vermelho1-7cec2312675b4131df16177658081977-1024-1024.jpg"", ""width"": 1024, ""height"": 1024, ""position"": 4, ""created_at"": ""2021-04-07T03:21:40+0000"", ""product_id"": 82371461, ""updated_at"": ""2021-05-07T21:18:55+0000"", ""thumbnails_generated"": 2}]",true,2026-03-19 04:01:37.533653+00,2026-03-19 04:01:37.435+00
82371463,1034705,"{""pt"": ""Dedeira em Couro - Buck Trail""}","{""pt"":""dedeira-buck-trail""}","[{""id"": 162741944, ""alt"": [], ""src"": ""https://acdn-us.mitiendanube.com/stores/001/034/705/products/dedeira-buck-trail-11-b6751c07a3492d72c716177664934978-1024-1024.jpg"", ""width"": 1024, ""height"": 1024, ""position"": 1, ""created_at"": ""2021-04-07T03:34:04+0000"", ""product_id"": 82371463, ""updated_at"": ""2022-10-16T23:47:19+0000"", ""thumbnails_generated"": 2}, {""id"": 162741954, ""alt"": [], ""src"": ""https://acdn-us.mitiendanube.com/stores/001/034/705/products/dedeira-buck-trail-21-8114cced4b13123fe916177664934836-1024-1024.jpg"", ""width"": 1024, ""height"": 1024, ""position"": 2, ""created_at"": ""2021-04-07T03:34:06+0000"", ""product_id"": 82371463, ""updated_at"": ""2022-10-16T23:47:19+0000"", ""thumbnails_generated"": 2}]",true,2026-03-19 04:01:38.012613+00,2026-03-19 04:01:37.92+00